index,sn_xinvpa0,sp_xinvpa0,sn_nand2,sp_nand2,sn_nor3,sp_nor3,sn_buffer_0,sp_buffer_0,sn_buffer_1,sp_buffer_1,sn_buffer_2,sp_buffer_2,sn_buffer_3,sp_buffer_3,sn_buffer_4,sp_buffer_4,tplh,tphl,tp,temper,alter#
1,1.0,1.0,2.0,1.0,1.0,3.0,1.0,1.0,1.0,1.0,6.0,6.0,22.0,22.0,71.0,71.0,6.091e-11,5.192e-11,5.641e-11,25.0,1
2,1.0,1.0,2.0,1.0,1.0,3.0,1.0,1.0,1.0,1.0,6.0,6.0,22.0,22.0,75.0,75.0,6.094e-11,5.2e-11,5.647e-11,25.0,1
3,1.0,1.0,2.0,1.0,1.0,3.0,1.0,1.0,1.0,1.0,6.0,6.0,22.0,22.0,79.0,79.0,6.1e-11,5.209e-11,5.654e-11,25.0,1
4,1.0,1.0,2.0,1.0,1.0,3.0,1.0,1.0,1.0,1.0,6.0,6.0,24.0,24.0,71.0,71.0,6.105e-11,5.201e-11,5.653e-11,25.0,1
5,1.0,1.0,2.0,1.0,1.0,3.0,1.0,1.0,1.0,1.0,6.0,6.0,24.0,24.0,75.0,75.0,6.107e-11,5.207e-11,5.657e-11,25.0,1
6,1.0,1.0,2.0,1.0,1.0,3.0,1.0,1.0,1.0,1.0,6.0,6.0,24.0,24.0,79.0,79.0,6.112e-11,5.215e-11,5.663e-11,25.0,1
7,1.0,1.0,2.0,1.0,1.0,3.0,1.0,1.0,1.0,1.0,6.0,6.0,26.0,26.0,71.0,71.0,6.124e-11,5.214e-11,5.669e-11,25.0,1
8,1.0,1.0,2.0,1.0,1.0,3.0,1.0,1.0,1.0,1.0,6.0,6.0,26.0,26.0,75.0,75.0,6.125e-11,5.219e-11,5.672e-11,25.0,1
9,1.0,1.0,2.0,1.0,1.0,3.0,1.0,1.0,1.0,1.0,6.0,6.0,26.0,26.0,79.0,79.0,6.128e-11,5.226e-11,5.677e-11,25.0,1
10,1.0,1.0,2.0,1.0,1.0,3.0,1.0,1.0,1.0,1.0,7.0,7.0,22.0,22.0,71.0,71.0,6.136e-11,5.258e-11,5.697e-11,25.0,1
11,1.0,1.0,2.0,1.0,1.0,3.0,1.0,1.0,1.0,1.0,7.0,7.0,22.0,22.0,75.0,75.0,6.139e-11,5.267e-11,5.703e-11,25.0,1
12,1.0,1.0,2.0,1.0,1.0,3.0,1.0,1.0,1.0,1.0,7.0,7.0,22.0,22.0,79.0,79.0,6.144e-11,5.275e-11,5.71e-11,25.0,1
13,1.0,1.0,2.0,1.0,1.0,3.0,1.0,1.0,1.0,1.0,7.0,7.0,24.0,24.0,71.0,71.0,6.144e-11,5.262e-11,5.703e-11,25.0,1
14,1.0,1.0,2.0,1.0,1.0,3.0,1.0,1.0,1.0,1.0,7.0,7.0,24.0,24.0,75.0,75.0,6.147e-11,5.268e-11,5.708e-11,25.0,1
15,1.0,1.0,2.0,1.0,1.0,3.0,1.0,1.0,1.0,1.0,7.0,7.0,24.0,24.0,79.0,79.0,6.151e-11,5.276e-11,5.713e-11,25.0,1
16,1.0,1.0,2.0,1.0,1.0,3.0,1.0,1.0,1.0,1.0,7.0,7.0,26.0,26.0,71.0,71.0,6.158e-11,5.271e-11,5.715e-11,25.0,1
17,1.0,1.0,2.0,1.0,1.0,3.0,1.0,1.0,1.0,1.0,7.0,7.0,26.0,26.0,75.0,75.0,6.159e-11,5.275e-11,5.717e-11,25.0,1
18,1.0,1.0,2.0,1.0,1.0,3.0,1.0,1.0,1.0,1.0,7.0,7.0,26.0,26.0,79.0,79.0,6.161e-11,5.282e-11,5.722e-11,25.0,1
19,1.0,1.0,2.0,1.0,1.0,3.0,1.0,1.0,1.0,1.0,8.0,8.0,22.0,22.0,71.0,71.0,6.198e-11,5.34e-11,5.769e-11,25.0,1
20,1.0,1.0,2.0,1.0,1.0,3.0,1.0,1.0,1.0,1.0,8.0,8.0,22.0,22.0,75.0,75.0,6.201e-11,5.348e-11,5.775e-11,25.0,1
21,1.0,1.0,2.0,1.0,1.0,3.0,1.0,1.0,1.0,1.0,8.0,8.0,22.0,22.0,79.0,79.0,6.207e-11,5.357e-11,5.782e-11,25.0,1
22,1.0,1.0,2.0,1.0,1.0,3.0,1.0,1.0,1.0,1.0,8.0,8.0,24.0,24.0,71.0,71.0,6.203e-11,5.341e-11,5.772e-11,25.0,1
23,1.0,1.0,2.0,1.0,1.0,3.0,1.0,1.0,1.0,1.0,8.0,8.0,24.0,24.0,75.0,75.0,6.205e-11,5.346e-11,5.775e-11,25.0,1
24,1.0,1.0,2.0,1.0,1.0,3.0,1.0,1.0,1.0,1.0,8.0,8.0,24.0,24.0,79.0,79.0,6.208e-11,5.354e-11,5.781e-11,25.0,1
25,1.0,1.0,2.0,1.0,1.0,3.0,1.0,1.0,1.0,1.0,8.0,8.0,26.0,26.0,71.0,71.0,6.212e-11,5.346e-11,5.779e-11,25.0,1
26,1.0,1.0,2.0,1.0,1.0,3.0,1.0,1.0,1.0,1.0,8.0,8.0,26.0,26.0,75.0,75.0,6.212e-11,5.35e-11,5.781e-11,25.0,1
27,1.0,1.0,2.0,1.0,1.0,3.0,1.0,1.0,1.0,1.0,8.0,8.0,26.0,26.0,79.0,79.0,6.214e-11,5.356e-11,5.785e-11,25.0,1
28,1.0,1.0,2.0,1.0,1.0,3.0,1.0,1.0,2.0,2.0,6.0,6.0,22.0,22.0,71.0,71.0,5.86e-11,4.908e-11,5.384e-11,25.0,1
29,1.0,1.0,2.0,1.0,1.0,3.0,1.0,1.0,2.0,2.0,6.0,6.0,22.0,22.0,75.0,75.0,5.864e-11,4.917e-11,5.39e-11,25.0,1
30,1.0,1.0,2.0,1.0,1.0,3.0,1.0,1.0,2.0,2.0,6.0,6.0,22.0,22.0,79.0,79.0,5.869e-11,4.926e-11,5.398e-11,25.0,1
31,1.0,1.0,2.0,1.0,1.0,3.0,1.0,1.0,2.0,2.0,6.0,6.0,24.0,24.0,71.0,71.0,5.872e-11,4.913e-11,5.393e-11,25.0,1
32,1.0,1.0,2.0,1.0,1.0,3.0,1.0,1.0,2.0,2.0,6.0,6.0,24.0,24.0,75.0,75.0,5.874e-11,4.92e-11,5.397e-11,25.0,1
33,1.0,1.0,2.0,1.0,1.0,3.0,1.0,1.0,2.0,2.0,6.0,6.0,24.0,24.0,79.0,79.0,5.879e-11,4.928e-11,5.403e-11,25.0,1
34,1.0,1.0,2.0,1.0,1.0,3.0,1.0,1.0,2.0,2.0,6.0,6.0,26.0,26.0,71.0,71.0,5.889e-11,4.924e-11,5.407e-11,25.0,1
35,1.0,1.0,2.0,1.0,1.0,3.0,1.0,1.0,2.0,2.0,6.0,6.0,26.0,26.0,75.0,75.0,5.89e-11,4.929e-11,5.409e-11,25.0,1
36,1.0,1.0,2.0,1.0,1.0,3.0,1.0,1.0,2.0,2.0,6.0,6.0,26.0,26.0,79.0,79.0,5.893e-11,4.936e-11,5.414e-11,25.0,1
37,1.0,1.0,2.0,1.0,1.0,3.0,1.0,1.0,2.0,2.0,7.0,7.0,22.0,22.0,71.0,71.0,5.848e-11,4.911e-11,5.38e-11,25.0,1
38,1.0,1.0,2.0,1.0,1.0,3.0,1.0,1.0,2.0,2.0,7.0,7.0,22.0,22.0,75.0,75.0,5.851e-11,4.919e-11,5.385e-11,25.0,1
39,1.0,1.0,2.0,1.0,1.0,3.0,1.0,1.0,2.0,2.0,7.0,7.0,22.0,22.0,79.0,79.0,5.857e-11,4.929e-11,5.393e-11,25.0,1
40,1.0,1.0,2.0,1.0,1.0,3.0,1.0,1.0,2.0,2.0,7.0,7.0,24.0,24.0,71.0,71.0,5.853e-11,4.912e-11,5.383e-11,25.0,1
41,1.0,1.0,2.0,1.0,1.0,3.0,1.0,1.0,2.0,2.0,7.0,7.0,24.0,24.0,75.0,75.0,5.857e-11,4.918e-11,5.387e-11,25.0,1
42,1.0,1.0,2.0,1.0,1.0,3.0,1.0,1.0,2.0,2.0,7.0,7.0,24.0,24.0,79.0,79.0,5.861e-11,4.926e-11,5.393e-11,25.0,1
43,1.0,1.0,2.0,1.0,1.0,3.0,1.0,1.0,2.0,2.0,7.0,7.0,26.0,26.0,71.0,71.0,5.865e-11,4.917e-11,5.391e-11,25.0,1
44,1.0,1.0,2.0,1.0,1.0,3.0,1.0,1.0,2.0,2.0,7.0,7.0,26.0,26.0,75.0,75.0,5.867e-11,4.922e-11,5.394e-11,25.0,1
45,1.0,1.0,2.0,1.0,1.0,3.0,1.0,1.0,2.0,2.0,7.0,7.0,26.0,26.0,79.0,79.0,5.868e-11,4.929e-11,5.399e-11,25.0,1
46,1.0,1.0,2.0,1.0,1.0,3.0,1.0,1.0,2.0,2.0,8.0,8.0,22.0,22.0,71.0,71.0,5.853e-11,4.929e-11,5.391e-11,25.0,1
47,1.0,1.0,2.0,1.0,1.0,3.0,1.0,1.0,2.0,2.0,8.0,8.0,22.0,22.0,75.0,75.0,5.856e-11,4.937e-11,5.396e-11,25.0,1
48,1.0,1.0,2.0,1.0,1.0,3.0,1.0,1.0,2.0,2.0,8.0,8.0,22.0,22.0,79.0,79.0,5.861e-11,4.946e-11,5.404e-11,25.0,1
49,1.0,1.0,2.0,1.0,1.0,3.0,1.0,1.0,2.0,2.0,8.0,8.0,24.0,24.0,71.0,71.0,5.855e-11,4.926e-11,5.391e-11,25.0,1
50,1.0,1.0,2.0,1.0,1.0,3.0,1.0,1.0,2.0,2.0,8.0,8.0,24.0,24.0,75.0,75.0,5.857e-11,4.932e-11,5.395e-11,25.0,1
51,1.0,1.0,2.0,1.0,1.0,3.0,1.0,1.0,2.0,2.0,8.0,8.0,24.0,24.0,79.0,79.0,5.861e-11,4.94e-11,5.4e-11,25.0,1
52,1.0,1.0,2.0,1.0,1.0,3.0,1.0,1.0,2.0,2.0,8.0,8.0,26.0,26.0,71.0,71.0,5.862e-11,4.928e-11,5.395e-11,25.0,1
53,1.0,1.0,2.0,1.0,1.0,3.0,1.0,1.0,2.0,2.0,8.0,8.0,26.0,26.0,75.0,75.0,5.862e-11,4.933e-11,5.398e-11,25.0,1
54,1.0,1.0,2.0,1.0,1.0,3.0,1.0,1.0,2.0,2.0,8.0,8.0,26.0,26.0,79.0,79.0,5.864e-11,4.938e-11,5.401e-11,25.0,1
55,1.0,1.0,2.0,1.0,1.0,3.0,1.0,1.0,3.0,3.0,6.0,6.0,22.0,22.0,71.0,71.0,5.867e-11,4.9e-11,5.384e-11,25.0,1
56,1.0,1.0,2.0,1.0,1.0,3.0,1.0,1.0,3.0,3.0,6.0,6.0,22.0,22.0,75.0,75.0,5.872e-11,4.909e-11,5.39e-11,25.0,1
57,1.0,1.0,2.0,1.0,1.0,3.0,1.0,1.0,3.0,3.0,6.0,6.0,22.0,22.0,79.0,79.0,5.877e-11,4.918e-11,5.398e-11,25.0,1
58,1.0,1.0,2.0,1.0,1.0,3.0,1.0,1.0,3.0,3.0,6.0,6.0,24.0,24.0,71.0,71.0,5.879e-11,4.904e-11,5.392e-11,25.0,1
59,1.0,1.0,2.0,1.0,1.0,3.0,1.0,1.0,3.0,3.0,6.0,6.0,24.0,24.0,75.0,75.0,5.882e-11,4.911e-11,5.397e-11,25.0,1
60,1.0,1.0,2.0,1.0,1.0,3.0,1.0,1.0,3.0,3.0,6.0,6.0,24.0,24.0,79.0,79.0,5.887e-11,4.92e-11,5.403e-11,25.0,1
61,1.0,1.0,2.0,1.0,1.0,3.0,1.0,1.0,3.0,3.0,6.0,6.0,26.0,26.0,71.0,71.0,5.896e-11,4.913e-11,5.405e-11,25.0,1
62,1.0,1.0,2.0,1.0,1.0,3.0,1.0,1.0,3.0,3.0,6.0,6.0,26.0,26.0,75.0,75.0,5.897e-11,4.919e-11,5.408e-11,25.0,1
63,1.0,1.0,2.0,1.0,1.0,3.0,1.0,1.0,3.0,3.0,6.0,6.0,26.0,26.0,79.0,79.0,5.901e-11,4.926e-11,5.413e-11,25.0,1
64,1.0,1.0,2.0,1.0,1.0,3.0,1.0,1.0,3.0,3.0,7.0,7.0,22.0,22.0,71.0,71.0,5.838e-11,4.882e-11,5.36e-11,25.0,1
65,1.0,1.0,2.0,1.0,1.0,3.0,1.0,1.0,3.0,3.0,7.0,7.0,22.0,22.0,75.0,75.0,5.841e-11,4.891e-11,5.366e-11,25.0,1
66,1.0,1.0,2.0,1.0,1.0,3.0,1.0,1.0,3.0,3.0,7.0,7.0,22.0,22.0,79.0,79.0,5.847e-11,4.9e-11,5.373e-11,25.0,1
67,1.0,1.0,2.0,1.0,1.0,3.0,1.0,1.0,3.0,3.0,7.0,7.0,24.0,24.0,71.0,71.0,5.843e-11,4.881e-11,5.362e-11,25.0,1
68,1.0,1.0,2.0,1.0,1.0,3.0,1.0,1.0,3.0,3.0,7.0,7.0,24.0,24.0,75.0,75.0,5.846e-11,4.888e-11,5.367e-11,25.0,1
69,1.0,1.0,2.0,1.0,1.0,3.0,1.0,1.0,3.0,3.0,7.0,7.0,24.0,24.0,79.0,79.0,5.85e-11,4.896e-11,5.373e-11,25.0,1
70,1.0,1.0,2.0,1.0,1.0,3.0,1.0,1.0,3.0,3.0,7.0,7.0,26.0,26.0,71.0,71.0,5.853e-11,4.885e-11,5.369e-11,25.0,1
71,1.0,1.0,2.0,1.0,1.0,3.0,1.0,1.0,3.0,3.0,7.0,7.0,26.0,26.0,75.0,75.0,5.854e-11,4.891e-11,5.373e-11,25.0,1
72,1.0,1.0,2.0,1.0,1.0,3.0,1.0,1.0,3.0,3.0,7.0,7.0,26.0,26.0,79.0,79.0,5.858e-11,4.897e-11,5.377e-11,25.0,1
73,1.0,1.0,2.0,1.0,1.0,3.0,1.0,1.0,3.0,3.0,8.0,8.0,22.0,22.0,71.0,71.0,5.825e-11,4.88e-11,5.352e-11,25.0,1
74,1.0,1.0,2.0,1.0,1.0,3.0,1.0,1.0,3.0,3.0,8.0,8.0,22.0,22.0,75.0,75.0,5.828e-11,4.888e-11,5.358e-11,25.0,1
75,1.0,1.0,2.0,1.0,1.0,3.0,1.0,1.0,3.0,3.0,8.0,8.0,22.0,22.0,79.0,79.0,5.834e-11,4.897e-11,5.365e-11,25.0,1
76,1.0,1.0,2.0,1.0,1.0,3.0,1.0,1.0,3.0,3.0,8.0,8.0,24.0,24.0,71.0,71.0,5.827e-11,4.875e-11,5.351e-11,25.0,1
77,1.0,1.0,2.0,1.0,1.0,3.0,1.0,1.0,3.0,3.0,8.0,8.0,24.0,24.0,75.0,75.0,5.828e-11,4.882e-11,5.355e-11,25.0,1
78,1.0,1.0,2.0,1.0,1.0,3.0,1.0,1.0,3.0,3.0,8.0,8.0,24.0,24.0,79.0,79.0,5.832e-11,4.889e-11,5.361e-11,25.0,1
79,1.0,1.0,2.0,1.0,1.0,3.0,1.0,1.0,3.0,3.0,8.0,8.0,26.0,26.0,71.0,71.0,5.833e-11,4.876e-11,5.354e-11,25.0,1
80,1.0,1.0,2.0,1.0,1.0,3.0,1.0,1.0,3.0,3.0,8.0,8.0,26.0,26.0,75.0,75.0,5.834e-11,4.88e-11,5.357e-11,25.0,1
81,1.0,1.0,2.0,1.0,1.0,3.0,1.0,1.0,3.0,3.0,8.0,8.0,26.0,26.0,79.0,79.0,5.836e-11,4.887e-11,5.361e-11,25.0,1
82,1.0,1.0,2.0,1.0,1.0,3.0,2.0,2.0,1.0,1.0,6.0,6.0,22.0,22.0,71.0,71.0,6.163e-11,5.241e-11,5.702e-11,25.0,1
83,1.0,1.0,2.0,1.0,1.0,3.0,2.0,2.0,1.0,1.0,6.0,6.0,22.0,22.0,75.0,75.0,6.167e-11,5.25e-11,5.708e-11,25.0,1
84,1.0,1.0,2.0,1.0,1.0,3.0,2.0,2.0,1.0,1.0,6.0,6.0,22.0,22.0,79.0,79.0,6.172e-11,5.259e-11,5.715e-11,25.0,1
85,1.0,1.0,2.0,1.0,1.0,3.0,2.0,2.0,1.0,1.0,6.0,6.0,24.0,24.0,71.0,71.0,6.177e-11,5.25e-11,5.713e-11,25.0,1
86,1.0,1.0,2.0,1.0,1.0,3.0,2.0,2.0,1.0,1.0,6.0,6.0,24.0,24.0,75.0,75.0,6.18e-11,5.257e-11,5.718e-11,25.0,1
87,1.0,1.0,2.0,1.0,1.0,3.0,2.0,2.0,1.0,1.0,6.0,6.0,24.0,24.0,79.0,79.0,6.183e-11,5.264e-11,5.724e-11,25.0,1
88,1.0,1.0,2.0,1.0,1.0,3.0,2.0,2.0,1.0,1.0,6.0,6.0,26.0,26.0,71.0,71.0,6.195e-11,5.263e-11,5.729e-11,25.0,1
89,1.0,1.0,2.0,1.0,1.0,3.0,2.0,2.0,1.0,1.0,6.0,6.0,26.0,26.0,75.0,75.0,6.197e-11,5.268e-11,5.733e-11,25.0,1
90,1.0,1.0,2.0,1.0,1.0,3.0,2.0,2.0,1.0,1.0,6.0,6.0,26.0,26.0,79.0,79.0,6.2e-11,5.275e-11,5.737e-11,25.0,1
91,1.0,1.0,2.0,1.0,1.0,3.0,2.0,2.0,1.0,1.0,7.0,7.0,22.0,22.0,71.0,71.0,6.207e-11,5.308e-11,5.757e-11,25.0,1
92,1.0,1.0,2.0,1.0,1.0,3.0,2.0,2.0,1.0,1.0,7.0,7.0,22.0,22.0,75.0,75.0,6.211e-11,5.315e-11,5.763e-11,25.0,1
93,1.0,1.0,2.0,1.0,1.0,3.0,2.0,2.0,1.0,1.0,7.0,7.0,22.0,22.0,79.0,79.0,6.216e-11,5.325e-11,5.77e-11,25.0,1
94,1.0,1.0,2.0,1.0,1.0,3.0,2.0,2.0,1.0,1.0,7.0,7.0,24.0,24.0,71.0,71.0,6.216e-11,5.312e-11,5.764e-11,25.0,1
95,1.0,1.0,2.0,1.0,1.0,3.0,2.0,2.0,1.0,1.0,7.0,7.0,24.0,24.0,75.0,75.0,6.218e-11,5.318e-11,5.768e-11,25.0,1
96,1.0,1.0,2.0,1.0,1.0,3.0,2.0,2.0,1.0,1.0,7.0,7.0,24.0,24.0,79.0,79.0,6.223e-11,5.326e-11,5.774e-11,25.0,1
97,1.0,1.0,2.0,1.0,1.0,3.0,2.0,2.0,1.0,1.0,7.0,7.0,26.0,26.0,71.0,71.0,6.23e-11,5.32e-11,5.775e-11,25.0,1
98,1.0,1.0,2.0,1.0,1.0,3.0,2.0,2.0,1.0,1.0,7.0,7.0,26.0,26.0,75.0,75.0,6.23e-11,5.325e-11,5.778e-11,25.0,1
99,1.0,1.0,2.0,1.0,1.0,3.0,2.0,2.0,1.0,1.0,7.0,7.0,26.0,26.0,79.0,79.0,6.233e-11,5.331e-11,5.782e-11,25.0,1
100,1.0,1.0,2.0,1.0,1.0,3.0,2.0,2.0,1.0,1.0,8.0,8.0,22.0,22.0,71.0,71.0,6.27e-11,5.39e-11,5.83e-11,25.0,1
101,1.0,1.0,2.0,1.0,1.0,3.0,2.0,2.0,1.0,1.0,8.0,8.0,22.0,22.0,75.0,75.0,6.272e-11,5.398e-11,5.835e-11,25.0,1
102,1.0,1.0,2.0,1.0,1.0,3.0,2.0,2.0,1.0,1.0,8.0,8.0,22.0,22.0,79.0,79.0,6.277e-11,5.406e-11,5.842e-11,25.0,1
103,1.0,1.0,2.0,1.0,1.0,3.0,2.0,2.0,1.0,1.0,8.0,8.0,24.0,24.0,71.0,71.0,6.274e-11,5.39e-11,5.832e-11,25.0,1
104,1.0,1.0,2.0,1.0,1.0,3.0,2.0,2.0,1.0,1.0,8.0,8.0,24.0,24.0,75.0,75.0,6.276e-11,5.396e-11,5.836e-11,25.0,1
105,1.0,1.0,2.0,1.0,1.0,3.0,2.0,2.0,1.0,1.0,8.0,8.0,24.0,24.0,79.0,79.0,6.279e-11,5.403e-11,5.841e-11,25.0,1
106,1.0,1.0,2.0,1.0,1.0,3.0,2.0,2.0,1.0,1.0,8.0,8.0,26.0,26.0,71.0,71.0,6.283e-11,5.395e-11,5.839e-11,25.0,1
107,1.0,1.0,2.0,1.0,1.0,3.0,2.0,2.0,1.0,1.0,8.0,8.0,26.0,26.0,75.0,75.0,6.284e-11,5.399e-11,5.842e-11,25.0,1
108,1.0,1.0,2.0,1.0,1.0,3.0,2.0,2.0,1.0,1.0,8.0,8.0,26.0,26.0,79.0,79.0,6.286e-11,5.406e-11,5.846e-11,25.0,1
109,1.0,1.0,2.0,1.0,1.0,3.0,2.0,2.0,2.0,2.0,6.0,6.0,22.0,22.0,71.0,71.0,5.864e-11,4.887e-11,5.376e-11,25.0,1
110,1.0,1.0,2.0,1.0,1.0,3.0,2.0,2.0,2.0,2.0,6.0,6.0,22.0,22.0,75.0,75.0,5.868e-11,4.896e-11,5.382e-11,25.0,1
111,1.0,1.0,2.0,1.0,1.0,3.0,2.0,2.0,2.0,2.0,6.0,6.0,22.0,22.0,79.0,79.0,5.874e-11,4.905e-11,5.39e-11,25.0,1
112,1.0,1.0,2.0,1.0,1.0,3.0,2.0,2.0,2.0,2.0,6.0,6.0,24.0,24.0,71.0,71.0,5.876e-11,4.892e-11,5.384e-11,25.0,1
113,1.0,1.0,2.0,1.0,1.0,3.0,2.0,2.0,2.0,2.0,6.0,6.0,24.0,24.0,75.0,75.0,5.879e-11,4.899e-11,5.389e-11,25.0,1
114,1.0,1.0,2.0,1.0,1.0,3.0,2.0,2.0,2.0,2.0,6.0,6.0,24.0,24.0,79.0,79.0,5.883e-11,4.907e-11,5.395e-11,25.0,1
115,1.0,1.0,2.0,1.0,1.0,3.0,2.0,2.0,2.0,2.0,6.0,6.0,26.0,26.0,71.0,71.0,5.893e-11,4.903e-11,5.398e-11,25.0,1
116,1.0,1.0,2.0,1.0,1.0,3.0,2.0,2.0,2.0,2.0,6.0,6.0,26.0,26.0,75.0,75.0,5.895e-11,4.908e-11,5.401e-11,25.0,1
117,1.0,1.0,2.0,1.0,1.0,3.0,2.0,2.0,2.0,2.0,6.0,6.0,26.0,26.0,79.0,79.0,5.898e-11,4.915e-11,5.406e-11,25.0,1
118,1.0,1.0,2.0,1.0,1.0,3.0,2.0,2.0,2.0,2.0,7.0,7.0,22.0,22.0,71.0,71.0,5.85e-11,4.89e-11,5.37e-11,25.0,1
119,1.0,1.0,2.0,1.0,1.0,3.0,2.0,2.0,2.0,2.0,7.0,7.0,22.0,22.0,75.0,75.0,5.855e-11,4.898e-11,5.376e-11,25.0,1
120,1.0,1.0,2.0,1.0,1.0,3.0,2.0,2.0,2.0,2.0,7.0,7.0,22.0,22.0,79.0,79.0,5.859e-11,4.907e-11,5.383e-11,25.0,1
121,1.0,1.0,2.0,1.0,1.0,3.0,2.0,2.0,2.0,2.0,7.0,7.0,24.0,24.0,71.0,71.0,5.857e-11,4.89e-11,5.373e-11,25.0,1
122,1.0,1.0,2.0,1.0,1.0,3.0,2.0,2.0,2.0,2.0,7.0,7.0,24.0,24.0,75.0,75.0,5.859e-11,4.897e-11,5.378e-11,25.0,1
123,1.0,1.0,2.0,1.0,1.0,3.0,2.0,2.0,2.0,2.0,7.0,7.0,24.0,24.0,79.0,79.0,5.864e-11,4.904e-11,5.384e-11,25.0,1
124,1.0,1.0,2.0,1.0,1.0,3.0,2.0,2.0,2.0,2.0,7.0,7.0,26.0,26.0,71.0,71.0,5.868e-11,4.896e-11,5.382e-11,25.0,1
125,1.0,1.0,2.0,1.0,1.0,3.0,2.0,2.0,2.0,2.0,7.0,7.0,26.0,26.0,75.0,75.0,5.869e-11,4.901e-11,5.385e-11,25.0,1
126,1.0,1.0,2.0,1.0,1.0,3.0,2.0,2.0,2.0,2.0,7.0,7.0,26.0,26.0,79.0,79.0,5.871e-11,4.907e-11,5.389e-11,25.0,1
127,1.0,1.0,2.0,1.0,1.0,3.0,2.0,2.0,2.0,2.0,8.0,8.0,22.0,22.0,71.0,71.0,5.855e-11,4.907e-11,5.381e-11,25.0,1
128,1.0,1.0,2.0,1.0,1.0,3.0,2.0,2.0,2.0,2.0,8.0,8.0,22.0,22.0,75.0,75.0,5.858e-11,4.915e-11,5.386e-11,25.0,1
129,1.0,1.0,2.0,1.0,1.0,3.0,2.0,2.0,2.0,2.0,8.0,8.0,22.0,22.0,79.0,79.0,5.863e-11,4.925e-11,5.394e-11,25.0,1
130,1.0,1.0,2.0,1.0,1.0,3.0,2.0,2.0,2.0,2.0,8.0,8.0,24.0,24.0,71.0,71.0,5.857e-11,4.904e-11,5.381e-11,25.0,1
131,1.0,1.0,2.0,1.0,1.0,3.0,2.0,2.0,2.0,2.0,8.0,8.0,24.0,24.0,75.0,75.0,5.859e-11,4.91e-11,5.385e-11,25.0,1
132,1.0,1.0,2.0,1.0,1.0,3.0,2.0,2.0,2.0,2.0,8.0,8.0,24.0,24.0,79.0,79.0,5.862e-11,4.918e-11,5.39e-11,25.0,1
133,1.0,1.0,2.0,1.0,1.0,3.0,2.0,2.0,2.0,2.0,8.0,8.0,26.0,26.0,71.0,71.0,5.864e-11,4.906e-11,5.385e-11,25.0,1
134,1.0,1.0,2.0,1.0,1.0,3.0,2.0,2.0,2.0,2.0,8.0,8.0,26.0,26.0,75.0,75.0,5.864e-11,4.911e-11,5.387e-11,25.0,1
135,1.0,1.0,2.0,1.0,1.0,3.0,2.0,2.0,2.0,2.0,8.0,8.0,26.0,26.0,79.0,79.0,5.867e-11,4.917e-11,5.392e-11,25.0,1
136,1.0,1.0,2.0,1.0,1.0,3.0,2.0,2.0,3.0,3.0,6.0,6.0,22.0,22.0,71.0,71.0,5.812e-11,4.818e-11,5.315e-11,25.0,1
137,1.0,1.0,2.0,1.0,1.0,3.0,2.0,2.0,3.0,3.0,6.0,6.0,22.0,22.0,75.0,75.0,5.816e-11,4.827e-11,5.322e-11,25.0,1
138,1.0,1.0,2.0,1.0,1.0,3.0,2.0,2.0,3.0,3.0,6.0,6.0,22.0,22.0,79.0,79.0,5.822e-11,4.837e-11,5.329e-11,25.0,1
139,1.0,1.0,2.0,1.0,1.0,3.0,2.0,2.0,3.0,3.0,6.0,6.0,24.0,24.0,71.0,71.0,5.824e-11,4.823e-11,5.323e-11,25.0,1
140,1.0,1.0,2.0,1.0,1.0,3.0,2.0,2.0,3.0,3.0,6.0,6.0,24.0,24.0,75.0,75.0,5.827e-11,4.829e-11,5.328e-11,25.0,1
141,1.0,1.0,2.0,1.0,1.0,3.0,2.0,2.0,3.0,3.0,6.0,6.0,24.0,24.0,79.0,79.0,5.831e-11,4.838e-11,5.334e-11,25.0,1
142,1.0,1.0,2.0,1.0,1.0,3.0,2.0,2.0,3.0,3.0,6.0,6.0,26.0,26.0,71.0,71.0,5.84e-11,4.832e-11,5.336e-11,25.0,1
143,1.0,1.0,2.0,1.0,1.0,3.0,2.0,2.0,3.0,3.0,6.0,6.0,26.0,26.0,75.0,75.0,5.842e-11,4.837e-11,5.34e-11,25.0,1
144,1.0,1.0,2.0,1.0,1.0,3.0,2.0,2.0,3.0,3.0,6.0,6.0,26.0,26.0,79.0,79.0,5.845e-11,4.844e-11,5.345e-11,25.0,1
145,1.0,1.0,2.0,1.0,1.0,3.0,2.0,2.0,3.0,3.0,7.0,7.0,22.0,22.0,71.0,71.0,5.78e-11,4.799e-11,5.29e-11,25.0,1
146,1.0,1.0,2.0,1.0,1.0,3.0,2.0,2.0,3.0,3.0,7.0,7.0,22.0,22.0,75.0,75.0,5.783e-11,4.808e-11,5.295e-11,25.0,1
147,1.0,1.0,2.0,1.0,1.0,3.0,2.0,2.0,3.0,3.0,7.0,7.0,22.0,22.0,79.0,79.0,5.789e-11,4.817e-11,5.303e-11,25.0,1
148,1.0,1.0,2.0,1.0,1.0,3.0,2.0,2.0,3.0,3.0,7.0,7.0,24.0,24.0,71.0,71.0,5.785e-11,4.798e-11,5.292e-11,25.0,1
149,1.0,1.0,2.0,1.0,1.0,3.0,2.0,2.0,3.0,3.0,7.0,7.0,24.0,24.0,75.0,75.0,5.788e-11,4.805e-11,5.296e-11,25.0,1
150,1.0,1.0,2.0,1.0,1.0,3.0,2.0,2.0,3.0,3.0,7.0,7.0,24.0,24.0,79.0,79.0,5.791e-11,4.813e-11,5.302e-11,25.0,1
151,1.0,1.0,2.0,1.0,1.0,3.0,2.0,2.0,3.0,3.0,7.0,7.0,26.0,26.0,71.0,71.0,5.795e-11,4.803e-11,5.299e-11,25.0,1
152,1.0,1.0,2.0,1.0,1.0,3.0,2.0,2.0,3.0,3.0,7.0,7.0,26.0,26.0,75.0,75.0,5.797e-11,4.808e-11,5.302e-11,25.0,1
153,1.0,1.0,2.0,1.0,1.0,3.0,2.0,2.0,3.0,3.0,7.0,7.0,26.0,26.0,79.0,79.0,5.8e-11,4.814e-11,5.307e-11,25.0,1
154,1.0,1.0,2.0,1.0,1.0,3.0,2.0,2.0,3.0,3.0,8.0,8.0,22.0,22.0,71.0,71.0,5.764e-11,4.796e-11,5.28e-11,25.0,1
155,1.0,1.0,2.0,1.0,1.0,3.0,2.0,2.0,3.0,3.0,8.0,8.0,22.0,22.0,75.0,75.0,5.768e-11,4.804e-11,5.286e-11,25.0,1
156,1.0,1.0,2.0,1.0,1.0,3.0,2.0,2.0,3.0,3.0,8.0,8.0,22.0,22.0,79.0,79.0,5.773e-11,4.813e-11,5.293e-11,25.0,1
157,1.0,1.0,2.0,1.0,1.0,3.0,2.0,2.0,3.0,3.0,8.0,8.0,24.0,24.0,71.0,71.0,5.766e-11,4.791e-11,5.278e-11,25.0,1
158,1.0,1.0,2.0,1.0,1.0,3.0,2.0,2.0,3.0,3.0,8.0,8.0,24.0,24.0,75.0,75.0,5.768e-11,4.797e-11,5.283e-11,25.0,1
159,1.0,1.0,2.0,1.0,1.0,3.0,2.0,2.0,3.0,3.0,8.0,8.0,24.0,24.0,79.0,79.0,5.772e-11,4.805e-11,5.288e-11,25.0,1
160,1.0,1.0,2.0,1.0,1.0,3.0,2.0,2.0,3.0,3.0,8.0,8.0,26.0,26.0,71.0,71.0,5.772e-11,4.791e-11,5.282e-11,25.0,1
161,1.0,1.0,2.0,1.0,1.0,3.0,2.0,2.0,3.0,3.0,8.0,8.0,26.0,26.0,75.0,75.0,5.772e-11,4.796e-11,5.284e-11,25.0,1
162,1.0,1.0,2.0,1.0,1.0,3.0,2.0,2.0,3.0,3.0,8.0,8.0,26.0,26.0,79.0,79.0,5.775e-11,4.803e-11,5.289e-11,25.0,1
163,1.0,1.0,2.0,1.0,2.0,6.0,1.0,1.0,1.0,1.0,6.0,6.0,22.0,22.0,71.0,71.0,7.476e-11,5.931e-11,6.704e-11,25.0,1
164,1.0,1.0,2.0,1.0,2.0,6.0,1.0,1.0,1.0,1.0,6.0,6.0,22.0,22.0,75.0,75.0,7.48e-11,5.939e-11,6.709e-11,25.0,1
165,1.0,1.0,2.0,1.0,2.0,6.0,1.0,1.0,1.0,1.0,6.0,6.0,22.0,22.0,79.0,79.0,7.485e-11,5.949e-11,6.717e-11,25.0,1
166,1.0,1.0,2.0,1.0,2.0,6.0,1.0,1.0,1.0,1.0,6.0,6.0,24.0,24.0,71.0,71.0,7.491e-11,5.94e-11,6.715e-11,25.0,1
167,1.0,1.0,2.0,1.0,2.0,6.0,1.0,1.0,1.0,1.0,6.0,6.0,24.0,24.0,75.0,75.0,7.493e-11,5.946e-11,6.72e-11,25.0,1
168,1.0,1.0,2.0,1.0,2.0,6.0,1.0,1.0,1.0,1.0,6.0,6.0,24.0,24.0,79.0,79.0,7.497e-11,5.954e-11,6.726e-11,25.0,1
169,1.0,1.0,2.0,1.0,2.0,6.0,1.0,1.0,1.0,1.0,6.0,6.0,26.0,26.0,71.0,71.0,7.509e-11,5.953e-11,6.731e-11,25.0,1
170,1.0,1.0,2.0,1.0,2.0,6.0,1.0,1.0,1.0,1.0,6.0,6.0,26.0,26.0,75.0,75.0,7.51e-11,5.958e-11,6.734e-11,25.0,1
171,1.0,1.0,2.0,1.0,2.0,6.0,1.0,1.0,1.0,1.0,6.0,6.0,26.0,26.0,79.0,79.0,7.513e-11,5.965e-11,6.739e-11,25.0,1
172,1.0,1.0,2.0,1.0,2.0,6.0,1.0,1.0,1.0,1.0,7.0,7.0,22.0,22.0,71.0,71.0,7.521e-11,5.998e-11,6.759e-11,25.0,1
173,1.0,1.0,2.0,1.0,2.0,6.0,1.0,1.0,1.0,1.0,7.0,7.0,22.0,22.0,75.0,75.0,7.524e-11,6.006e-11,6.765e-11,25.0,1
174,1.0,1.0,2.0,1.0,2.0,6.0,1.0,1.0,1.0,1.0,7.0,7.0,22.0,22.0,79.0,79.0,7.53e-11,6.015e-11,6.772e-11,25.0,1
175,1.0,1.0,2.0,1.0,2.0,6.0,1.0,1.0,1.0,1.0,7.0,7.0,24.0,24.0,71.0,71.0,7.53e-11,6.002e-11,6.766e-11,25.0,1
176,1.0,1.0,2.0,1.0,2.0,6.0,1.0,1.0,1.0,1.0,7.0,7.0,24.0,24.0,75.0,75.0,7.532e-11,6.008e-11,6.77e-11,25.0,1
177,1.0,1.0,2.0,1.0,2.0,6.0,1.0,1.0,1.0,1.0,7.0,7.0,24.0,24.0,79.0,79.0,7.536e-11,6.016e-11,6.776e-11,25.0,1
178,1.0,1.0,2.0,1.0,2.0,6.0,1.0,1.0,1.0,1.0,7.0,7.0,26.0,26.0,71.0,71.0,7.543e-11,6.01e-11,6.777e-11,25.0,1
179,1.0,1.0,2.0,1.0,2.0,6.0,1.0,1.0,1.0,1.0,7.0,7.0,26.0,26.0,75.0,75.0,7.544e-11,6.016e-11,6.78e-11,25.0,1
180,1.0,1.0,2.0,1.0,2.0,6.0,1.0,1.0,1.0,1.0,7.0,7.0,26.0,26.0,79.0,79.0,7.547e-11,6.022e-11,6.784e-11,25.0,1
181,1.0,1.0,2.0,1.0,2.0,6.0,1.0,1.0,1.0,1.0,8.0,8.0,22.0,22.0,71.0,71.0,7.583e-11,6.08e-11,6.832e-11,25.0,1
182,1.0,1.0,2.0,1.0,2.0,6.0,1.0,1.0,1.0,1.0,8.0,8.0,22.0,22.0,75.0,75.0,7.586e-11,6.088e-11,6.837e-11,25.0,1
183,1.0,1.0,2.0,1.0,2.0,6.0,1.0,1.0,1.0,1.0,8.0,8.0,22.0,22.0,79.0,79.0,7.591e-11,6.097e-11,6.844e-11,25.0,1
184,1.0,1.0,2.0,1.0,2.0,6.0,1.0,1.0,1.0,1.0,8.0,8.0,24.0,24.0,71.0,71.0,7.588e-11,6.08e-11,6.834e-11,25.0,1
185,1.0,1.0,2.0,1.0,2.0,6.0,1.0,1.0,1.0,1.0,8.0,8.0,24.0,24.0,75.0,75.0,7.589e-11,6.086e-11,6.838e-11,25.0,1
186,1.0,1.0,2.0,1.0,2.0,6.0,1.0,1.0,1.0,1.0,8.0,8.0,24.0,24.0,79.0,79.0,7.593e-11,6.094e-11,6.843e-11,25.0,1
187,1.0,1.0,2.0,1.0,2.0,6.0,1.0,1.0,1.0,1.0,8.0,8.0,26.0,26.0,71.0,71.0,7.597e-11,6.085e-11,6.841e-11,25.0,1
188,1.0,1.0,2.0,1.0,2.0,6.0,1.0,1.0,1.0,1.0,8.0,8.0,26.0,26.0,75.0,75.0,7.598e-11,6.09e-11,6.844e-11,25.0,1
189,1.0,1.0,2.0,1.0,2.0,6.0,1.0,1.0,1.0,1.0,8.0,8.0,26.0,26.0,79.0,79.0,7.6e-11,6.096e-11,6.848e-11,25.0,1
190,1.0,1.0,2.0,1.0,2.0,6.0,1.0,1.0,2.0,2.0,6.0,6.0,22.0,22.0,71.0,71.0,7.247e-11,5.648e-11,6.448e-11,25.0,1
191,1.0,1.0,2.0,1.0,2.0,6.0,1.0,1.0,2.0,2.0,6.0,6.0,22.0,22.0,75.0,75.0,7.251e-11,5.656e-11,6.454e-11,25.0,1
192,1.0,1.0,2.0,1.0,2.0,6.0,1.0,1.0,2.0,2.0,6.0,6.0,22.0,22.0,79.0,79.0,7.257e-11,5.666e-11,6.461e-11,25.0,1
193,1.0,1.0,2.0,1.0,2.0,6.0,1.0,1.0,2.0,2.0,6.0,6.0,24.0,24.0,71.0,71.0,7.259e-11,5.653e-11,6.456e-11,25.0,1
194,1.0,1.0,2.0,1.0,2.0,6.0,1.0,1.0,2.0,2.0,6.0,6.0,24.0,24.0,75.0,75.0,7.262e-11,5.66e-11,6.461e-11,25.0,1
195,1.0,1.0,2.0,1.0,2.0,6.0,1.0,1.0,2.0,2.0,6.0,6.0,24.0,24.0,79.0,79.0,7.266e-11,5.668e-11,6.467e-11,25.0,1
196,1.0,1.0,2.0,1.0,2.0,6.0,1.0,1.0,2.0,2.0,6.0,6.0,26.0,26.0,71.0,71.0,7.276e-11,5.664e-11,6.47e-11,25.0,1
197,1.0,1.0,2.0,1.0,2.0,6.0,1.0,1.0,2.0,2.0,6.0,6.0,26.0,26.0,75.0,75.0,7.277e-11,5.669e-11,6.473e-11,25.0,1
198,1.0,1.0,2.0,1.0,2.0,6.0,1.0,1.0,2.0,2.0,6.0,6.0,26.0,26.0,79.0,79.0,7.28e-11,5.675e-11,6.478e-11,25.0,1
199,1.0,1.0,2.0,1.0,2.0,6.0,1.0,1.0,2.0,2.0,7.0,7.0,22.0,22.0,71.0,71.0,7.235e-11,5.651e-11,6.443e-11,25.0,1
200,1.0,1.0,2.0,1.0,2.0,6.0,1.0,1.0,2.0,2.0,7.0,7.0,22.0,22.0,75.0,75.0,7.238e-11,5.659e-11,6.448e-11,25.0,1
201,1.0,1.0,2.0,1.0,2.0,6.0,1.0,1.0,2.0,2.0,7.0,7.0,22.0,22.0,79.0,79.0,7.243e-11,5.668e-11,6.456e-11,25.0,1
202,1.0,1.0,2.0,1.0,2.0,6.0,1.0,1.0,2.0,2.0,7.0,7.0,24.0,24.0,71.0,71.0,7.242e-11,5.651e-11,6.446e-11,25.0,1
203,1.0,1.0,2.0,1.0,2.0,6.0,1.0,1.0,2.0,2.0,7.0,7.0,24.0,24.0,75.0,75.0,7.244e-11,5.658e-11,6.451e-11,25.0,1
204,1.0,1.0,2.0,1.0,2.0,6.0,1.0,1.0,2.0,2.0,7.0,7.0,24.0,24.0,79.0,79.0,7.247e-11,5.666e-11,6.456e-11,25.0,1
205,1.0,1.0,2.0,1.0,2.0,6.0,1.0,1.0,2.0,2.0,7.0,7.0,26.0,26.0,71.0,71.0,7.253e-11,5.657e-11,6.455e-11,25.0,1
206,1.0,1.0,2.0,1.0,2.0,6.0,1.0,1.0,2.0,2.0,7.0,7.0,26.0,26.0,75.0,75.0,7.253e-11,5.662e-11,6.457e-11,25.0,1
207,1.0,1.0,2.0,1.0,2.0,6.0,1.0,1.0,2.0,2.0,7.0,7.0,26.0,26.0,79.0,79.0,7.256e-11,5.668e-11,6.462e-11,25.0,1
208,1.0,1.0,2.0,1.0,2.0,6.0,1.0,1.0,2.0,2.0,8.0,8.0,22.0,22.0,71.0,71.0,7.239e-11,5.669e-11,6.454e-11,25.0,1
209,1.0,1.0,2.0,1.0,2.0,6.0,1.0,1.0,2.0,2.0,8.0,8.0,22.0,22.0,75.0,75.0,7.243e-11,5.677e-11,6.46e-11,25.0,1
210,1.0,1.0,2.0,1.0,2.0,6.0,1.0,1.0,2.0,2.0,8.0,8.0,22.0,22.0,79.0,79.0,7.248e-11,5.686e-11,6.467e-11,25.0,1
211,1.0,1.0,2.0,1.0,2.0,6.0,1.0,1.0,2.0,2.0,8.0,8.0,24.0,24.0,71.0,71.0,7.242e-11,5.665e-11,6.454e-11,25.0,1
212,1.0,1.0,2.0,1.0,2.0,6.0,1.0,1.0,2.0,2.0,8.0,8.0,24.0,24.0,75.0,75.0,7.244e-11,5.672e-11,6.458e-11,25.0,1
213,1.0,1.0,2.0,1.0,2.0,6.0,1.0,1.0,2.0,2.0,8.0,8.0,24.0,24.0,79.0,79.0,7.248e-11,5.679e-11,6.464e-11,25.0,1
214,1.0,1.0,2.0,1.0,2.0,6.0,1.0,1.0,2.0,2.0,8.0,8.0,26.0,26.0,71.0,71.0,7.249e-11,5.667e-11,6.458e-11,25.0,1
215,1.0,1.0,2.0,1.0,2.0,6.0,1.0,1.0,2.0,2.0,8.0,8.0,26.0,26.0,75.0,75.0,7.249e-11,5.672e-11,6.461e-11,25.0,1
216,1.0,1.0,2.0,1.0,2.0,6.0,1.0,1.0,2.0,2.0,8.0,8.0,26.0,26.0,79.0,79.0,7.252e-11,5.678e-11,6.465e-11,25.0,1
217,1.0,1.0,2.0,1.0,2.0,6.0,1.0,1.0,3.0,3.0,6.0,6.0,22.0,22.0,71.0,71.0,7.255e-11,5.64e-11,6.447e-11,25.0,1
218,1.0,1.0,2.0,1.0,2.0,6.0,1.0,1.0,3.0,3.0,6.0,6.0,22.0,22.0,75.0,75.0,7.259e-11,5.648e-11,6.454e-11,25.0,1
219,1.0,1.0,2.0,1.0,2.0,6.0,1.0,1.0,3.0,3.0,6.0,6.0,22.0,22.0,79.0,79.0,7.265e-11,5.658e-11,6.461e-11,25.0,1
220,1.0,1.0,2.0,1.0,2.0,6.0,1.0,1.0,3.0,3.0,6.0,6.0,24.0,24.0,71.0,71.0,7.267e-11,5.644e-11,6.455e-11,25.0,1
221,1.0,1.0,2.0,1.0,2.0,6.0,1.0,1.0,3.0,3.0,6.0,6.0,24.0,24.0,75.0,75.0,7.269e-11,5.651e-11,6.46e-11,25.0,1
222,1.0,1.0,2.0,1.0,2.0,6.0,1.0,1.0,3.0,3.0,6.0,6.0,24.0,24.0,79.0,79.0,7.273e-11,5.659e-11,6.466e-11,25.0,1
223,1.0,1.0,2.0,1.0,2.0,6.0,1.0,1.0,3.0,3.0,6.0,6.0,26.0,26.0,71.0,71.0,7.283e-11,5.653e-11,6.468e-11,25.0,1
224,1.0,1.0,2.0,1.0,2.0,6.0,1.0,1.0,3.0,3.0,6.0,6.0,26.0,26.0,75.0,75.0,7.284e-11,5.659e-11,6.471e-11,25.0,1
225,1.0,1.0,2.0,1.0,2.0,6.0,1.0,1.0,3.0,3.0,6.0,6.0,26.0,26.0,79.0,79.0,7.287e-11,5.665e-11,6.476e-11,25.0,1
226,1.0,1.0,2.0,1.0,2.0,6.0,1.0,1.0,3.0,3.0,7.0,7.0,22.0,22.0,71.0,71.0,7.225e-11,5.622e-11,6.423e-11,25.0,1
227,1.0,1.0,2.0,1.0,2.0,6.0,1.0,1.0,3.0,3.0,7.0,7.0,22.0,22.0,75.0,75.0,7.228e-11,5.63e-11,6.429e-11,25.0,1
228,1.0,1.0,2.0,1.0,2.0,6.0,1.0,1.0,3.0,3.0,7.0,7.0,22.0,22.0,79.0,79.0,7.234e-11,5.64e-11,6.437e-11,25.0,1
229,1.0,1.0,2.0,1.0,2.0,6.0,1.0,1.0,3.0,3.0,7.0,7.0,24.0,24.0,71.0,71.0,7.231e-11,5.621e-11,6.426e-11,25.0,1
230,1.0,1.0,2.0,1.0,2.0,6.0,1.0,1.0,3.0,3.0,7.0,7.0,24.0,24.0,75.0,75.0,7.233e-11,5.627e-11,6.43e-11,25.0,1
231,1.0,1.0,2.0,1.0,2.0,6.0,1.0,1.0,3.0,3.0,7.0,7.0,24.0,24.0,79.0,79.0,7.237e-11,5.635e-11,6.436e-11,25.0,1
232,1.0,1.0,2.0,1.0,2.0,6.0,1.0,1.0,3.0,3.0,7.0,7.0,26.0,26.0,71.0,71.0,7.241e-11,5.625e-11,6.433e-11,25.0,1
233,1.0,1.0,2.0,1.0,2.0,6.0,1.0,1.0,3.0,3.0,7.0,7.0,26.0,26.0,75.0,75.0,7.242e-11,5.63e-11,6.436e-11,25.0,1
234,1.0,1.0,2.0,1.0,2.0,6.0,1.0,1.0,3.0,3.0,7.0,7.0,26.0,26.0,79.0,79.0,7.245e-11,5.637e-11,6.441e-11,25.0,1
235,1.0,1.0,2.0,1.0,2.0,6.0,1.0,1.0,3.0,3.0,8.0,8.0,22.0,22.0,71.0,71.0,7.212e-11,5.62e-11,6.416e-11,25.0,1
236,1.0,1.0,2.0,1.0,2.0,6.0,1.0,1.0,3.0,3.0,8.0,8.0,22.0,22.0,75.0,75.0,7.215e-11,5.628e-11,6.422e-11,25.0,1
237,1.0,1.0,2.0,1.0,2.0,6.0,1.0,1.0,3.0,3.0,8.0,8.0,22.0,22.0,79.0,79.0,7.221e-11,5.637e-11,6.429e-11,25.0,1
238,1.0,1.0,2.0,1.0,2.0,6.0,1.0,1.0,3.0,3.0,8.0,8.0,24.0,24.0,71.0,71.0,7.213e-11,5.615e-11,6.414e-11,25.0,1
239,1.0,1.0,2.0,1.0,2.0,6.0,1.0,1.0,3.0,3.0,8.0,8.0,24.0,24.0,75.0,75.0,7.215e-11,5.621e-11,6.418e-11,25.0,1
240,1.0,1.0,2.0,1.0,2.0,6.0,1.0,1.0,3.0,3.0,8.0,8.0,24.0,24.0,79.0,79.0,7.219e-11,5.628e-11,6.424e-11,25.0,1
241,1.0,1.0,2.0,1.0,2.0,6.0,1.0,1.0,3.0,3.0,8.0,8.0,26.0,26.0,71.0,71.0,7.22e-11,5.615e-11,6.417e-11,25.0,1
242,1.0,1.0,2.0,1.0,2.0,6.0,1.0,1.0,3.0,3.0,8.0,8.0,26.0,26.0,75.0,75.0,7.22e-11,5.62e-11,6.42e-11,25.0,1
243,1.0,1.0,2.0,1.0,2.0,6.0,1.0,1.0,3.0,3.0,8.0,8.0,26.0,26.0,79.0,79.0,7.222e-11,5.626e-11,6.424e-11,25.0,1
244,1.0,1.0,2.0,1.0,2.0,6.0,2.0,2.0,1.0,1.0,6.0,6.0,22.0,22.0,71.0,71.0,7.487e-11,5.934e-11,6.711e-11,25.0,1
245,1.0,1.0,2.0,1.0,2.0,6.0,2.0,2.0,1.0,1.0,6.0,6.0,22.0,22.0,75.0,75.0,7.49e-11,5.943e-11,6.716e-11,25.0,1
246,1.0,1.0,2.0,1.0,2.0,6.0,2.0,2.0,1.0,1.0,6.0,6.0,22.0,22.0,79.0,79.0,7.496e-11,5.952e-11,6.724e-11,25.0,1
247,1.0,1.0,2.0,1.0,2.0,6.0,2.0,2.0,1.0,1.0,6.0,6.0,24.0,24.0,71.0,71.0,7.501e-11,5.943e-11,6.722e-11,25.0,1
248,1.0,1.0,2.0,1.0,2.0,6.0,2.0,2.0,1.0,1.0,6.0,6.0,24.0,24.0,75.0,75.0,7.503e-11,5.949e-11,6.726e-11,25.0,1
249,1.0,1.0,2.0,1.0,2.0,6.0,2.0,2.0,1.0,1.0,6.0,6.0,24.0,24.0,79.0,79.0,7.508e-11,5.957e-11,6.732e-11,25.0,1
250,1.0,1.0,2.0,1.0,2.0,6.0,2.0,2.0,1.0,1.0,6.0,6.0,26.0,26.0,71.0,71.0,7.519e-11,5.957e-11,6.738e-11,25.0,1
251,1.0,1.0,2.0,1.0,2.0,6.0,2.0,2.0,1.0,1.0,6.0,6.0,26.0,26.0,75.0,75.0,7.52e-11,5.962e-11,6.741e-11,25.0,1
252,1.0,1.0,2.0,1.0,2.0,6.0,2.0,2.0,1.0,1.0,6.0,6.0,26.0,26.0,79.0,79.0,7.524e-11,5.968e-11,6.746e-11,25.0,1
253,1.0,1.0,2.0,1.0,2.0,6.0,2.0,2.0,1.0,1.0,7.0,7.0,22.0,22.0,71.0,71.0,7.531e-11,6.001e-11,6.766e-11,25.0,1
254,1.0,1.0,2.0,1.0,2.0,6.0,2.0,2.0,1.0,1.0,7.0,7.0,22.0,22.0,75.0,75.0,7.534e-11,6.009e-11,6.772e-11,25.0,1
255,1.0,1.0,2.0,1.0,2.0,6.0,2.0,2.0,1.0,1.0,7.0,7.0,22.0,22.0,79.0,79.0,7.54e-11,6.017e-11,6.779e-11,25.0,1
256,1.0,1.0,2.0,1.0,2.0,6.0,2.0,2.0,1.0,1.0,7.0,7.0,24.0,24.0,71.0,71.0,7.54e-11,6.005e-11,6.772e-11,25.0,1
257,1.0,1.0,2.0,1.0,2.0,6.0,2.0,2.0,1.0,1.0,7.0,7.0,24.0,24.0,75.0,75.0,7.542e-11,6.011e-11,6.776e-11,25.0,1
258,1.0,1.0,2.0,1.0,2.0,6.0,2.0,2.0,1.0,1.0,7.0,7.0,24.0,24.0,79.0,79.0,7.546e-11,6.018e-11,6.782e-11,25.0,1
259,1.0,1.0,2.0,1.0,2.0,6.0,2.0,2.0,1.0,1.0,7.0,7.0,26.0,26.0,71.0,71.0,7.553e-11,6.013e-11,6.783e-11,25.0,1
260,1.0,1.0,2.0,1.0,2.0,6.0,2.0,2.0,1.0,1.0,7.0,7.0,26.0,26.0,75.0,75.0,7.554e-11,6.018e-11,6.786e-11,25.0,1
261,1.0,1.0,2.0,1.0,2.0,6.0,2.0,2.0,1.0,1.0,7.0,7.0,26.0,26.0,79.0,79.0,7.557e-11,6.024e-11,6.79e-11,25.0,1
262,1.0,1.0,2.0,1.0,2.0,6.0,2.0,2.0,1.0,1.0,8.0,8.0,22.0,22.0,71.0,71.0,7.593e-11,6.083e-11,6.838e-11,25.0,1
263,1.0,1.0,2.0,1.0,2.0,6.0,2.0,2.0,1.0,1.0,8.0,8.0,22.0,22.0,75.0,75.0,7.597e-11,6.091e-11,6.844e-11,25.0,1
264,1.0,1.0,2.0,1.0,2.0,6.0,2.0,2.0,1.0,1.0,8.0,8.0,22.0,22.0,79.0,79.0,7.601e-11,6.1e-11,6.85e-11,25.0,1
265,1.0,1.0,2.0,1.0,2.0,6.0,2.0,2.0,1.0,1.0,8.0,8.0,24.0,24.0,71.0,71.0,7.597e-11,6.083e-11,6.84e-11,25.0,1
266,1.0,1.0,2.0,1.0,2.0,6.0,2.0,2.0,1.0,1.0,8.0,8.0,24.0,24.0,75.0,75.0,7.599e-11,6.089e-11,6.844e-11,25.0,1
267,1.0,1.0,2.0,1.0,2.0,6.0,2.0,2.0,1.0,1.0,8.0,8.0,24.0,24.0,79.0,79.0,7.603e-11,6.096e-11,6.85e-11,25.0,1
268,1.0,1.0,2.0,1.0,2.0,6.0,2.0,2.0,1.0,1.0,8.0,8.0,26.0,26.0,71.0,71.0,7.607e-11,6.088e-11,6.847e-11,25.0,1
269,1.0,1.0,2.0,1.0,2.0,6.0,2.0,2.0,1.0,1.0,8.0,8.0,26.0,26.0,75.0,75.0,7.607e-11,6.092e-11,6.85e-11,25.0,1
270,1.0,1.0,2.0,1.0,2.0,6.0,2.0,2.0,1.0,1.0,8.0,8.0,26.0,26.0,79.0,79.0,7.61e-11,6.099e-11,6.854e-11,25.0,1
271,1.0,1.0,2.0,1.0,2.0,6.0,2.0,2.0,2.0,2.0,6.0,6.0,22.0,22.0,71.0,71.0,7.192e-11,5.581e-11,6.386e-11,25.0,1
272,1.0,1.0,2.0,1.0,2.0,6.0,2.0,2.0,2.0,2.0,6.0,6.0,22.0,22.0,75.0,75.0,7.196e-11,5.589e-11,6.392e-11,25.0,1
273,1.0,1.0,2.0,1.0,2.0,6.0,2.0,2.0,2.0,2.0,6.0,6.0,22.0,22.0,79.0,79.0,7.202e-11,5.598e-11,6.4e-11,25.0,1
274,1.0,1.0,2.0,1.0,2.0,6.0,2.0,2.0,2.0,2.0,6.0,6.0,24.0,24.0,71.0,71.0,7.204e-11,5.586e-11,6.395e-11,25.0,1
275,1.0,1.0,2.0,1.0,2.0,6.0,2.0,2.0,2.0,2.0,6.0,6.0,24.0,24.0,75.0,75.0,7.207e-11,5.592e-11,6.4e-11,25.0,1
276,1.0,1.0,2.0,1.0,2.0,6.0,2.0,2.0,2.0,2.0,6.0,6.0,24.0,24.0,79.0,79.0,7.211e-11,5.6e-11,6.406e-11,25.0,1
277,1.0,1.0,2.0,1.0,2.0,6.0,2.0,2.0,2.0,2.0,6.0,6.0,26.0,26.0,71.0,71.0,7.221e-11,5.596e-11,6.409e-11,25.0,1
278,1.0,1.0,2.0,1.0,2.0,6.0,2.0,2.0,2.0,2.0,6.0,6.0,26.0,26.0,75.0,75.0,7.222e-11,5.601e-11,6.412e-11,25.0,1
279,1.0,1.0,2.0,1.0,2.0,6.0,2.0,2.0,2.0,2.0,6.0,6.0,26.0,26.0,79.0,79.0,7.225e-11,5.608e-11,6.417e-11,25.0,1
280,1.0,1.0,2.0,1.0,2.0,6.0,2.0,2.0,2.0,2.0,7.0,7.0,22.0,22.0,71.0,71.0,7.178e-11,5.583e-11,6.38e-11,25.0,1
281,1.0,1.0,2.0,1.0,2.0,6.0,2.0,2.0,2.0,2.0,7.0,7.0,22.0,22.0,75.0,75.0,7.181e-11,5.591e-11,6.386e-11,25.0,1
282,1.0,1.0,2.0,1.0,2.0,6.0,2.0,2.0,2.0,2.0,7.0,7.0,22.0,22.0,79.0,79.0,7.187e-11,5.6e-11,6.394e-11,25.0,1
283,1.0,1.0,2.0,1.0,2.0,6.0,2.0,2.0,2.0,2.0,7.0,7.0,24.0,24.0,71.0,71.0,7.185e-11,5.583e-11,6.384e-11,25.0,1
284,1.0,1.0,2.0,1.0,2.0,6.0,2.0,2.0,2.0,2.0,7.0,7.0,24.0,24.0,75.0,75.0,7.187e-11,5.589e-11,6.388e-11,25.0,1
285,1.0,1.0,2.0,1.0,2.0,6.0,2.0,2.0,2.0,2.0,7.0,7.0,24.0,24.0,79.0,79.0,7.191e-11,5.597e-11,6.394e-11,25.0,1
286,1.0,1.0,2.0,1.0,2.0,6.0,2.0,2.0,2.0,2.0,7.0,7.0,26.0,26.0,71.0,71.0,7.196e-11,5.589e-11,6.392e-11,25.0,1
287,1.0,1.0,2.0,1.0,2.0,6.0,2.0,2.0,2.0,2.0,7.0,7.0,26.0,26.0,75.0,75.0,7.197e-11,5.594e-11,6.395e-11,25.0,1
288,1.0,1.0,2.0,1.0,2.0,6.0,2.0,2.0,2.0,2.0,7.0,7.0,26.0,26.0,79.0,79.0,7.199e-11,5.6e-11,6.4e-11,25.0,1
289,1.0,1.0,2.0,1.0,2.0,6.0,2.0,2.0,2.0,2.0,8.0,8.0,22.0,22.0,71.0,71.0,7.182e-11,5.6e-11,6.391e-11,25.0,1
290,1.0,1.0,2.0,1.0,2.0,6.0,2.0,2.0,2.0,2.0,8.0,8.0,22.0,22.0,75.0,75.0,7.185e-11,5.608e-11,6.397e-11,25.0,1
291,1.0,1.0,2.0,1.0,2.0,6.0,2.0,2.0,2.0,2.0,8.0,8.0,22.0,22.0,79.0,79.0,7.19e-11,5.617e-11,6.404e-11,25.0,1
292,1.0,1.0,2.0,1.0,2.0,6.0,2.0,2.0,2.0,2.0,8.0,8.0,24.0,24.0,71.0,71.0,7.184e-11,5.597e-11,6.391e-11,25.0,1
293,1.0,1.0,2.0,1.0,2.0,6.0,2.0,2.0,2.0,2.0,8.0,8.0,24.0,24.0,75.0,75.0,7.186e-11,5.603e-11,6.394e-11,25.0,1
294,1.0,1.0,2.0,1.0,2.0,6.0,2.0,2.0,2.0,2.0,8.0,8.0,24.0,24.0,79.0,79.0,7.189e-11,5.611e-11,6.4e-11,25.0,1
295,1.0,1.0,2.0,1.0,2.0,6.0,2.0,2.0,2.0,2.0,8.0,8.0,26.0,26.0,71.0,71.0,7.191e-11,5.599e-11,6.395e-11,25.0,1
296,1.0,1.0,2.0,1.0,2.0,6.0,2.0,2.0,2.0,2.0,8.0,8.0,26.0,26.0,75.0,75.0,7.192e-11,5.604e-11,6.398e-11,25.0,1
297,1.0,1.0,2.0,1.0,2.0,6.0,2.0,2.0,2.0,2.0,8.0,8.0,26.0,26.0,79.0,79.0,7.194e-11,5.609e-11,6.402e-11,25.0,1
298,1.0,1.0,2.0,1.0,2.0,6.0,2.0,2.0,3.0,3.0,6.0,6.0,22.0,22.0,71.0,71.0,7.14e-11,5.51e-11,6.325e-11,25.0,1
299,1.0,1.0,2.0,1.0,2.0,6.0,2.0,2.0,3.0,3.0,6.0,6.0,22.0,22.0,75.0,75.0,7.145e-11,5.518e-11,6.331e-11,25.0,1
300,1.0,1.0,2.0,1.0,2.0,6.0,2.0,2.0,3.0,3.0,6.0,6.0,22.0,22.0,79.0,79.0,7.15e-11,5.528e-11,6.339e-11,25.0,1
301,1.0,1.0,2.0,1.0,2.0,6.0,2.0,2.0,3.0,3.0,6.0,6.0,24.0,24.0,71.0,71.0,7.152e-11,5.514e-11,6.333e-11,25.0,1
302,1.0,1.0,2.0,1.0,2.0,6.0,2.0,2.0,3.0,3.0,6.0,6.0,24.0,24.0,75.0,75.0,7.155e-11,5.52e-11,6.338e-11,25.0,1
303,1.0,1.0,2.0,1.0,2.0,6.0,2.0,2.0,3.0,3.0,6.0,6.0,24.0,24.0,79.0,79.0,7.159e-11,5.529e-11,6.344e-11,25.0,1
304,1.0,1.0,2.0,1.0,2.0,6.0,2.0,2.0,3.0,3.0,6.0,6.0,26.0,26.0,71.0,71.0,7.168e-11,5.523e-11,6.346e-11,25.0,1
305,1.0,1.0,2.0,1.0,2.0,6.0,2.0,2.0,3.0,3.0,6.0,6.0,26.0,26.0,75.0,75.0,7.17e-11,5.529e-11,6.349e-11,25.0,1
306,1.0,1.0,2.0,1.0,2.0,6.0,2.0,2.0,3.0,3.0,6.0,6.0,26.0,26.0,79.0,79.0,7.173e-11,5.535e-11,6.354e-11,25.0,1
307,1.0,1.0,2.0,1.0,2.0,6.0,2.0,2.0,3.0,3.0,7.0,7.0,22.0,22.0,71.0,71.0,7.107e-11,5.49e-11,6.299e-11,25.0,1
308,1.0,1.0,2.0,1.0,2.0,6.0,2.0,2.0,3.0,3.0,7.0,7.0,22.0,22.0,75.0,75.0,7.11e-11,5.499e-11,6.305e-11,25.0,1
309,1.0,1.0,2.0,1.0,2.0,6.0,2.0,2.0,3.0,3.0,7.0,7.0,22.0,22.0,79.0,79.0,7.116e-11,5.508e-11,6.312e-11,25.0,1
310,1.0,1.0,2.0,1.0,2.0,6.0,2.0,2.0,3.0,3.0,7.0,7.0,24.0,24.0,71.0,71.0,7.113e-11,5.49e-11,6.301e-11,25.0,1
311,1.0,1.0,2.0,1.0,2.0,6.0,2.0,2.0,3.0,3.0,7.0,7.0,24.0,24.0,75.0,75.0,7.115e-11,5.496e-11,6.306e-11,25.0,1
312,1.0,1.0,2.0,1.0,2.0,6.0,2.0,2.0,3.0,3.0,7.0,7.0,24.0,24.0,79.0,79.0,7.119e-11,5.504e-11,6.311e-11,25.0,1
313,1.0,1.0,2.0,1.0,2.0,6.0,2.0,2.0,3.0,3.0,7.0,7.0,26.0,26.0,71.0,71.0,7.124e-11,5.494e-11,6.309e-11,25.0,1
314,1.0,1.0,2.0,1.0,2.0,6.0,2.0,2.0,3.0,3.0,7.0,7.0,26.0,26.0,75.0,75.0,7.124e-11,5.499e-11,6.312e-11,25.0,1
315,1.0,1.0,2.0,1.0,2.0,6.0,2.0,2.0,3.0,3.0,7.0,7.0,26.0,26.0,79.0,79.0,7.127e-11,5.505e-11,6.316e-11,25.0,1
316,1.0,1.0,2.0,1.0,2.0,6.0,2.0,2.0,3.0,3.0,8.0,8.0,22.0,22.0,71.0,71.0,7.092e-11,5.487e-11,6.29e-11,25.0,1
317,1.0,1.0,2.0,1.0,2.0,6.0,2.0,2.0,3.0,3.0,8.0,8.0,22.0,22.0,75.0,75.0,7.095e-11,5.494e-11,6.295e-11,25.0,1
318,1.0,1.0,2.0,1.0,2.0,6.0,2.0,2.0,3.0,3.0,8.0,8.0,22.0,22.0,79.0,79.0,7.101e-11,5.504e-11,6.302e-11,25.0,1
319,1.0,1.0,2.0,1.0,2.0,6.0,2.0,2.0,3.0,3.0,8.0,8.0,24.0,24.0,71.0,71.0,7.093e-11,5.482e-11,6.288e-11,25.0,1
320,1.0,1.0,2.0,1.0,2.0,6.0,2.0,2.0,3.0,3.0,8.0,8.0,24.0,24.0,75.0,75.0,7.095e-11,5.489e-11,6.292e-11,25.0,1
321,1.0,1.0,2.0,1.0,2.0,6.0,2.0,2.0,3.0,3.0,8.0,8.0,24.0,24.0,79.0,79.0,7.099e-11,5.496e-11,6.297e-11,25.0,1
322,1.0,1.0,2.0,1.0,2.0,6.0,2.0,2.0,3.0,3.0,8.0,8.0,26.0,26.0,71.0,71.0,7.099e-11,5.482e-11,6.291e-11,25.0,1
323,1.0,1.0,2.0,1.0,2.0,6.0,2.0,2.0,3.0,3.0,8.0,8.0,26.0,26.0,75.0,75.0,7.1e-11,5.487e-11,6.294e-11,25.0,1
324,1.0,1.0,2.0,1.0,2.0,6.0,2.0,2.0,3.0,3.0,8.0,8.0,26.0,26.0,79.0,79.0,7.102e-11,5.493e-11,6.298e-11,25.0,1
325,1.0,1.0,3.0,2.0,1.0,3.0,1.0,1.0,1.0,1.0,6.0,6.0,22.0,22.0,71.0,71.0,5.635e-11,5.258e-11,5.447e-11,25.0,1
326,1.0,1.0,3.0,2.0,1.0,3.0,1.0,1.0,1.0,1.0,6.0,6.0,22.0,22.0,75.0,75.0,5.639e-11,5.266e-11,5.453e-11,25.0,1
327,1.0,1.0,3.0,2.0,1.0,3.0,1.0,1.0,1.0,1.0,6.0,6.0,22.0,22.0,79.0,79.0,5.643e-11,5.276e-11,5.46e-11,25.0,1
328,1.0,1.0,3.0,2.0,1.0,3.0,1.0,1.0,1.0,1.0,6.0,6.0,24.0,24.0,71.0,71.0,5.649e-11,5.267e-11,5.458e-11,25.0,1
329,1.0,1.0,3.0,2.0,1.0,3.0,1.0,1.0,1.0,1.0,6.0,6.0,24.0,24.0,75.0,75.0,5.652e-11,5.274e-11,5.463e-11,25.0,1
330,1.0,1.0,3.0,2.0,1.0,3.0,1.0,1.0,1.0,1.0,6.0,6.0,24.0,24.0,79.0,79.0,5.655e-11,5.282e-11,5.468e-11,25.0,1
331,1.0,1.0,3.0,2.0,1.0,3.0,1.0,1.0,1.0,1.0,6.0,6.0,26.0,26.0,71.0,71.0,5.668e-11,5.281e-11,5.474e-11,25.0,1
332,1.0,1.0,3.0,2.0,1.0,3.0,1.0,1.0,1.0,1.0,6.0,6.0,26.0,26.0,75.0,75.0,5.668e-11,5.286e-11,5.477e-11,25.0,1
333,1.0,1.0,3.0,2.0,1.0,3.0,1.0,1.0,1.0,1.0,6.0,6.0,26.0,26.0,79.0,79.0,5.672e-11,5.292e-11,5.482e-11,25.0,1
334,1.0,1.0,3.0,2.0,1.0,3.0,1.0,1.0,1.0,1.0,7.0,7.0,22.0,22.0,71.0,71.0,5.679e-11,5.325e-11,5.502e-11,25.0,1
335,1.0,1.0,3.0,2.0,1.0,3.0,1.0,1.0,1.0,1.0,7.0,7.0,22.0,22.0,75.0,75.0,5.683e-11,5.333e-11,5.508e-11,25.0,1
336,1.0,1.0,3.0,2.0,1.0,3.0,1.0,1.0,1.0,1.0,7.0,7.0,22.0,22.0,79.0,79.0,5.688e-11,5.342e-11,5.515e-11,25.0,1
337,1.0,1.0,3.0,2.0,1.0,3.0,1.0,1.0,1.0,1.0,7.0,7.0,24.0,24.0,71.0,71.0,5.688e-11,5.329e-11,5.509e-11,25.0,1
338,1.0,1.0,3.0,2.0,1.0,3.0,1.0,1.0,1.0,1.0,7.0,7.0,24.0,24.0,75.0,75.0,5.69e-11,5.335e-11,5.512e-11,25.0,1
339,1.0,1.0,3.0,2.0,1.0,3.0,1.0,1.0,1.0,1.0,7.0,7.0,24.0,24.0,79.0,79.0,5.694e-11,5.343e-11,5.518e-11,25.0,1
340,1.0,1.0,3.0,2.0,1.0,3.0,1.0,1.0,1.0,1.0,7.0,7.0,26.0,26.0,71.0,71.0,5.701e-11,5.338e-11,5.519e-11,25.0,1
341,1.0,1.0,3.0,2.0,1.0,3.0,1.0,1.0,1.0,1.0,7.0,7.0,26.0,26.0,75.0,75.0,5.702e-11,5.342e-11,5.522e-11,25.0,1
342,1.0,1.0,3.0,2.0,1.0,3.0,1.0,1.0,1.0,1.0,7.0,7.0,26.0,26.0,79.0,79.0,5.704e-11,5.349e-11,5.527e-11,25.0,1
343,1.0,1.0,3.0,2.0,1.0,3.0,1.0,1.0,1.0,1.0,8.0,8.0,22.0,22.0,71.0,71.0,5.741e-11,5.407e-11,5.574e-11,25.0,1
344,1.0,1.0,3.0,2.0,1.0,3.0,1.0,1.0,1.0,1.0,8.0,8.0,22.0,22.0,75.0,75.0,5.745e-11,5.415e-11,5.58e-11,25.0,1
345,1.0,1.0,3.0,2.0,1.0,3.0,1.0,1.0,1.0,1.0,8.0,8.0,22.0,22.0,79.0,79.0,5.75e-11,5.424e-11,5.587e-11,25.0,1
346,1.0,1.0,3.0,2.0,1.0,3.0,1.0,1.0,1.0,1.0,8.0,8.0,24.0,24.0,71.0,71.0,5.747e-11,5.407e-11,5.577e-11,25.0,1
347,1.0,1.0,3.0,2.0,1.0,3.0,1.0,1.0,1.0,1.0,8.0,8.0,24.0,24.0,75.0,75.0,5.748e-11,5.413e-11,5.58e-11,25.0,1
348,1.0,1.0,3.0,2.0,1.0,3.0,1.0,1.0,1.0,1.0,8.0,8.0,24.0,24.0,79.0,79.0,5.751e-11,5.42e-11,5.586e-11,25.0,1
349,1.0,1.0,3.0,2.0,1.0,3.0,1.0,1.0,1.0,1.0,8.0,8.0,26.0,26.0,71.0,71.0,5.755e-11,5.412e-11,5.584e-11,25.0,1
350,1.0,1.0,3.0,2.0,1.0,3.0,1.0,1.0,1.0,1.0,8.0,8.0,26.0,26.0,75.0,75.0,5.756e-11,5.417e-11,5.586e-11,25.0,1
351,1.0,1.0,3.0,2.0,1.0,3.0,1.0,1.0,1.0,1.0,8.0,8.0,26.0,26.0,79.0,79.0,5.758e-11,5.423e-11,5.59e-11,25.0,1
352,1.0,1.0,3.0,2.0,1.0,3.0,1.0,1.0,2.0,2.0,6.0,6.0,22.0,22.0,71.0,71.0,5.403e-11,4.972e-11,5.188e-11,25.0,1
353,1.0,1.0,3.0,2.0,1.0,3.0,1.0,1.0,2.0,2.0,6.0,6.0,22.0,22.0,75.0,75.0,5.407e-11,4.981e-11,5.194e-11,25.0,1
354,1.0,1.0,3.0,2.0,1.0,3.0,1.0,1.0,2.0,2.0,6.0,6.0,22.0,22.0,79.0,79.0,5.413e-11,4.99e-11,5.202e-11,25.0,1
355,1.0,1.0,3.0,2.0,1.0,3.0,1.0,1.0,2.0,2.0,6.0,6.0,24.0,24.0,71.0,71.0,5.415e-11,4.978e-11,5.197e-11,25.0,1
356,1.0,1.0,3.0,2.0,1.0,3.0,1.0,1.0,2.0,2.0,6.0,6.0,24.0,24.0,75.0,75.0,5.418e-11,4.985e-11,5.201e-11,25.0,1
357,1.0,1.0,3.0,2.0,1.0,3.0,1.0,1.0,2.0,2.0,6.0,6.0,24.0,24.0,79.0,79.0,5.422e-11,4.993e-11,5.207e-11,25.0,1
358,1.0,1.0,3.0,2.0,1.0,3.0,1.0,1.0,2.0,2.0,6.0,6.0,26.0,26.0,71.0,71.0,5.432e-11,4.988e-11,5.21e-11,25.0,1
359,1.0,1.0,3.0,2.0,1.0,3.0,1.0,1.0,2.0,2.0,6.0,6.0,26.0,26.0,75.0,75.0,5.434e-11,4.993e-11,5.214e-11,25.0,1
360,1.0,1.0,3.0,2.0,1.0,3.0,1.0,1.0,2.0,2.0,6.0,6.0,26.0,26.0,79.0,79.0,5.437e-11,5e-11,5.218e-11,25.0,1
361,1.0,1.0,3.0,2.0,1.0,3.0,1.0,1.0,2.0,2.0,7.0,7.0,22.0,22.0,71.0,71.0,5.391e-11,4.976e-11,5.183e-11,25.0,1
362,1.0,1.0,3.0,2.0,1.0,3.0,1.0,1.0,2.0,2.0,7.0,7.0,22.0,22.0,75.0,75.0,5.394e-11,4.984e-11,5.189e-11,25.0,1
363,1.0,1.0,3.0,2.0,1.0,3.0,1.0,1.0,2.0,2.0,7.0,7.0,22.0,22.0,79.0,79.0,5.4e-11,4.993e-11,5.196e-11,25.0,1
364,1.0,1.0,3.0,2.0,1.0,3.0,1.0,1.0,2.0,2.0,7.0,7.0,24.0,24.0,71.0,71.0,5.398e-11,4.976e-11,5.187e-11,25.0,1
365,1.0,1.0,3.0,2.0,1.0,3.0,1.0,1.0,2.0,2.0,7.0,7.0,24.0,24.0,75.0,75.0,5.4e-11,4.982e-11,5.191e-11,25.0,1
366,1.0,1.0,3.0,2.0,1.0,3.0,1.0,1.0,2.0,2.0,7.0,7.0,24.0,24.0,79.0,79.0,5.404e-11,4.99e-11,5.197e-11,25.0,1
367,1.0,1.0,3.0,2.0,1.0,3.0,1.0,1.0,2.0,2.0,7.0,7.0,26.0,26.0,71.0,71.0,5.409e-11,4.981e-11,5.195e-11,25.0,1
368,1.0,1.0,3.0,2.0,1.0,3.0,1.0,1.0,2.0,2.0,7.0,7.0,26.0,26.0,75.0,75.0,5.41e-11,4.986e-11,5.198e-11,25.0,1
369,1.0,1.0,3.0,2.0,1.0,3.0,1.0,1.0,2.0,2.0,7.0,7.0,26.0,26.0,79.0,79.0,5.412e-11,4.993e-11,5.202e-11,25.0,1
370,1.0,1.0,3.0,2.0,1.0,3.0,1.0,1.0,2.0,2.0,8.0,8.0,22.0,22.0,71.0,71.0,5.396e-11,4.994e-11,5.195e-11,25.0,1
371,1.0,1.0,3.0,2.0,1.0,3.0,1.0,1.0,2.0,2.0,8.0,8.0,22.0,22.0,75.0,75.0,5.4e-11,5.002e-11,5.201e-11,25.0,1
372,1.0,1.0,3.0,2.0,1.0,3.0,1.0,1.0,2.0,2.0,8.0,8.0,22.0,22.0,79.0,79.0,5.405e-11,5.01e-11,5.208e-11,25.0,1
373,1.0,1.0,3.0,2.0,1.0,3.0,1.0,1.0,2.0,2.0,8.0,8.0,24.0,24.0,71.0,71.0,5.399e-11,4.99e-11,5.195e-11,25.0,1
374,1.0,1.0,3.0,2.0,1.0,3.0,1.0,1.0,2.0,2.0,8.0,8.0,24.0,24.0,75.0,75.0,5.401e-11,4.996e-11,5.199e-11,25.0,1
375,1.0,1.0,3.0,2.0,1.0,3.0,1.0,1.0,2.0,2.0,8.0,8.0,24.0,24.0,79.0,79.0,5.404e-11,5.004e-11,5.204e-11,25.0,1
376,1.0,1.0,3.0,2.0,1.0,3.0,1.0,1.0,2.0,2.0,8.0,8.0,26.0,26.0,71.0,71.0,5.405e-11,4.992e-11,5.199e-11,25.0,1
377,1.0,1.0,3.0,2.0,1.0,3.0,1.0,1.0,2.0,2.0,8.0,8.0,26.0,26.0,75.0,75.0,5.407e-11,4.997e-11,5.202e-11,25.0,1
378,1.0,1.0,3.0,2.0,1.0,3.0,1.0,1.0,2.0,2.0,8.0,8.0,26.0,26.0,79.0,79.0,5.408e-11,5.003e-11,5.206e-11,25.0,1
379,1.0,1.0,3.0,2.0,1.0,3.0,1.0,1.0,3.0,3.0,6.0,6.0,22.0,22.0,71.0,71.0,5.412e-11,4.962e-11,5.187e-11,25.0,1
380,1.0,1.0,3.0,2.0,1.0,3.0,1.0,1.0,3.0,3.0,6.0,6.0,22.0,22.0,75.0,75.0,5.416e-11,4.971e-11,5.193e-11,25.0,1
381,1.0,1.0,3.0,2.0,1.0,3.0,1.0,1.0,3.0,3.0,6.0,6.0,22.0,22.0,79.0,79.0,5.422e-11,4.98e-11,5.201e-11,25.0,1
382,1.0,1.0,3.0,2.0,1.0,3.0,1.0,1.0,3.0,3.0,6.0,6.0,24.0,24.0,71.0,71.0,5.424e-11,4.967e-11,5.195e-11,25.0,1
383,1.0,1.0,3.0,2.0,1.0,3.0,1.0,1.0,3.0,3.0,6.0,6.0,24.0,24.0,75.0,75.0,5.426e-11,4.973e-11,5.2e-11,25.0,1
384,1.0,1.0,3.0,2.0,1.0,3.0,1.0,1.0,3.0,3.0,6.0,6.0,24.0,24.0,79.0,79.0,5.43e-11,4.981e-11,5.206e-11,25.0,1
385,1.0,1.0,3.0,2.0,1.0,3.0,1.0,1.0,3.0,3.0,6.0,6.0,26.0,26.0,71.0,71.0,5.44e-11,4.976e-11,5.208e-11,25.0,1
386,1.0,1.0,3.0,2.0,1.0,3.0,1.0,1.0,3.0,3.0,6.0,6.0,26.0,26.0,75.0,75.0,5.442e-11,4.981e-11,5.211e-11,25.0,1
387,1.0,1.0,3.0,2.0,1.0,3.0,1.0,1.0,3.0,3.0,6.0,6.0,26.0,26.0,79.0,79.0,5.444e-11,4.988e-11,5.216e-11,25.0,1
388,1.0,1.0,3.0,2.0,1.0,3.0,1.0,1.0,3.0,3.0,7.0,7.0,22.0,22.0,71.0,71.0,5.382e-11,4.945e-11,5.163e-11,25.0,1
389,1.0,1.0,3.0,2.0,1.0,3.0,1.0,1.0,3.0,3.0,7.0,7.0,22.0,22.0,75.0,75.0,5.385e-11,4.953e-11,5.169e-11,25.0,1
390,1.0,1.0,3.0,2.0,1.0,3.0,1.0,1.0,3.0,3.0,7.0,7.0,22.0,22.0,79.0,79.0,5.392e-11,4.962e-11,5.177e-11,25.0,1
391,1.0,1.0,3.0,2.0,1.0,3.0,1.0,1.0,3.0,3.0,7.0,7.0,24.0,24.0,71.0,71.0,5.388e-11,4.944e-11,5.166e-11,25.0,1
392,1.0,1.0,3.0,2.0,1.0,3.0,1.0,1.0,3.0,3.0,7.0,7.0,24.0,24.0,75.0,75.0,5.39e-11,4.95e-11,5.17e-11,25.0,1
393,1.0,1.0,3.0,2.0,1.0,3.0,1.0,1.0,3.0,3.0,7.0,7.0,24.0,24.0,79.0,79.0,5.394e-11,4.958e-11,5.176e-11,25.0,1
394,1.0,1.0,3.0,2.0,1.0,3.0,1.0,1.0,3.0,3.0,7.0,7.0,26.0,26.0,71.0,71.0,5.398e-11,4.948e-11,5.173e-11,25.0,1
395,1.0,1.0,3.0,2.0,1.0,3.0,1.0,1.0,3.0,3.0,7.0,7.0,26.0,26.0,75.0,75.0,5.4e-11,4.953e-11,5.177e-11,25.0,1
396,1.0,1.0,3.0,2.0,1.0,3.0,1.0,1.0,3.0,3.0,7.0,7.0,26.0,26.0,79.0,79.0,5.402e-11,4.96e-11,5.181e-11,25.0,1
397,1.0,1.0,3.0,2.0,1.0,3.0,1.0,1.0,3.0,3.0,8.0,8.0,22.0,22.0,71.0,71.0,5.37e-11,4.943e-11,5.156e-11,25.0,1
398,1.0,1.0,3.0,2.0,1.0,3.0,1.0,1.0,3.0,3.0,8.0,8.0,22.0,22.0,75.0,75.0,5.373e-11,4.95e-11,5.162e-11,25.0,1
399,1.0,1.0,3.0,2.0,1.0,3.0,1.0,1.0,3.0,3.0,8.0,8.0,22.0,22.0,79.0,79.0,5.379e-11,4.96e-11,5.169e-11,25.0,1
400,1.0,1.0,3.0,2.0,1.0,3.0,1.0,1.0,3.0,3.0,8.0,8.0,24.0,24.0,71.0,71.0,5.371e-11,4.938e-11,5.155e-11,25.0,1
401,1.0,1.0,3.0,2.0,1.0,3.0,1.0,1.0,3.0,3.0,8.0,8.0,24.0,24.0,75.0,75.0,5.373e-11,4.944e-11,5.159e-11,25.0,1
402,1.0,1.0,3.0,2.0,1.0,3.0,1.0,1.0,3.0,3.0,8.0,8.0,24.0,24.0,79.0,79.0,5.377e-11,4.952e-11,5.164e-11,25.0,1
403,1.0,1.0,3.0,2.0,1.0,3.0,1.0,1.0,3.0,3.0,8.0,8.0,26.0,26.0,71.0,71.0,5.377e-11,4.938e-11,5.158e-11,25.0,1
404,1.0,1.0,3.0,2.0,1.0,3.0,1.0,1.0,3.0,3.0,8.0,8.0,26.0,26.0,75.0,75.0,5.378e-11,4.943e-11,5.16e-11,25.0,1
405,1.0,1.0,3.0,2.0,1.0,3.0,1.0,1.0,3.0,3.0,8.0,8.0,26.0,26.0,79.0,79.0,5.381e-11,4.949e-11,5.165e-11,25.0,1
406,1.0,1.0,3.0,2.0,1.0,3.0,2.0,2.0,1.0,1.0,6.0,6.0,22.0,22.0,71.0,71.0,5.689e-11,5.296e-11,5.493e-11,25.0,1
407,1.0,1.0,3.0,2.0,1.0,3.0,2.0,2.0,1.0,1.0,6.0,6.0,22.0,22.0,75.0,75.0,5.693e-11,5.304e-11,5.498e-11,25.0,1
408,1.0,1.0,3.0,2.0,1.0,3.0,2.0,2.0,1.0,1.0,6.0,6.0,22.0,22.0,79.0,79.0,5.698e-11,5.313e-11,5.506e-11,25.0,1
409,1.0,1.0,3.0,2.0,1.0,3.0,2.0,2.0,1.0,1.0,6.0,6.0,24.0,24.0,71.0,71.0,5.703e-11,5.304e-11,5.504e-11,25.0,1
410,1.0,1.0,3.0,2.0,1.0,3.0,2.0,2.0,1.0,1.0,6.0,6.0,24.0,24.0,75.0,75.0,5.706e-11,5.311e-11,5.508e-11,25.0,1
411,1.0,1.0,3.0,2.0,1.0,3.0,2.0,2.0,1.0,1.0,6.0,6.0,24.0,24.0,79.0,79.0,5.709e-11,5.319e-11,5.514e-11,25.0,1
412,1.0,1.0,3.0,2.0,1.0,3.0,2.0,2.0,1.0,1.0,6.0,6.0,26.0,26.0,71.0,71.0,5.722e-11,5.318e-11,5.52e-11,25.0,1
413,1.0,1.0,3.0,2.0,1.0,3.0,2.0,2.0,1.0,1.0,6.0,6.0,26.0,26.0,75.0,75.0,5.723e-11,5.323e-11,5.523e-11,25.0,1
414,1.0,1.0,3.0,2.0,1.0,3.0,2.0,2.0,1.0,1.0,6.0,6.0,26.0,26.0,79.0,79.0,5.726e-11,5.33e-11,5.528e-11,25.0,1
415,1.0,1.0,3.0,2.0,1.0,3.0,2.0,2.0,1.0,1.0,7.0,7.0,22.0,22.0,71.0,71.0,5.733e-11,5.362e-11,5.548e-11,25.0,1
416,1.0,1.0,3.0,2.0,1.0,3.0,2.0,2.0,1.0,1.0,7.0,7.0,22.0,22.0,75.0,75.0,5.737e-11,5.37e-11,5.553e-11,25.0,1
417,1.0,1.0,3.0,2.0,1.0,3.0,2.0,2.0,1.0,1.0,7.0,7.0,22.0,22.0,79.0,79.0,5.741e-11,5.379e-11,5.56e-11,25.0,1
418,1.0,1.0,3.0,2.0,1.0,3.0,2.0,2.0,1.0,1.0,7.0,7.0,24.0,24.0,71.0,71.0,5.742e-11,5.366e-11,5.554e-11,25.0,1
419,1.0,1.0,3.0,2.0,1.0,3.0,2.0,2.0,1.0,1.0,7.0,7.0,24.0,24.0,75.0,75.0,5.744e-11,5.372e-11,5.558e-11,25.0,1
420,1.0,1.0,3.0,2.0,1.0,3.0,2.0,2.0,1.0,1.0,7.0,7.0,24.0,24.0,79.0,79.0,5.748e-11,5.38e-11,5.564e-11,25.0,1
421,1.0,1.0,3.0,2.0,1.0,3.0,2.0,2.0,1.0,1.0,7.0,7.0,26.0,26.0,71.0,71.0,5.756e-11,5.375e-11,5.565e-11,25.0,1
422,1.0,1.0,3.0,2.0,1.0,3.0,2.0,2.0,1.0,1.0,7.0,7.0,26.0,26.0,75.0,75.0,5.756e-11,5.38e-11,5.568e-11,25.0,1
423,1.0,1.0,3.0,2.0,1.0,3.0,2.0,2.0,1.0,1.0,7.0,7.0,26.0,26.0,79.0,79.0,5.759e-11,5.386e-11,5.572e-11,25.0,1
424,1.0,1.0,3.0,2.0,1.0,3.0,2.0,2.0,1.0,1.0,8.0,8.0,22.0,22.0,71.0,71.0,5.795e-11,5.445e-11,5.62e-11,25.0,1
425,1.0,1.0,3.0,2.0,1.0,3.0,2.0,2.0,1.0,1.0,8.0,8.0,22.0,22.0,75.0,75.0,5.798e-11,5.452e-11,5.625e-11,25.0,1
426,1.0,1.0,3.0,2.0,1.0,3.0,2.0,2.0,1.0,1.0,8.0,8.0,22.0,22.0,79.0,79.0,5.803e-11,5.461e-11,5.632e-11,25.0,1
427,1.0,1.0,3.0,2.0,1.0,3.0,2.0,2.0,1.0,1.0,8.0,8.0,24.0,24.0,71.0,71.0,5.8e-11,5.444e-11,5.622e-11,25.0,1
428,1.0,1.0,3.0,2.0,1.0,3.0,2.0,2.0,1.0,1.0,8.0,8.0,24.0,24.0,75.0,75.0,5.802e-11,5.451e-11,5.626e-11,25.0,1
429,1.0,1.0,3.0,2.0,1.0,3.0,2.0,2.0,1.0,1.0,8.0,8.0,24.0,24.0,79.0,79.0,5.805e-11,5.458e-11,5.632e-11,25.0,1
430,1.0,1.0,3.0,2.0,1.0,3.0,2.0,2.0,1.0,1.0,8.0,8.0,26.0,26.0,71.0,71.0,5.809e-11,5.45e-11,5.629e-11,25.0,1
431,1.0,1.0,3.0,2.0,1.0,3.0,2.0,2.0,1.0,1.0,8.0,8.0,26.0,26.0,75.0,75.0,5.809e-11,5.454e-11,5.632e-11,25.0,1
432,1.0,1.0,3.0,2.0,1.0,3.0,2.0,2.0,1.0,1.0,8.0,8.0,26.0,26.0,79.0,79.0,5.811e-11,5.46e-11,5.636e-11,25.0,1
433,1.0,1.0,3.0,2.0,1.0,3.0,2.0,2.0,2.0,2.0,6.0,6.0,22.0,22.0,71.0,71.0,5.389e-11,4.941e-11,5.165e-11,25.0,1
434,1.0,1.0,3.0,2.0,1.0,3.0,2.0,2.0,2.0,2.0,6.0,6.0,22.0,22.0,75.0,75.0,5.392e-11,4.949e-11,5.171e-11,25.0,1
435,1.0,1.0,3.0,2.0,1.0,3.0,2.0,2.0,2.0,2.0,6.0,6.0,22.0,22.0,79.0,79.0,5.398e-11,4.959e-11,5.178e-11,25.0,1
436,1.0,1.0,3.0,2.0,1.0,3.0,2.0,2.0,2.0,2.0,6.0,6.0,24.0,24.0,71.0,71.0,5.401e-11,4.946e-11,5.174e-11,25.0,1
437,1.0,1.0,3.0,2.0,1.0,3.0,2.0,2.0,2.0,2.0,6.0,6.0,24.0,24.0,75.0,75.0,5.403e-11,4.953e-11,5.178e-11,25.0,1
438,1.0,1.0,3.0,2.0,1.0,3.0,2.0,2.0,2.0,2.0,6.0,6.0,24.0,24.0,79.0,79.0,5.407e-11,4.961e-11,5.184e-11,25.0,1
439,1.0,1.0,3.0,2.0,1.0,3.0,2.0,2.0,2.0,2.0,6.0,6.0,26.0,26.0,71.0,71.0,5.417e-11,4.957e-11,5.187e-11,25.0,1
440,1.0,1.0,3.0,2.0,1.0,3.0,2.0,2.0,2.0,2.0,6.0,6.0,26.0,26.0,75.0,75.0,5.419e-11,4.962e-11,5.19e-11,25.0,1
441,1.0,1.0,3.0,2.0,1.0,3.0,2.0,2.0,2.0,2.0,6.0,6.0,26.0,26.0,79.0,79.0,5.422e-11,4.968e-11,5.195e-11,25.0,1
442,1.0,1.0,3.0,2.0,1.0,3.0,2.0,2.0,2.0,2.0,7.0,7.0,22.0,22.0,71.0,71.0,5.375e-11,4.944e-11,5.159e-11,25.0,1
443,1.0,1.0,3.0,2.0,1.0,3.0,2.0,2.0,2.0,2.0,7.0,7.0,22.0,22.0,75.0,75.0,5.379e-11,4.952e-11,5.165e-11,25.0,1
444,1.0,1.0,3.0,2.0,1.0,3.0,2.0,2.0,2.0,2.0,7.0,7.0,22.0,22.0,79.0,79.0,5.383e-11,4.961e-11,5.172e-11,25.0,1
445,1.0,1.0,3.0,2.0,1.0,3.0,2.0,2.0,2.0,2.0,7.0,7.0,24.0,24.0,71.0,71.0,5.381e-11,4.944e-11,5.163e-11,25.0,1
446,1.0,1.0,3.0,2.0,1.0,3.0,2.0,2.0,2.0,2.0,7.0,7.0,24.0,24.0,75.0,75.0,5.384e-11,4.95e-11,5.167e-11,25.0,1
447,1.0,1.0,3.0,2.0,1.0,3.0,2.0,2.0,2.0,2.0,7.0,7.0,24.0,24.0,79.0,79.0,5.387e-11,4.958e-11,5.173e-11,25.0,1
448,1.0,1.0,3.0,2.0,1.0,3.0,2.0,2.0,2.0,2.0,7.0,7.0,26.0,26.0,71.0,71.0,5.392e-11,4.95e-11,5.171e-11,25.0,1
449,1.0,1.0,3.0,2.0,1.0,3.0,2.0,2.0,2.0,2.0,7.0,7.0,26.0,26.0,75.0,75.0,5.394e-11,4.954e-11,5.174e-11,25.0,1
450,1.0,1.0,3.0,2.0,1.0,3.0,2.0,2.0,2.0,2.0,7.0,7.0,26.0,26.0,79.0,79.0,5.396e-11,4.961e-11,5.178e-11,25.0,1
451,1.0,1.0,3.0,2.0,1.0,3.0,2.0,2.0,2.0,2.0,8.0,8.0,22.0,22.0,71.0,71.0,5.378e-11,4.961e-11,5.17e-11,25.0,1
452,1.0,1.0,3.0,2.0,1.0,3.0,2.0,2.0,2.0,2.0,8.0,8.0,22.0,22.0,75.0,75.0,5.382e-11,4.97e-11,5.176e-11,25.0,1
453,1.0,1.0,3.0,2.0,1.0,3.0,2.0,2.0,2.0,2.0,8.0,8.0,22.0,22.0,79.0,79.0,5.387e-11,4.979e-11,5.183e-11,25.0,1
454,1.0,1.0,3.0,2.0,1.0,3.0,2.0,2.0,2.0,2.0,8.0,8.0,24.0,24.0,71.0,71.0,5.382e-11,4.958e-11,5.17e-11,25.0,1
455,1.0,1.0,3.0,2.0,1.0,3.0,2.0,2.0,2.0,2.0,8.0,8.0,24.0,24.0,75.0,75.0,5.383e-11,4.964e-11,5.174e-11,25.0,1
456,1.0,1.0,3.0,2.0,1.0,3.0,2.0,2.0,2.0,2.0,8.0,8.0,24.0,24.0,79.0,79.0,5.386e-11,4.972e-11,5.179e-11,25.0,1
457,1.0,1.0,3.0,2.0,1.0,3.0,2.0,2.0,2.0,2.0,8.0,8.0,26.0,26.0,71.0,71.0,5.388e-11,4.961e-11,5.174e-11,25.0,1
458,1.0,1.0,3.0,2.0,1.0,3.0,2.0,2.0,2.0,2.0,8.0,8.0,26.0,26.0,75.0,75.0,5.389e-11,4.965e-11,5.177e-11,25.0,1
459,1.0,1.0,3.0,2.0,1.0,3.0,2.0,2.0,2.0,2.0,8.0,8.0,26.0,26.0,79.0,79.0,5.391e-11,4.971e-11,5.181e-11,25.0,1
460,1.0,1.0,3.0,2.0,1.0,3.0,2.0,2.0,3.0,3.0,6.0,6.0,22.0,22.0,71.0,71.0,5.336e-11,4.871e-11,5.104e-11,25.0,1
461,1.0,1.0,3.0,2.0,1.0,3.0,2.0,2.0,3.0,3.0,6.0,6.0,22.0,22.0,75.0,75.0,5.339e-11,4.88e-11,5.11e-11,25.0,1
462,1.0,1.0,3.0,2.0,1.0,3.0,2.0,2.0,3.0,3.0,6.0,6.0,22.0,22.0,79.0,79.0,5.345e-11,4.889e-11,5.117e-11,25.0,1
463,1.0,1.0,3.0,2.0,1.0,3.0,2.0,2.0,3.0,3.0,6.0,6.0,24.0,24.0,71.0,71.0,5.348e-11,4.875e-11,5.112e-11,25.0,1
464,1.0,1.0,3.0,2.0,1.0,3.0,2.0,2.0,3.0,3.0,6.0,6.0,24.0,24.0,75.0,75.0,5.35e-11,4.882e-11,5.116e-11,25.0,1
465,1.0,1.0,3.0,2.0,1.0,3.0,2.0,2.0,3.0,3.0,6.0,6.0,24.0,24.0,79.0,79.0,5.355e-11,4.891e-11,5.123e-11,25.0,1
466,1.0,1.0,3.0,2.0,1.0,3.0,2.0,2.0,3.0,3.0,6.0,6.0,26.0,26.0,71.0,71.0,5.364e-11,4.885e-11,5.124e-11,25.0,1
467,1.0,1.0,3.0,2.0,1.0,3.0,2.0,2.0,3.0,3.0,6.0,6.0,26.0,26.0,75.0,75.0,5.366e-11,4.89e-11,5.128e-11,25.0,1
468,1.0,1.0,3.0,2.0,1.0,3.0,2.0,2.0,3.0,3.0,6.0,6.0,26.0,26.0,79.0,79.0,5.368e-11,4.897e-11,5.133e-11,25.0,1
469,1.0,1.0,3.0,2.0,1.0,3.0,2.0,2.0,3.0,3.0,7.0,7.0,22.0,22.0,71.0,71.0,5.304e-11,4.852e-11,5.078e-11,25.0,1
470,1.0,1.0,3.0,2.0,1.0,3.0,2.0,2.0,3.0,3.0,7.0,7.0,22.0,22.0,75.0,75.0,5.307e-11,4.86e-11,5.084e-11,25.0,1
471,1.0,1.0,3.0,2.0,1.0,3.0,2.0,2.0,3.0,3.0,7.0,7.0,22.0,22.0,79.0,79.0,5.312e-11,4.87e-11,5.091e-11,25.0,1
472,1.0,1.0,3.0,2.0,1.0,3.0,2.0,2.0,3.0,3.0,7.0,7.0,24.0,24.0,71.0,71.0,5.309e-11,4.851e-11,5.08e-11,25.0,1
473,1.0,1.0,3.0,2.0,1.0,3.0,2.0,2.0,3.0,3.0,7.0,7.0,24.0,24.0,75.0,75.0,5.311e-11,4.858e-11,5.084e-11,25.0,1
474,1.0,1.0,3.0,2.0,1.0,3.0,2.0,2.0,3.0,3.0,7.0,7.0,24.0,24.0,79.0,79.0,5.315e-11,4.866e-11,5.09e-11,25.0,1
475,1.0,1.0,3.0,2.0,1.0,3.0,2.0,2.0,3.0,3.0,7.0,7.0,26.0,26.0,71.0,71.0,5.319e-11,4.856e-11,5.088e-11,25.0,1
476,1.0,1.0,3.0,2.0,1.0,3.0,2.0,2.0,3.0,3.0,7.0,7.0,26.0,26.0,75.0,75.0,5.321e-11,4.861e-11,5.091e-11,25.0,1
477,1.0,1.0,3.0,2.0,1.0,3.0,2.0,2.0,3.0,3.0,7.0,7.0,26.0,26.0,79.0,79.0,5.323e-11,4.868e-11,5.095e-11,25.0,1
478,1.0,1.0,3.0,2.0,1.0,3.0,2.0,2.0,3.0,3.0,8.0,8.0,22.0,22.0,71.0,71.0,5.288e-11,4.848e-11,5.068e-11,25.0,1
479,1.0,1.0,3.0,2.0,1.0,3.0,2.0,2.0,3.0,3.0,8.0,8.0,22.0,22.0,75.0,75.0,5.291e-11,4.857e-11,5.074e-11,25.0,1
480,1.0,1.0,3.0,2.0,1.0,3.0,2.0,2.0,3.0,3.0,8.0,8.0,22.0,22.0,79.0,79.0,5.296e-11,4.866e-11,5.081e-11,25.0,1
481,1.0,1.0,3.0,2.0,1.0,3.0,2.0,2.0,3.0,3.0,8.0,8.0,24.0,24.0,71.0,71.0,5.289e-11,4.844e-11,5.067e-11,25.0,1
482,1.0,1.0,3.0,2.0,1.0,3.0,2.0,2.0,3.0,3.0,8.0,8.0,24.0,24.0,75.0,75.0,5.291e-11,4.85e-11,5.071e-11,25.0,1
483,1.0,1.0,3.0,2.0,1.0,3.0,2.0,2.0,3.0,3.0,8.0,8.0,24.0,24.0,79.0,79.0,5.295e-11,4.858e-11,5.076e-11,25.0,1
484,1.0,1.0,3.0,2.0,1.0,3.0,2.0,2.0,3.0,3.0,8.0,8.0,26.0,26.0,71.0,71.0,5.296e-11,4.844e-11,5.07e-11,25.0,1
485,1.0,1.0,3.0,2.0,1.0,3.0,2.0,2.0,3.0,3.0,8.0,8.0,26.0,26.0,75.0,75.0,5.297e-11,4.849e-11,5.073e-11,25.0,1
486,1.0,1.0,3.0,2.0,1.0,3.0,2.0,2.0,3.0,3.0,8.0,8.0,26.0,26.0,79.0,79.0,5.299e-11,4.856e-11,5.077e-11,25.0,1
487,1.0,1.0,3.0,2.0,2.0,6.0,1.0,1.0,1.0,1.0,6.0,6.0,22.0,22.0,71.0,71.0,6.31e-11,5.752e-11,6.031e-11,25.0,1
488,1.0,1.0,3.0,2.0,2.0,6.0,1.0,1.0,1.0,1.0,6.0,6.0,22.0,22.0,75.0,75.0,6.313e-11,5.76e-11,6.037e-11,25.0,1
489,1.0,1.0,3.0,2.0,2.0,6.0,1.0,1.0,1.0,1.0,6.0,6.0,22.0,22.0,79.0,79.0,6.319e-11,5.769e-11,6.044e-11,25.0,1
490,1.0,1.0,3.0,2.0,2.0,6.0,1.0,1.0,1.0,1.0,6.0,6.0,24.0,24.0,71.0,71.0,6.324e-11,5.761e-11,6.042e-11,25.0,1
491,1.0,1.0,3.0,2.0,2.0,6.0,1.0,1.0,1.0,1.0,6.0,6.0,24.0,24.0,75.0,75.0,6.326e-11,5.767e-11,6.047e-11,25.0,1
492,1.0,1.0,3.0,2.0,2.0,6.0,1.0,1.0,1.0,1.0,6.0,6.0,24.0,24.0,79.0,79.0,6.33e-11,5.775e-11,6.053e-11,25.0,1
493,1.0,1.0,3.0,2.0,2.0,6.0,1.0,1.0,1.0,1.0,6.0,6.0,26.0,26.0,71.0,71.0,6.342e-11,5.774e-11,6.058e-11,25.0,1
494,1.0,1.0,3.0,2.0,2.0,6.0,1.0,1.0,1.0,1.0,6.0,6.0,26.0,26.0,75.0,75.0,6.343e-11,5.779e-11,6.061e-11,25.0,1
495,1.0,1.0,3.0,2.0,2.0,6.0,1.0,1.0,1.0,1.0,6.0,6.0,26.0,26.0,79.0,79.0,6.346e-11,5.786e-11,6.066e-11,25.0,1
496,1.0,1.0,3.0,2.0,2.0,6.0,1.0,1.0,1.0,1.0,7.0,7.0,22.0,22.0,71.0,71.0,6.354e-11,5.819e-11,6.086e-11,25.0,1
497,1.0,1.0,3.0,2.0,2.0,6.0,1.0,1.0,1.0,1.0,7.0,7.0,22.0,22.0,75.0,75.0,6.358e-11,5.826e-11,6.092e-11,25.0,1
498,1.0,1.0,3.0,2.0,2.0,6.0,1.0,1.0,1.0,1.0,7.0,7.0,22.0,22.0,79.0,79.0,6.363e-11,5.835e-11,6.099e-11,25.0,1
499,1.0,1.0,3.0,2.0,2.0,6.0,1.0,1.0,1.0,1.0,7.0,7.0,24.0,24.0,71.0,71.0,6.363e-11,5.822e-11,6.093e-11,25.0,1
500,1.0,1.0,3.0,2.0,2.0,6.0,1.0,1.0,1.0,1.0,7.0,7.0,24.0,24.0,75.0,75.0,6.365e-11,5.829e-11,6.097e-11,25.0,1
501,1.0,1.0,3.0,2.0,2.0,6.0,1.0,1.0,1.0,1.0,7.0,7.0,24.0,24.0,79.0,79.0,6.369e-11,5.836e-11,6.102e-11,25.0,1
502,1.0,1.0,3.0,2.0,2.0,6.0,1.0,1.0,1.0,1.0,7.0,7.0,26.0,26.0,71.0,71.0,6.376e-11,5.831e-11,6.104e-11,25.0,1
503,1.0,1.0,3.0,2.0,2.0,6.0,1.0,1.0,1.0,1.0,7.0,7.0,26.0,26.0,75.0,75.0,6.377e-11,5.836e-11,6.106e-11,25.0,1
504,1.0,1.0,3.0,2.0,2.0,6.0,1.0,1.0,1.0,1.0,7.0,7.0,26.0,26.0,79.0,79.0,6.38e-11,5.842e-11,6.111e-11,25.0,1
505,1.0,1.0,3.0,2.0,2.0,6.0,1.0,1.0,1.0,1.0,8.0,8.0,22.0,22.0,71.0,71.0,6.416e-11,5.901e-11,6.158e-11,25.0,1
506,1.0,1.0,3.0,2.0,2.0,6.0,1.0,1.0,1.0,1.0,8.0,8.0,22.0,22.0,75.0,75.0,6.42e-11,5.908e-11,6.164e-11,25.0,1
507,1.0,1.0,3.0,2.0,2.0,6.0,1.0,1.0,1.0,1.0,8.0,8.0,22.0,22.0,79.0,79.0,6.424e-11,5.917e-11,6.171e-11,25.0,1
508,1.0,1.0,3.0,2.0,2.0,6.0,1.0,1.0,1.0,1.0,8.0,8.0,24.0,24.0,71.0,71.0,6.421e-11,5.901e-11,6.161e-11,25.0,1
509,1.0,1.0,3.0,2.0,2.0,6.0,1.0,1.0,1.0,1.0,8.0,8.0,24.0,24.0,75.0,75.0,6.423e-11,5.907e-11,6.165e-11,25.0,1
510,1.0,1.0,3.0,2.0,2.0,6.0,1.0,1.0,1.0,1.0,8.0,8.0,24.0,24.0,79.0,79.0,6.427e-11,5.914e-11,6.17e-11,25.0,1
511,1.0,1.0,3.0,2.0,2.0,6.0,1.0,1.0,1.0,1.0,8.0,8.0,26.0,26.0,71.0,71.0,6.43e-11,5.906e-11,6.168e-11,25.0,1
512,1.0,1.0,3.0,2.0,2.0,6.0,1.0,1.0,1.0,1.0,8.0,8.0,26.0,26.0,75.0,75.0,6.431e-11,5.91e-11,6.17e-11,25.0,1
513,1.0,1.0,3.0,2.0,2.0,6.0,1.0,1.0,1.0,1.0,8.0,8.0,26.0,26.0,79.0,79.0,6.433e-11,5.916e-11,6.175e-11,25.0,1
514,1.0,1.0,3.0,2.0,2.0,6.0,1.0,1.0,2.0,2.0,6.0,6.0,22.0,22.0,71.0,71.0,6.077e-11,5.463e-11,5.77e-11,25.0,1
515,1.0,1.0,3.0,2.0,2.0,6.0,1.0,1.0,2.0,2.0,6.0,6.0,22.0,22.0,75.0,75.0,6.08e-11,5.471e-11,5.775e-11,25.0,1
516,1.0,1.0,3.0,2.0,2.0,6.0,1.0,1.0,2.0,2.0,6.0,6.0,22.0,22.0,79.0,79.0,6.086e-11,5.48e-11,5.783e-11,25.0,1
517,1.0,1.0,3.0,2.0,2.0,6.0,1.0,1.0,2.0,2.0,6.0,6.0,24.0,24.0,71.0,71.0,6.089e-11,5.468e-11,5.778e-11,25.0,1
518,1.0,1.0,3.0,2.0,2.0,6.0,1.0,1.0,2.0,2.0,6.0,6.0,24.0,24.0,75.0,75.0,6.091e-11,5.475e-11,5.783e-11,25.0,1
519,1.0,1.0,3.0,2.0,2.0,6.0,1.0,1.0,2.0,2.0,6.0,6.0,24.0,24.0,79.0,79.0,6.095e-11,5.483e-11,5.789e-11,25.0,1
520,1.0,1.0,3.0,2.0,2.0,6.0,1.0,1.0,2.0,2.0,6.0,6.0,26.0,26.0,71.0,71.0,6.105e-11,5.479e-11,5.792e-11,25.0,1
521,1.0,1.0,3.0,2.0,2.0,6.0,1.0,1.0,2.0,2.0,6.0,6.0,26.0,26.0,75.0,75.0,6.107e-11,5.484e-11,5.795e-11,25.0,1
522,1.0,1.0,3.0,2.0,2.0,6.0,1.0,1.0,2.0,2.0,6.0,6.0,26.0,26.0,79.0,79.0,6.11e-11,5.49e-11,5.8e-11,25.0,1
523,1.0,1.0,3.0,2.0,2.0,6.0,1.0,1.0,2.0,2.0,7.0,7.0,22.0,22.0,71.0,71.0,6.064e-11,5.465e-11,5.765e-11,25.0,1
524,1.0,1.0,3.0,2.0,2.0,6.0,1.0,1.0,2.0,2.0,7.0,7.0,22.0,22.0,75.0,75.0,6.068e-11,5.474e-11,5.771e-11,25.0,1
525,1.0,1.0,3.0,2.0,2.0,6.0,1.0,1.0,2.0,2.0,7.0,7.0,22.0,22.0,79.0,79.0,6.073e-11,5.483e-11,5.778e-11,25.0,1
526,1.0,1.0,3.0,2.0,2.0,6.0,1.0,1.0,2.0,2.0,7.0,7.0,24.0,24.0,71.0,71.0,6.071e-11,5.466e-11,5.768e-11,25.0,1
527,1.0,1.0,3.0,2.0,2.0,6.0,1.0,1.0,2.0,2.0,7.0,7.0,24.0,24.0,75.0,75.0,6.073e-11,5.472e-11,5.773e-11,25.0,1
528,1.0,1.0,3.0,2.0,2.0,6.0,1.0,1.0,2.0,2.0,7.0,7.0,24.0,24.0,79.0,79.0,6.077e-11,5.48e-11,5.779e-11,25.0,1
529,1.0,1.0,3.0,2.0,2.0,6.0,1.0,1.0,2.0,2.0,7.0,7.0,26.0,26.0,71.0,71.0,6.081e-11,5.472e-11,5.777e-11,25.0,1
530,1.0,1.0,3.0,2.0,2.0,6.0,1.0,1.0,2.0,2.0,7.0,7.0,26.0,26.0,75.0,75.0,6.082e-11,5.476e-11,5.779e-11,25.0,1
531,1.0,1.0,3.0,2.0,2.0,6.0,1.0,1.0,2.0,2.0,7.0,7.0,26.0,26.0,79.0,79.0,6.086e-11,5.483e-11,5.784e-11,25.0,1
532,1.0,1.0,3.0,2.0,2.0,6.0,1.0,1.0,2.0,2.0,8.0,8.0,22.0,22.0,71.0,71.0,6.07e-11,5.483e-11,5.777e-11,25.0,1
533,1.0,1.0,3.0,2.0,2.0,6.0,1.0,1.0,2.0,2.0,8.0,8.0,22.0,22.0,75.0,75.0,6.073e-11,5.491e-11,5.782e-11,25.0,1
534,1.0,1.0,3.0,2.0,2.0,6.0,1.0,1.0,2.0,2.0,8.0,8.0,22.0,22.0,79.0,79.0,6.078e-11,5.501e-11,5.789e-11,25.0,1
535,1.0,1.0,3.0,2.0,2.0,6.0,1.0,1.0,2.0,2.0,8.0,8.0,24.0,24.0,71.0,71.0,6.072e-11,5.48e-11,5.776e-11,25.0,1
536,1.0,1.0,3.0,2.0,2.0,6.0,1.0,1.0,2.0,2.0,8.0,8.0,24.0,24.0,75.0,75.0,6.073e-11,5.487e-11,5.78e-11,25.0,1
537,1.0,1.0,3.0,2.0,2.0,6.0,1.0,1.0,2.0,2.0,8.0,8.0,24.0,24.0,79.0,79.0,6.077e-11,5.494e-11,5.786e-11,25.0,1
538,1.0,1.0,3.0,2.0,2.0,6.0,1.0,1.0,2.0,2.0,8.0,8.0,26.0,26.0,71.0,71.0,6.079e-11,5.482e-11,5.78e-11,25.0,1
539,1.0,1.0,3.0,2.0,2.0,6.0,1.0,1.0,2.0,2.0,8.0,8.0,26.0,26.0,75.0,75.0,6.079e-11,5.487e-11,5.783e-11,25.0,1
540,1.0,1.0,3.0,2.0,2.0,6.0,1.0,1.0,2.0,2.0,8.0,8.0,26.0,26.0,79.0,79.0,6.082e-11,5.493e-11,5.788e-11,25.0,1
541,1.0,1.0,3.0,2.0,2.0,6.0,1.0,1.0,3.0,3.0,6.0,6.0,22.0,22.0,71.0,71.0,6.083e-11,5.449e-11,5.766e-11,25.0,1
542,1.0,1.0,3.0,2.0,2.0,6.0,1.0,1.0,3.0,3.0,6.0,6.0,22.0,22.0,75.0,75.0,6.088e-11,5.458e-11,5.773e-11,25.0,1
543,1.0,1.0,3.0,2.0,2.0,6.0,1.0,1.0,3.0,3.0,6.0,6.0,22.0,22.0,79.0,79.0,6.093e-11,5.468e-11,5.78e-11,25.0,1
544,1.0,1.0,3.0,2.0,2.0,6.0,1.0,1.0,3.0,3.0,6.0,6.0,24.0,24.0,71.0,71.0,6.096e-11,5.454e-11,5.775e-11,25.0,1
545,1.0,1.0,3.0,2.0,2.0,6.0,1.0,1.0,3.0,3.0,6.0,6.0,24.0,24.0,75.0,75.0,6.098e-11,5.46e-11,5.779e-11,25.0,1
546,1.0,1.0,3.0,2.0,2.0,6.0,1.0,1.0,3.0,3.0,6.0,6.0,24.0,24.0,79.0,79.0,6.102e-11,5.469e-11,5.785e-11,25.0,1
547,1.0,1.0,3.0,2.0,2.0,6.0,1.0,1.0,3.0,3.0,6.0,6.0,26.0,26.0,71.0,71.0,6.111e-11,5.463e-11,5.787e-11,25.0,1
548,1.0,1.0,3.0,2.0,2.0,6.0,1.0,1.0,3.0,3.0,6.0,6.0,26.0,26.0,75.0,75.0,6.113e-11,5.469e-11,5.791e-11,25.0,1
549,1.0,1.0,3.0,2.0,2.0,6.0,1.0,1.0,3.0,3.0,6.0,6.0,26.0,26.0,79.0,79.0,6.117e-11,5.475e-11,5.796e-11,25.0,1
550,1.0,1.0,3.0,2.0,2.0,6.0,1.0,1.0,3.0,3.0,7.0,7.0,22.0,22.0,71.0,71.0,6.054e-11,5.432e-11,5.743e-11,25.0,1
551,1.0,1.0,3.0,2.0,2.0,6.0,1.0,1.0,3.0,3.0,7.0,7.0,22.0,22.0,75.0,75.0,6.057e-11,5.44e-11,5.749e-11,25.0,1
552,1.0,1.0,3.0,2.0,2.0,6.0,1.0,1.0,3.0,3.0,7.0,7.0,22.0,22.0,79.0,79.0,6.062e-11,5.449e-11,5.756e-11,25.0,1
553,1.0,1.0,3.0,2.0,2.0,6.0,1.0,1.0,3.0,3.0,7.0,7.0,24.0,24.0,71.0,71.0,6.059e-11,5.431e-11,5.745e-11,25.0,1
554,1.0,1.0,3.0,2.0,2.0,6.0,1.0,1.0,3.0,3.0,7.0,7.0,24.0,24.0,75.0,75.0,6.061e-11,5.438e-11,5.749e-11,25.0,1
555,1.0,1.0,3.0,2.0,2.0,6.0,1.0,1.0,3.0,3.0,7.0,7.0,24.0,24.0,79.0,79.0,6.065e-11,5.445e-11,5.755e-11,25.0,1
556,1.0,1.0,3.0,2.0,2.0,6.0,1.0,1.0,3.0,3.0,7.0,7.0,26.0,26.0,71.0,71.0,6.069e-11,5.435e-11,5.752e-11,25.0,1
557,1.0,1.0,3.0,2.0,2.0,6.0,1.0,1.0,3.0,3.0,7.0,7.0,26.0,26.0,75.0,75.0,6.07e-11,5.44e-11,5.755e-11,25.0,1
558,1.0,1.0,3.0,2.0,2.0,6.0,1.0,1.0,3.0,3.0,7.0,7.0,26.0,26.0,79.0,79.0,6.074e-11,5.447e-11,5.76e-11,25.0,1
559,1.0,1.0,3.0,2.0,2.0,6.0,1.0,1.0,3.0,3.0,8.0,8.0,22.0,22.0,71.0,71.0,6.041e-11,5.43e-11,5.735e-11,25.0,1
560,1.0,1.0,3.0,2.0,2.0,6.0,1.0,1.0,3.0,3.0,8.0,8.0,22.0,22.0,75.0,75.0,6.044e-11,5.437e-11,5.741e-11,25.0,1
561,1.0,1.0,3.0,2.0,2.0,6.0,1.0,1.0,3.0,3.0,8.0,8.0,22.0,22.0,79.0,79.0,6.05e-11,5.447e-11,5.748e-11,25.0,1
562,1.0,1.0,3.0,2.0,2.0,6.0,1.0,1.0,3.0,3.0,8.0,8.0,24.0,24.0,71.0,71.0,6.042e-11,5.425e-11,5.734e-11,25.0,1
563,1.0,1.0,3.0,2.0,2.0,6.0,1.0,1.0,3.0,3.0,8.0,8.0,24.0,24.0,75.0,75.0,6.044e-11,5.431e-11,5.737e-11,25.0,1
564,1.0,1.0,3.0,2.0,2.0,6.0,1.0,1.0,3.0,3.0,8.0,8.0,24.0,24.0,79.0,79.0,6.048e-11,5.439e-11,5.743e-11,25.0,1
565,1.0,1.0,3.0,2.0,2.0,6.0,1.0,1.0,3.0,3.0,8.0,8.0,26.0,26.0,71.0,71.0,6.049e-11,5.425e-11,5.737e-11,25.0,1
566,1.0,1.0,3.0,2.0,2.0,6.0,1.0,1.0,3.0,3.0,8.0,8.0,26.0,26.0,75.0,75.0,6.049e-11,5.43e-11,5.74e-11,25.0,1
567,1.0,1.0,3.0,2.0,2.0,6.0,1.0,1.0,3.0,3.0,8.0,8.0,26.0,26.0,79.0,79.0,6.051e-11,5.436e-11,5.744e-11,25.0,1
568,1.0,1.0,3.0,2.0,2.0,6.0,2.0,2.0,1.0,1.0,6.0,6.0,22.0,22.0,71.0,71.0,6.308e-11,5.741e-11,6.025e-11,25.0,1
569,1.0,1.0,3.0,2.0,2.0,6.0,2.0,2.0,1.0,1.0,6.0,6.0,22.0,22.0,75.0,75.0,6.312e-11,5.75e-11,6.031e-11,25.0,1
570,1.0,1.0,3.0,2.0,2.0,6.0,2.0,2.0,1.0,1.0,6.0,6.0,22.0,22.0,79.0,79.0,6.317e-11,5.759e-11,6.038e-11,25.0,1
571,1.0,1.0,3.0,2.0,2.0,6.0,2.0,2.0,1.0,1.0,6.0,6.0,24.0,24.0,71.0,71.0,6.322e-11,5.75e-11,6.036e-11,25.0,1
572,1.0,1.0,3.0,2.0,2.0,6.0,2.0,2.0,1.0,1.0,6.0,6.0,24.0,24.0,75.0,75.0,6.325e-11,5.757e-11,6.041e-11,25.0,1
573,1.0,1.0,3.0,2.0,2.0,6.0,2.0,2.0,1.0,1.0,6.0,6.0,24.0,24.0,79.0,79.0,6.329e-11,5.764e-11,6.046e-11,25.0,1
574,1.0,1.0,3.0,2.0,2.0,6.0,2.0,2.0,1.0,1.0,6.0,6.0,26.0,26.0,71.0,71.0,6.341e-11,5.763e-11,6.052e-11,25.0,1
575,1.0,1.0,3.0,2.0,2.0,6.0,2.0,2.0,1.0,1.0,6.0,6.0,26.0,26.0,75.0,75.0,6.342e-11,5.769e-11,6.056e-11,25.0,1
576,1.0,1.0,3.0,2.0,2.0,6.0,2.0,2.0,1.0,1.0,6.0,6.0,26.0,26.0,79.0,79.0,6.345e-11,5.775e-11,6.06e-11,25.0,1
577,1.0,1.0,3.0,2.0,2.0,6.0,2.0,2.0,1.0,1.0,7.0,7.0,22.0,22.0,71.0,71.0,6.352e-11,5.808e-11,6.08e-11,25.0,1
578,1.0,1.0,3.0,2.0,2.0,6.0,2.0,2.0,1.0,1.0,7.0,7.0,22.0,22.0,75.0,75.0,6.356e-11,5.816e-11,6.086e-11,25.0,1
579,1.0,1.0,3.0,2.0,2.0,6.0,2.0,2.0,1.0,1.0,7.0,7.0,22.0,22.0,79.0,79.0,6.361e-11,5.825e-11,6.093e-11,25.0,1
580,1.0,1.0,3.0,2.0,2.0,6.0,2.0,2.0,1.0,1.0,7.0,7.0,24.0,24.0,71.0,71.0,6.361e-11,5.812e-11,6.086e-11,25.0,1
581,1.0,1.0,3.0,2.0,2.0,6.0,2.0,2.0,1.0,1.0,7.0,7.0,24.0,24.0,75.0,75.0,6.363e-11,5.818e-11,6.091e-11,25.0,1
582,1.0,1.0,3.0,2.0,2.0,6.0,2.0,2.0,1.0,1.0,7.0,7.0,24.0,24.0,79.0,79.0,6.367e-11,5.826e-11,6.096e-11,25.0,1
583,1.0,1.0,3.0,2.0,2.0,6.0,2.0,2.0,1.0,1.0,7.0,7.0,26.0,26.0,71.0,71.0,6.374e-11,5.821e-11,6.097e-11,25.0,1
584,1.0,1.0,3.0,2.0,2.0,6.0,2.0,2.0,1.0,1.0,7.0,7.0,26.0,26.0,75.0,75.0,6.375e-11,5.825e-11,6.1e-11,25.0,1
585,1.0,1.0,3.0,2.0,2.0,6.0,2.0,2.0,1.0,1.0,7.0,7.0,26.0,26.0,79.0,79.0,6.377e-11,5.832e-11,6.104e-11,25.0,1
586,1.0,1.0,3.0,2.0,2.0,6.0,2.0,2.0,1.0,1.0,8.0,8.0,22.0,22.0,71.0,71.0,6.414e-11,5.89e-11,6.152e-11,25.0,1
587,1.0,1.0,3.0,2.0,2.0,6.0,2.0,2.0,1.0,1.0,8.0,8.0,22.0,22.0,75.0,75.0,6.417e-11,5.897e-11,6.157e-11,25.0,1
588,1.0,1.0,3.0,2.0,2.0,6.0,2.0,2.0,1.0,1.0,8.0,8.0,22.0,22.0,79.0,79.0,6.422e-11,5.906e-11,6.164e-11,25.0,1
589,1.0,1.0,3.0,2.0,2.0,6.0,2.0,2.0,1.0,1.0,8.0,8.0,24.0,24.0,71.0,71.0,6.419e-11,5.89e-11,6.154e-11,25.0,1
590,1.0,1.0,3.0,2.0,2.0,6.0,2.0,2.0,1.0,1.0,8.0,8.0,24.0,24.0,75.0,75.0,6.421e-11,5.896e-11,6.158e-11,25.0,1
591,1.0,1.0,3.0,2.0,2.0,6.0,2.0,2.0,1.0,1.0,8.0,8.0,24.0,24.0,79.0,79.0,6.424e-11,5.903e-11,6.164e-11,25.0,1
592,1.0,1.0,3.0,2.0,2.0,6.0,2.0,2.0,1.0,1.0,8.0,8.0,26.0,26.0,71.0,71.0,6.428e-11,5.895e-11,6.161e-11,25.0,1
593,1.0,1.0,3.0,2.0,2.0,6.0,2.0,2.0,1.0,1.0,8.0,8.0,26.0,26.0,75.0,75.0,6.428e-11,5.899e-11,6.164e-11,25.0,1
594,1.0,1.0,3.0,2.0,2.0,6.0,2.0,2.0,1.0,1.0,8.0,8.0,26.0,26.0,79.0,79.0,6.431e-11,5.905e-11,6.168e-11,25.0,1
595,1.0,1.0,3.0,2.0,2.0,6.0,2.0,2.0,2.0,2.0,6.0,6.0,22.0,22.0,71.0,71.0,6.006e-11,5.383e-11,5.695e-11,25.0,1
596,1.0,1.0,3.0,2.0,2.0,6.0,2.0,2.0,2.0,2.0,6.0,6.0,22.0,22.0,75.0,75.0,6.011e-11,5.392e-11,5.701e-11,25.0,1
597,1.0,1.0,3.0,2.0,2.0,6.0,2.0,2.0,2.0,2.0,6.0,6.0,22.0,22.0,79.0,79.0,6.016e-11,5.402e-11,5.709e-11,25.0,1
598,1.0,1.0,3.0,2.0,2.0,6.0,2.0,2.0,2.0,2.0,6.0,6.0,24.0,24.0,71.0,71.0,6.018e-11,5.39e-11,5.704e-11,25.0,1
599,1.0,1.0,3.0,2.0,2.0,6.0,2.0,2.0,2.0,2.0,6.0,6.0,24.0,24.0,75.0,75.0,6.021e-11,5.397e-11,5.709e-11,25.0,1
600,1.0,1.0,3.0,2.0,2.0,6.0,2.0,2.0,2.0,2.0,6.0,6.0,24.0,24.0,79.0,79.0,6.026e-11,5.404e-11,5.715e-11,25.0,1
601,1.0,1.0,3.0,2.0,2.0,6.0,2.0,2.0,2.0,2.0,6.0,6.0,26.0,26.0,71.0,71.0,6.036e-11,5.4e-11,5.718e-11,25.0,1
602,1.0,1.0,3.0,2.0,2.0,6.0,2.0,2.0,2.0,2.0,6.0,6.0,26.0,26.0,75.0,75.0,6.037e-11,5.405e-11,5.721e-11,25.0,1
603,1.0,1.0,3.0,2.0,2.0,6.0,2.0,2.0,2.0,2.0,6.0,6.0,26.0,26.0,79.0,79.0,6.04e-11,5.412e-11,5.726e-11,25.0,1
604,1.0,1.0,3.0,2.0,2.0,6.0,2.0,2.0,2.0,2.0,7.0,7.0,22.0,22.0,71.0,71.0,5.993e-11,5.386e-11,5.689e-11,25.0,1
605,1.0,1.0,3.0,2.0,2.0,6.0,2.0,2.0,2.0,2.0,7.0,7.0,22.0,22.0,75.0,75.0,5.996e-11,5.394e-11,5.695e-11,25.0,1
606,1.0,1.0,3.0,2.0,2.0,6.0,2.0,2.0,2.0,2.0,7.0,7.0,22.0,22.0,79.0,79.0,6.001e-11,5.404e-11,5.703e-11,25.0,1
607,1.0,1.0,3.0,2.0,2.0,6.0,2.0,2.0,2.0,2.0,7.0,7.0,24.0,24.0,71.0,71.0,5.999e-11,5.387e-11,5.693e-11,25.0,1
608,1.0,1.0,3.0,2.0,2.0,6.0,2.0,2.0,2.0,2.0,7.0,7.0,24.0,24.0,75.0,75.0,6.001e-11,5.393e-11,5.697e-11,25.0,1
609,1.0,1.0,3.0,2.0,2.0,6.0,2.0,2.0,2.0,2.0,7.0,7.0,24.0,24.0,79.0,79.0,6.005e-11,5.401e-11,5.703e-11,25.0,1
610,1.0,1.0,3.0,2.0,2.0,6.0,2.0,2.0,2.0,2.0,7.0,7.0,26.0,26.0,71.0,71.0,6.01e-11,5.392e-11,5.701e-11,25.0,1
611,1.0,1.0,3.0,2.0,2.0,6.0,2.0,2.0,2.0,2.0,7.0,7.0,26.0,26.0,75.0,75.0,6.011e-11,5.398e-11,5.704e-11,25.0,1
612,1.0,1.0,3.0,2.0,2.0,6.0,2.0,2.0,2.0,2.0,7.0,7.0,26.0,26.0,79.0,79.0,6.014e-11,5.404e-11,5.709e-11,25.0,1
613,1.0,1.0,3.0,2.0,2.0,6.0,2.0,2.0,2.0,2.0,8.0,8.0,22.0,22.0,71.0,71.0,5.996e-11,5.404e-11,5.7e-11,25.0,1
614,1.0,1.0,3.0,2.0,2.0,6.0,2.0,2.0,2.0,2.0,8.0,8.0,22.0,22.0,75.0,75.0,6e-11,5.412e-11,5.706e-11,25.0,1
615,1.0,1.0,3.0,2.0,2.0,6.0,2.0,2.0,2.0,2.0,8.0,8.0,22.0,22.0,79.0,79.0,6.005e-11,5.421e-11,5.713e-11,25.0,1
616,1.0,1.0,3.0,2.0,2.0,6.0,2.0,2.0,2.0,2.0,8.0,8.0,24.0,24.0,71.0,71.0,5.999e-11,5.401e-11,5.7e-11,25.0,1
617,1.0,1.0,3.0,2.0,2.0,6.0,2.0,2.0,2.0,2.0,8.0,8.0,24.0,24.0,75.0,75.0,6.001e-11,5.407e-11,5.704e-11,25.0,1
618,1.0,1.0,3.0,2.0,2.0,6.0,2.0,2.0,2.0,2.0,8.0,8.0,24.0,24.0,79.0,79.0,6.005e-11,5.414e-11,5.709e-11,25.0,1
619,1.0,1.0,3.0,2.0,2.0,6.0,2.0,2.0,2.0,2.0,8.0,8.0,26.0,26.0,71.0,71.0,6.006e-11,5.403e-11,5.704e-11,25.0,1
620,1.0,1.0,3.0,2.0,2.0,6.0,2.0,2.0,2.0,2.0,8.0,8.0,26.0,26.0,75.0,75.0,6.007e-11,5.407e-11,5.707e-11,25.0,1
621,1.0,1.0,3.0,2.0,2.0,6.0,2.0,2.0,2.0,2.0,8.0,8.0,26.0,26.0,79.0,79.0,6.009e-11,5.413e-11,5.711e-11,25.0,1
622,1.0,1.0,3.0,2.0,2.0,6.0,2.0,2.0,3.0,3.0,6.0,6.0,22.0,22.0,71.0,71.0,5.951e-11,5.311e-11,5.631e-11,25.0,1
623,1.0,1.0,3.0,2.0,2.0,6.0,2.0,2.0,3.0,3.0,6.0,6.0,22.0,22.0,75.0,75.0,5.955e-11,5.319e-11,5.637e-11,25.0,1
624,1.0,1.0,3.0,2.0,2.0,6.0,2.0,2.0,3.0,3.0,6.0,6.0,22.0,22.0,79.0,79.0,5.961e-11,5.328e-11,5.645e-11,25.0,1
625,1.0,1.0,3.0,2.0,2.0,6.0,2.0,2.0,3.0,3.0,6.0,6.0,24.0,24.0,71.0,71.0,5.963e-11,5.314e-11,5.639e-11,25.0,1
626,1.0,1.0,3.0,2.0,2.0,6.0,2.0,2.0,3.0,3.0,6.0,6.0,24.0,24.0,75.0,75.0,5.965e-11,5.321e-11,5.643e-11,25.0,1
627,1.0,1.0,3.0,2.0,2.0,6.0,2.0,2.0,3.0,3.0,6.0,6.0,24.0,24.0,79.0,79.0,5.97e-11,5.33e-11,5.65e-11,25.0,1
628,1.0,1.0,3.0,2.0,2.0,6.0,2.0,2.0,3.0,3.0,6.0,6.0,26.0,26.0,71.0,71.0,5.98e-11,5.324e-11,5.652e-11,25.0,1
629,1.0,1.0,3.0,2.0,2.0,6.0,2.0,2.0,3.0,3.0,6.0,6.0,26.0,26.0,75.0,75.0,5.981e-11,5.329e-11,5.655e-11,25.0,1
630,1.0,1.0,3.0,2.0,2.0,6.0,2.0,2.0,3.0,3.0,6.0,6.0,26.0,26.0,79.0,79.0,5.984e-11,5.336e-11,5.66e-11,25.0,1
631,1.0,1.0,3.0,2.0,2.0,6.0,2.0,2.0,3.0,3.0,7.0,7.0,22.0,22.0,71.0,71.0,5.919e-11,5.291e-11,5.605e-11,25.0,1
632,1.0,1.0,3.0,2.0,2.0,6.0,2.0,2.0,3.0,3.0,7.0,7.0,22.0,22.0,75.0,75.0,5.922e-11,5.299e-11,5.611e-11,25.0,1
633,1.0,1.0,3.0,2.0,2.0,6.0,2.0,2.0,3.0,3.0,7.0,7.0,22.0,22.0,79.0,79.0,5.928e-11,5.309e-11,5.618e-11,25.0,1
634,1.0,1.0,3.0,2.0,2.0,6.0,2.0,2.0,3.0,3.0,7.0,7.0,24.0,24.0,71.0,71.0,5.925e-11,5.29e-11,5.608e-11,25.0,1
635,1.0,1.0,3.0,2.0,2.0,6.0,2.0,2.0,3.0,3.0,7.0,7.0,24.0,24.0,75.0,75.0,5.927e-11,5.297e-11,5.612e-11,25.0,1
636,1.0,1.0,3.0,2.0,2.0,6.0,2.0,2.0,3.0,3.0,7.0,7.0,24.0,24.0,79.0,79.0,5.931e-11,5.305e-11,5.618e-11,25.0,1
637,1.0,1.0,3.0,2.0,2.0,6.0,2.0,2.0,3.0,3.0,7.0,7.0,26.0,26.0,71.0,71.0,5.935e-11,5.295e-11,5.615e-11,25.0,1
638,1.0,1.0,3.0,2.0,2.0,6.0,2.0,2.0,3.0,3.0,7.0,7.0,26.0,26.0,75.0,75.0,5.936e-11,5.3e-11,5.618e-11,25.0,1
639,1.0,1.0,3.0,2.0,2.0,6.0,2.0,2.0,3.0,3.0,7.0,7.0,26.0,26.0,79.0,79.0,5.939e-11,5.307e-11,5.623e-11,25.0,1
640,1.0,1.0,3.0,2.0,2.0,6.0,2.0,2.0,3.0,3.0,8.0,8.0,22.0,22.0,71.0,71.0,5.904e-11,5.288e-11,5.596e-11,25.0,1
641,1.0,1.0,3.0,2.0,2.0,6.0,2.0,2.0,3.0,3.0,8.0,8.0,22.0,22.0,75.0,75.0,5.907e-11,5.296e-11,5.601e-11,25.0,1
642,1.0,1.0,3.0,2.0,2.0,6.0,2.0,2.0,3.0,3.0,8.0,8.0,22.0,22.0,79.0,79.0,5.912e-11,5.305e-11,5.609e-11,25.0,1
643,1.0,1.0,3.0,2.0,2.0,6.0,2.0,2.0,3.0,3.0,8.0,8.0,24.0,24.0,71.0,71.0,5.905e-11,5.283e-11,5.594e-11,25.0,1
644,1.0,1.0,3.0,2.0,2.0,6.0,2.0,2.0,3.0,3.0,8.0,8.0,24.0,24.0,75.0,75.0,5.907e-11,5.29e-11,5.598e-11,25.0,1
645,1.0,1.0,3.0,2.0,2.0,6.0,2.0,2.0,3.0,3.0,8.0,8.0,24.0,24.0,79.0,79.0,5.911e-11,5.297e-11,5.604e-11,25.0,1
646,1.0,1.0,3.0,2.0,2.0,6.0,2.0,2.0,3.0,3.0,8.0,8.0,26.0,26.0,71.0,71.0,5.911e-11,5.284e-11,5.597e-11,25.0,1
647,1.0,1.0,3.0,2.0,2.0,6.0,2.0,2.0,3.0,3.0,8.0,8.0,26.0,26.0,75.0,75.0,5.912e-11,5.288e-11,5.6e-11,25.0,1
648,1.0,1.0,3.0,2.0,2.0,6.0,2.0,2.0,3.0,3.0,8.0,8.0,26.0,26.0,79.0,79.0,5.915e-11,5.295e-11,5.605e-11,25.0,1
649,2.0,2.0,2.0,1.0,1.0,3.0,1.0,1.0,1.0,1.0,6.0,6.0,22.0,22.0,71.0,71.0,6.091e-11,5.192e-11,5.641e-11,25.0,1
650,2.0,2.0,2.0,1.0,1.0,3.0,1.0,1.0,1.0,1.0,6.0,6.0,22.0,22.0,75.0,75.0,6.095e-11,5.2e-11,5.647e-11,25.0,1
651,2.0,2.0,2.0,1.0,1.0,3.0,1.0,1.0,1.0,1.0,6.0,6.0,22.0,22.0,79.0,79.0,6.1e-11,5.209e-11,5.655e-11,25.0,1
652,2.0,2.0,2.0,1.0,1.0,3.0,1.0,1.0,1.0,1.0,6.0,6.0,24.0,24.0,71.0,71.0,6.105e-11,5.201e-11,5.653e-11,25.0,1
653,2.0,2.0,2.0,1.0,1.0,3.0,1.0,1.0,1.0,1.0,6.0,6.0,24.0,24.0,75.0,75.0,6.107e-11,5.207e-11,5.657e-11,25.0,1
654,2.0,2.0,2.0,1.0,1.0,3.0,1.0,1.0,1.0,1.0,6.0,6.0,24.0,24.0,79.0,79.0,6.112e-11,5.215e-11,5.663e-11,25.0,1
655,2.0,2.0,2.0,1.0,1.0,3.0,1.0,1.0,1.0,1.0,6.0,6.0,26.0,26.0,71.0,71.0,6.124e-11,5.214e-11,5.669e-11,25.0,1
656,2.0,2.0,2.0,1.0,1.0,3.0,1.0,1.0,1.0,1.0,6.0,6.0,26.0,26.0,75.0,75.0,6.125e-11,5.219e-11,5.672e-11,25.0,1
657,2.0,2.0,2.0,1.0,1.0,3.0,1.0,1.0,1.0,1.0,6.0,6.0,26.0,26.0,79.0,79.0,6.127e-11,5.226e-11,5.676e-11,25.0,1
658,2.0,2.0,2.0,1.0,1.0,3.0,1.0,1.0,1.0,1.0,7.0,7.0,22.0,22.0,71.0,71.0,6.136e-11,5.259e-11,5.697e-11,25.0,1
659,2.0,2.0,2.0,1.0,1.0,3.0,1.0,1.0,1.0,1.0,7.0,7.0,22.0,22.0,75.0,75.0,6.139e-11,5.266e-11,5.703e-11,25.0,1
660,2.0,2.0,2.0,1.0,1.0,3.0,1.0,1.0,1.0,1.0,7.0,7.0,22.0,22.0,79.0,79.0,6.145e-11,5.275e-11,5.71e-11,25.0,1
661,2.0,2.0,2.0,1.0,1.0,3.0,1.0,1.0,1.0,1.0,7.0,7.0,24.0,24.0,71.0,71.0,6.145e-11,5.262e-11,5.703e-11,25.0,1
662,2.0,2.0,2.0,1.0,1.0,3.0,1.0,1.0,1.0,1.0,7.0,7.0,24.0,24.0,75.0,75.0,6.147e-11,5.268e-11,5.708e-11,25.0,1
663,2.0,2.0,2.0,1.0,1.0,3.0,1.0,1.0,1.0,1.0,7.0,7.0,24.0,24.0,79.0,79.0,6.151e-11,5.276e-11,5.713e-11,25.0,1
664,2.0,2.0,2.0,1.0,1.0,3.0,1.0,1.0,1.0,1.0,7.0,7.0,26.0,26.0,71.0,71.0,6.158e-11,5.27e-11,5.714e-11,25.0,1
665,2.0,2.0,2.0,1.0,1.0,3.0,1.0,1.0,1.0,1.0,7.0,7.0,26.0,26.0,75.0,75.0,6.159e-11,5.276e-11,5.717e-11,25.0,1
666,2.0,2.0,2.0,1.0,1.0,3.0,1.0,1.0,1.0,1.0,7.0,7.0,26.0,26.0,79.0,79.0,6.161e-11,5.282e-11,5.722e-11,25.0,1
667,2.0,2.0,2.0,1.0,1.0,3.0,1.0,1.0,1.0,1.0,8.0,8.0,22.0,22.0,71.0,71.0,6.198e-11,5.34e-11,5.769e-11,25.0,1
668,2.0,2.0,2.0,1.0,1.0,3.0,1.0,1.0,1.0,1.0,8.0,8.0,22.0,22.0,75.0,75.0,6.201e-11,5.348e-11,5.775e-11,25.0,1
669,2.0,2.0,2.0,1.0,1.0,3.0,1.0,1.0,1.0,1.0,8.0,8.0,22.0,22.0,79.0,79.0,6.206e-11,5.357e-11,5.782e-11,25.0,1
670,2.0,2.0,2.0,1.0,1.0,3.0,1.0,1.0,1.0,1.0,8.0,8.0,24.0,24.0,71.0,71.0,6.203e-11,5.34e-11,5.772e-11,25.0,1
671,2.0,2.0,2.0,1.0,1.0,3.0,1.0,1.0,1.0,1.0,8.0,8.0,24.0,24.0,75.0,75.0,6.203e-11,5.347e-11,5.775e-11,25.0,1
672,2.0,2.0,2.0,1.0,1.0,3.0,1.0,1.0,1.0,1.0,8.0,8.0,24.0,24.0,79.0,79.0,6.208e-11,5.354e-11,5.781e-11,25.0,1
673,2.0,2.0,2.0,1.0,1.0,3.0,1.0,1.0,1.0,1.0,8.0,8.0,26.0,26.0,71.0,71.0,6.212e-11,5.346e-11,5.779e-11,25.0,1
674,2.0,2.0,2.0,1.0,1.0,3.0,1.0,1.0,1.0,1.0,8.0,8.0,26.0,26.0,75.0,75.0,6.212e-11,5.35e-11,5.781e-11,25.0,1
675,2.0,2.0,2.0,1.0,1.0,3.0,1.0,1.0,1.0,1.0,8.0,8.0,26.0,26.0,79.0,79.0,6.215e-11,5.357e-11,5.786e-11,25.0,1
676,2.0,2.0,2.0,1.0,1.0,3.0,1.0,1.0,2.0,2.0,6.0,6.0,22.0,22.0,71.0,71.0,5.859e-11,4.908e-11,5.384e-11,25.0,1
677,2.0,2.0,2.0,1.0,1.0,3.0,1.0,1.0,2.0,2.0,6.0,6.0,22.0,22.0,75.0,75.0,5.863e-11,4.917e-11,5.39e-11,25.0,1
678,2.0,2.0,2.0,1.0,1.0,3.0,1.0,1.0,2.0,2.0,6.0,6.0,22.0,22.0,79.0,79.0,5.869e-11,4.927e-11,5.398e-11,25.0,1
679,2.0,2.0,2.0,1.0,1.0,3.0,1.0,1.0,2.0,2.0,6.0,6.0,24.0,24.0,71.0,71.0,5.871e-11,4.914e-11,5.392e-11,25.0,1
680,2.0,2.0,2.0,1.0,1.0,3.0,1.0,1.0,2.0,2.0,6.0,6.0,24.0,24.0,75.0,75.0,5.874e-11,4.921e-11,5.397e-11,25.0,1
681,2.0,2.0,2.0,1.0,1.0,3.0,1.0,1.0,2.0,2.0,6.0,6.0,24.0,24.0,79.0,79.0,5.879e-11,4.928e-11,5.403e-11,25.0,1
682,2.0,2.0,2.0,1.0,1.0,3.0,1.0,1.0,2.0,2.0,6.0,6.0,26.0,26.0,71.0,71.0,5.889e-11,4.924e-11,5.406e-11,25.0,1
683,2.0,2.0,2.0,1.0,1.0,3.0,1.0,1.0,2.0,2.0,6.0,6.0,26.0,26.0,75.0,75.0,5.889e-11,4.929e-11,5.409e-11,25.0,1
684,2.0,2.0,2.0,1.0,1.0,3.0,1.0,1.0,2.0,2.0,6.0,6.0,26.0,26.0,79.0,79.0,5.893e-11,4.936e-11,5.414e-11,25.0,1
685,2.0,2.0,2.0,1.0,1.0,3.0,1.0,1.0,2.0,2.0,7.0,7.0,22.0,22.0,71.0,71.0,5.847e-11,4.912e-11,5.379e-11,25.0,1
686,2.0,2.0,2.0,1.0,1.0,3.0,1.0,1.0,2.0,2.0,7.0,7.0,22.0,22.0,75.0,75.0,5.851e-11,4.92e-11,5.385e-11,25.0,1
687,2.0,2.0,2.0,1.0,1.0,3.0,1.0,1.0,2.0,2.0,7.0,7.0,22.0,22.0,79.0,79.0,5.857e-11,4.929e-11,5.393e-11,25.0,1
688,2.0,2.0,2.0,1.0,1.0,3.0,1.0,1.0,2.0,2.0,7.0,7.0,24.0,24.0,71.0,71.0,5.854e-11,4.912e-11,5.383e-11,25.0,1
689,2.0,2.0,2.0,1.0,1.0,3.0,1.0,1.0,2.0,2.0,7.0,7.0,24.0,24.0,75.0,75.0,5.856e-11,4.918e-11,5.387e-11,25.0,1
690,2.0,2.0,2.0,1.0,1.0,3.0,1.0,1.0,2.0,2.0,7.0,7.0,24.0,24.0,79.0,79.0,5.86e-11,4.926e-11,5.393e-11,25.0,1
691,2.0,2.0,2.0,1.0,1.0,3.0,1.0,1.0,2.0,2.0,7.0,7.0,26.0,26.0,71.0,71.0,5.865e-11,4.917e-11,5.391e-11,25.0,1
692,2.0,2.0,2.0,1.0,1.0,3.0,1.0,1.0,2.0,2.0,7.0,7.0,26.0,26.0,75.0,75.0,5.866e-11,4.922e-11,5.394e-11,25.0,1
693,2.0,2.0,2.0,1.0,1.0,3.0,1.0,1.0,2.0,2.0,7.0,7.0,26.0,26.0,79.0,79.0,5.869e-11,4.929e-11,5.399e-11,25.0,1
694,2.0,2.0,2.0,1.0,1.0,3.0,1.0,1.0,2.0,2.0,8.0,8.0,22.0,22.0,71.0,71.0,5.853e-11,4.929e-11,5.391e-11,25.0,1
695,2.0,2.0,2.0,1.0,1.0,3.0,1.0,1.0,2.0,2.0,8.0,8.0,22.0,22.0,75.0,75.0,5.856e-11,4.937e-11,5.396e-11,25.0,1
696,2.0,2.0,2.0,1.0,1.0,3.0,1.0,1.0,2.0,2.0,8.0,8.0,22.0,22.0,79.0,79.0,5.861e-11,4.946e-11,5.404e-11,25.0,1
697,2.0,2.0,2.0,1.0,1.0,3.0,1.0,1.0,2.0,2.0,8.0,8.0,24.0,24.0,71.0,71.0,5.855e-11,4.926e-11,5.391e-11,25.0,1
698,2.0,2.0,2.0,1.0,1.0,3.0,1.0,1.0,2.0,2.0,8.0,8.0,24.0,24.0,75.0,75.0,5.857e-11,4.933e-11,5.395e-11,25.0,1
699,2.0,2.0,2.0,1.0,1.0,3.0,1.0,1.0,2.0,2.0,8.0,8.0,24.0,24.0,79.0,79.0,5.861e-11,4.94e-11,5.4e-11,25.0,1
700,2.0,2.0,2.0,1.0,1.0,3.0,1.0,1.0,2.0,2.0,8.0,8.0,26.0,26.0,71.0,71.0,5.862e-11,4.928e-11,5.395e-11,25.0,1
701,2.0,2.0,2.0,1.0,1.0,3.0,1.0,1.0,2.0,2.0,8.0,8.0,26.0,26.0,75.0,75.0,5.863e-11,4.933e-11,5.398e-11,25.0,1
702,2.0,2.0,2.0,1.0,1.0,3.0,1.0,1.0,2.0,2.0,8.0,8.0,26.0,26.0,79.0,79.0,5.865e-11,4.939e-11,5.402e-11,25.0,1
703,2.0,2.0,2.0,1.0,1.0,3.0,1.0,1.0,3.0,3.0,6.0,6.0,22.0,22.0,71.0,71.0,5.867e-11,4.9e-11,5.383e-11,25.0,1
704,2.0,2.0,2.0,1.0,1.0,3.0,1.0,1.0,3.0,3.0,6.0,6.0,22.0,22.0,75.0,75.0,5.872e-11,4.909e-11,5.39e-11,25.0,1
705,2.0,2.0,2.0,1.0,1.0,3.0,1.0,1.0,3.0,3.0,6.0,6.0,22.0,22.0,79.0,79.0,5.878e-11,4.918e-11,5.398e-11,25.0,1
706,2.0,2.0,2.0,1.0,1.0,3.0,1.0,1.0,3.0,3.0,6.0,6.0,24.0,24.0,71.0,71.0,5.879e-11,4.904e-11,5.392e-11,25.0,1
707,2.0,2.0,2.0,1.0,1.0,3.0,1.0,1.0,3.0,3.0,6.0,6.0,24.0,24.0,75.0,75.0,5.882e-11,4.911e-11,5.396e-11,25.0,1
708,2.0,2.0,2.0,1.0,1.0,3.0,1.0,1.0,3.0,3.0,6.0,6.0,24.0,24.0,79.0,79.0,5.886e-11,4.919e-11,5.403e-11,25.0,1
709,2.0,2.0,2.0,1.0,1.0,3.0,1.0,1.0,3.0,3.0,6.0,6.0,26.0,26.0,71.0,71.0,5.896e-11,4.914e-11,5.405e-11,25.0,1
710,2.0,2.0,2.0,1.0,1.0,3.0,1.0,1.0,3.0,3.0,6.0,6.0,26.0,26.0,75.0,75.0,5.897e-11,4.919e-11,5.408e-11,25.0,1
711,2.0,2.0,2.0,1.0,1.0,3.0,1.0,1.0,3.0,3.0,6.0,6.0,26.0,26.0,79.0,79.0,5.9e-11,4.926e-11,5.413e-11,25.0,1
712,2.0,2.0,2.0,1.0,1.0,3.0,1.0,1.0,3.0,3.0,7.0,7.0,22.0,22.0,71.0,71.0,5.838e-11,4.882e-11,5.36e-11,25.0,1
713,2.0,2.0,2.0,1.0,1.0,3.0,1.0,1.0,3.0,3.0,7.0,7.0,22.0,22.0,75.0,75.0,5.841e-11,4.891e-11,5.366e-11,25.0,1
714,2.0,2.0,2.0,1.0,1.0,3.0,1.0,1.0,3.0,3.0,7.0,7.0,22.0,22.0,79.0,79.0,5.847e-11,4.9e-11,5.373e-11,25.0,1
715,2.0,2.0,2.0,1.0,1.0,3.0,1.0,1.0,3.0,3.0,7.0,7.0,24.0,24.0,71.0,71.0,5.843e-11,4.881e-11,5.362e-11,25.0,1
716,2.0,2.0,2.0,1.0,1.0,3.0,1.0,1.0,3.0,3.0,7.0,7.0,24.0,24.0,75.0,75.0,5.846e-11,4.888e-11,5.367e-11,25.0,1
717,2.0,2.0,2.0,1.0,1.0,3.0,1.0,1.0,3.0,3.0,7.0,7.0,24.0,24.0,79.0,79.0,5.849e-11,4.896e-11,5.373e-11,25.0,1
718,2.0,2.0,2.0,1.0,1.0,3.0,1.0,1.0,3.0,3.0,7.0,7.0,26.0,26.0,71.0,71.0,5.853e-11,4.886e-11,5.37e-11,25.0,1
719,2.0,2.0,2.0,1.0,1.0,3.0,1.0,1.0,3.0,3.0,7.0,7.0,26.0,26.0,75.0,75.0,5.854e-11,4.891e-11,5.373e-11,25.0,1
720,2.0,2.0,2.0,1.0,1.0,3.0,1.0,1.0,3.0,3.0,7.0,7.0,26.0,26.0,79.0,79.0,5.857e-11,4.897e-11,5.377e-11,25.0,1
721,2.0,2.0,2.0,1.0,1.0,3.0,1.0,1.0,3.0,3.0,8.0,8.0,22.0,22.0,71.0,71.0,5.825e-11,4.879e-11,5.352e-11,25.0,1
722,2.0,2.0,2.0,1.0,1.0,3.0,1.0,1.0,3.0,3.0,8.0,8.0,22.0,22.0,75.0,75.0,5.828e-11,4.888e-11,5.358e-11,25.0,1
723,2.0,2.0,2.0,1.0,1.0,3.0,1.0,1.0,3.0,3.0,8.0,8.0,22.0,22.0,79.0,79.0,5.834e-11,4.897e-11,5.366e-11,25.0,1
724,2.0,2.0,2.0,1.0,1.0,3.0,1.0,1.0,3.0,3.0,8.0,8.0,24.0,24.0,71.0,71.0,5.826e-11,4.875e-11,5.351e-11,25.0,1
725,2.0,2.0,2.0,1.0,1.0,3.0,1.0,1.0,3.0,3.0,8.0,8.0,24.0,24.0,75.0,75.0,5.828e-11,4.882e-11,5.355e-11,25.0,1
726,2.0,2.0,2.0,1.0,1.0,3.0,1.0,1.0,3.0,3.0,8.0,8.0,24.0,24.0,79.0,79.0,5.832e-11,4.889e-11,5.361e-11,25.0,1
727,2.0,2.0,2.0,1.0,1.0,3.0,1.0,1.0,3.0,3.0,8.0,8.0,26.0,26.0,71.0,71.0,5.832e-11,4.875e-11,5.354e-11,25.0,1
728,2.0,2.0,2.0,1.0,1.0,3.0,1.0,1.0,3.0,3.0,8.0,8.0,26.0,26.0,75.0,75.0,5.833e-11,4.88e-11,5.357e-11,25.0,1
729,2.0,2.0,2.0,1.0,1.0,3.0,1.0,1.0,3.0,3.0,8.0,8.0,26.0,26.0,79.0,79.0,5.836e-11,4.887e-11,5.361e-11,25.0,1
730,2.0,2.0,2.0,1.0,1.0,3.0,2.0,2.0,1.0,1.0,6.0,6.0,22.0,22.0,71.0,71.0,6.163e-11,5.241e-11,5.702e-11,25.0,1
731,2.0,2.0,2.0,1.0,1.0,3.0,2.0,2.0,1.0,1.0,6.0,6.0,22.0,22.0,75.0,75.0,6.167e-11,5.249e-11,5.708e-11,25.0,1
732,2.0,2.0,2.0,1.0,1.0,3.0,2.0,2.0,1.0,1.0,6.0,6.0,22.0,22.0,79.0,79.0,6.172e-11,5.259e-11,5.715e-11,25.0,1
733,2.0,2.0,2.0,1.0,1.0,3.0,2.0,2.0,1.0,1.0,6.0,6.0,24.0,24.0,71.0,71.0,6.177e-11,5.25e-11,5.713e-11,25.0,1
734,2.0,2.0,2.0,1.0,1.0,3.0,2.0,2.0,1.0,1.0,6.0,6.0,24.0,24.0,75.0,75.0,6.18e-11,5.256e-11,5.718e-11,25.0,1
735,2.0,2.0,2.0,1.0,1.0,3.0,2.0,2.0,1.0,1.0,6.0,6.0,24.0,24.0,79.0,79.0,6.183e-11,5.264e-11,5.724e-11,25.0,1
736,2.0,2.0,2.0,1.0,1.0,3.0,2.0,2.0,1.0,1.0,6.0,6.0,26.0,26.0,71.0,71.0,6.195e-11,5.263e-11,5.729e-11,25.0,1
737,2.0,2.0,2.0,1.0,1.0,3.0,2.0,2.0,1.0,1.0,6.0,6.0,26.0,26.0,75.0,75.0,6.197e-11,5.269e-11,5.733e-11,25.0,1
738,2.0,2.0,2.0,1.0,1.0,3.0,2.0,2.0,1.0,1.0,6.0,6.0,26.0,26.0,79.0,79.0,6.199e-11,5.275e-11,5.737e-11,25.0,1
739,2.0,2.0,2.0,1.0,1.0,3.0,2.0,2.0,1.0,1.0,7.0,7.0,22.0,22.0,71.0,71.0,6.207e-11,5.308e-11,5.757e-11,25.0,1
740,2.0,2.0,2.0,1.0,1.0,3.0,2.0,2.0,1.0,1.0,7.0,7.0,22.0,22.0,75.0,75.0,6.211e-11,5.316e-11,5.763e-11,25.0,1
741,2.0,2.0,2.0,1.0,1.0,3.0,2.0,2.0,1.0,1.0,7.0,7.0,22.0,22.0,79.0,79.0,6.216e-11,5.325e-11,5.77e-11,25.0,1
742,2.0,2.0,2.0,1.0,1.0,3.0,2.0,2.0,1.0,1.0,7.0,7.0,24.0,24.0,71.0,71.0,6.216e-11,5.311e-11,5.764e-11,25.0,1
743,2.0,2.0,2.0,1.0,1.0,3.0,2.0,2.0,1.0,1.0,7.0,7.0,24.0,24.0,75.0,75.0,6.218e-11,5.318e-11,5.768e-11,25.0,1
744,2.0,2.0,2.0,1.0,1.0,3.0,2.0,2.0,1.0,1.0,7.0,7.0,24.0,24.0,79.0,79.0,6.222e-11,5.325e-11,5.774e-11,25.0,1
745,2.0,2.0,2.0,1.0,1.0,3.0,2.0,2.0,1.0,1.0,7.0,7.0,26.0,26.0,71.0,71.0,6.229e-11,5.32e-11,5.775e-11,25.0,1
746,2.0,2.0,2.0,1.0,1.0,3.0,2.0,2.0,1.0,1.0,7.0,7.0,26.0,26.0,75.0,75.0,6.23e-11,5.325e-11,5.778e-11,25.0,1
747,2.0,2.0,2.0,1.0,1.0,3.0,2.0,2.0,1.0,1.0,7.0,7.0,26.0,26.0,79.0,79.0,6.233e-11,5.332e-11,5.782e-11,25.0,1
748,2.0,2.0,2.0,1.0,1.0,3.0,2.0,2.0,1.0,1.0,8.0,8.0,22.0,22.0,71.0,71.0,6.269e-11,5.39e-11,5.83e-11,25.0,1
749,2.0,2.0,2.0,1.0,1.0,3.0,2.0,2.0,1.0,1.0,8.0,8.0,22.0,22.0,75.0,75.0,6.272e-11,5.397e-11,5.835e-11,25.0,1
750,2.0,2.0,2.0,1.0,1.0,3.0,2.0,2.0,1.0,1.0,8.0,8.0,22.0,22.0,79.0,79.0,6.277e-11,5.407e-11,5.842e-11,25.0,1
751,2.0,2.0,2.0,1.0,1.0,3.0,2.0,2.0,1.0,1.0,8.0,8.0,24.0,24.0,71.0,71.0,6.274e-11,5.39e-11,5.832e-11,25.0,1
752,2.0,2.0,2.0,1.0,1.0,3.0,2.0,2.0,1.0,1.0,8.0,8.0,24.0,24.0,75.0,75.0,6.275e-11,5.396e-11,5.836e-11,25.0,1
753,2.0,2.0,2.0,1.0,1.0,3.0,2.0,2.0,1.0,1.0,8.0,8.0,24.0,24.0,79.0,79.0,6.279e-11,5.403e-11,5.841e-11,25.0,1
754,2.0,2.0,2.0,1.0,1.0,3.0,2.0,2.0,1.0,1.0,8.0,8.0,26.0,26.0,71.0,71.0,6.283e-11,5.395e-11,5.839e-11,25.0,1
755,2.0,2.0,2.0,1.0,1.0,3.0,2.0,2.0,1.0,1.0,8.0,8.0,26.0,26.0,75.0,75.0,6.283e-11,5.399e-11,5.841e-11,25.0,1
756,2.0,2.0,2.0,1.0,1.0,3.0,2.0,2.0,1.0,1.0,8.0,8.0,26.0,26.0,79.0,79.0,6.286e-11,5.405e-11,5.846e-11,25.0,1
757,2.0,2.0,2.0,1.0,1.0,3.0,2.0,2.0,2.0,2.0,6.0,6.0,22.0,22.0,71.0,71.0,5.864e-11,4.887e-11,5.376e-11,25.0,1
758,2.0,2.0,2.0,1.0,1.0,3.0,2.0,2.0,2.0,2.0,6.0,6.0,22.0,22.0,75.0,75.0,5.868e-11,4.896e-11,5.382e-11,25.0,1
759,2.0,2.0,2.0,1.0,1.0,3.0,2.0,2.0,2.0,2.0,6.0,6.0,22.0,22.0,79.0,79.0,5.874e-11,4.905e-11,5.39e-11,25.0,1
760,2.0,2.0,2.0,1.0,1.0,3.0,2.0,2.0,2.0,2.0,6.0,6.0,24.0,24.0,71.0,71.0,5.876e-11,4.893e-11,5.384e-11,25.0,1
761,2.0,2.0,2.0,1.0,1.0,3.0,2.0,2.0,2.0,2.0,6.0,6.0,24.0,24.0,75.0,75.0,5.879e-11,4.899e-11,5.389e-11,25.0,1
762,2.0,2.0,2.0,1.0,1.0,3.0,2.0,2.0,2.0,2.0,6.0,6.0,24.0,24.0,79.0,79.0,5.883e-11,4.907e-11,5.395e-11,25.0,1
763,2.0,2.0,2.0,1.0,1.0,3.0,2.0,2.0,2.0,2.0,6.0,6.0,26.0,26.0,71.0,71.0,5.893e-11,4.903e-11,5.398e-11,25.0,1
764,2.0,2.0,2.0,1.0,1.0,3.0,2.0,2.0,2.0,2.0,6.0,6.0,26.0,26.0,75.0,75.0,5.895e-11,4.908e-11,5.402e-11,25.0,1
765,2.0,2.0,2.0,1.0,1.0,3.0,2.0,2.0,2.0,2.0,6.0,6.0,26.0,26.0,79.0,79.0,5.898e-11,4.915e-11,5.406e-11,25.0,1
766,2.0,2.0,2.0,1.0,1.0,3.0,2.0,2.0,2.0,2.0,7.0,7.0,22.0,22.0,71.0,71.0,5.85e-11,4.89e-11,5.37e-11,25.0,1
767,2.0,2.0,2.0,1.0,1.0,3.0,2.0,2.0,2.0,2.0,7.0,7.0,22.0,22.0,75.0,75.0,5.854e-11,4.898e-11,5.376e-11,25.0,1
768,2.0,2.0,2.0,1.0,1.0,3.0,2.0,2.0,2.0,2.0,7.0,7.0,22.0,22.0,79.0,79.0,5.859e-11,4.907e-11,5.383e-11,25.0,1
769,2.0,2.0,2.0,1.0,1.0,3.0,2.0,2.0,2.0,2.0,7.0,7.0,24.0,24.0,71.0,71.0,5.857e-11,4.89e-11,5.374e-11,25.0,1
770,2.0,2.0,2.0,1.0,1.0,3.0,2.0,2.0,2.0,2.0,7.0,7.0,24.0,24.0,75.0,75.0,5.859e-11,4.897e-11,5.378e-11,25.0,1
771,2.0,2.0,2.0,1.0,1.0,3.0,2.0,2.0,2.0,2.0,7.0,7.0,24.0,24.0,79.0,79.0,5.863e-11,4.904e-11,5.384e-11,25.0,1
772,2.0,2.0,2.0,1.0,1.0,3.0,2.0,2.0,2.0,2.0,7.0,7.0,26.0,26.0,71.0,71.0,5.868e-11,4.896e-11,5.382e-11,25.0,1
773,2.0,2.0,2.0,1.0,1.0,3.0,2.0,2.0,2.0,2.0,7.0,7.0,26.0,26.0,75.0,75.0,5.869e-11,4.901e-11,5.385e-11,25.0,1
774,2.0,2.0,2.0,1.0,1.0,3.0,2.0,2.0,2.0,2.0,7.0,7.0,26.0,26.0,79.0,79.0,5.872e-11,4.907e-11,5.389e-11,25.0,1
775,2.0,2.0,2.0,1.0,1.0,3.0,2.0,2.0,2.0,2.0,8.0,8.0,22.0,22.0,71.0,71.0,5.854e-11,4.907e-11,5.381e-11,25.0,1
776,2.0,2.0,2.0,1.0,1.0,3.0,2.0,2.0,2.0,2.0,8.0,8.0,22.0,22.0,75.0,75.0,5.858e-11,4.915e-11,5.387e-11,25.0,1
777,2.0,2.0,2.0,1.0,1.0,3.0,2.0,2.0,2.0,2.0,8.0,8.0,22.0,22.0,79.0,79.0,5.863e-11,4.924e-11,5.394e-11,25.0,1
778,2.0,2.0,2.0,1.0,1.0,3.0,2.0,2.0,2.0,2.0,8.0,8.0,24.0,24.0,71.0,71.0,5.857e-11,4.904e-11,5.38e-11,25.0,1
779,2.0,2.0,2.0,1.0,1.0,3.0,2.0,2.0,2.0,2.0,8.0,8.0,24.0,24.0,75.0,75.0,5.859e-11,4.91e-11,5.385e-11,25.0,1
780,2.0,2.0,2.0,1.0,1.0,3.0,2.0,2.0,2.0,2.0,8.0,8.0,24.0,24.0,79.0,79.0,5.862e-11,4.918e-11,5.39e-11,25.0,1
781,2.0,2.0,2.0,1.0,1.0,3.0,2.0,2.0,2.0,2.0,8.0,8.0,26.0,26.0,71.0,71.0,5.864e-11,4.906e-11,5.385e-11,25.0,1
782,2.0,2.0,2.0,1.0,1.0,3.0,2.0,2.0,2.0,2.0,8.0,8.0,26.0,26.0,75.0,75.0,5.864e-11,4.911e-11,5.387e-11,25.0,1
783,2.0,2.0,2.0,1.0,1.0,3.0,2.0,2.0,2.0,2.0,8.0,8.0,26.0,26.0,79.0,79.0,5.867e-11,4.917e-11,5.392e-11,25.0,1
784,2.0,2.0,2.0,1.0,1.0,3.0,2.0,2.0,3.0,3.0,6.0,6.0,22.0,22.0,71.0,71.0,5.812e-11,4.819e-11,5.316e-11,25.0,1
785,2.0,2.0,2.0,1.0,1.0,3.0,2.0,2.0,3.0,3.0,6.0,6.0,22.0,22.0,75.0,75.0,5.816e-11,4.827e-11,5.322e-11,25.0,1
786,2.0,2.0,2.0,1.0,1.0,3.0,2.0,2.0,3.0,3.0,6.0,6.0,22.0,22.0,79.0,79.0,5.822e-11,4.837e-11,5.329e-11,25.0,1
787,2.0,2.0,2.0,1.0,1.0,3.0,2.0,2.0,3.0,3.0,6.0,6.0,24.0,24.0,71.0,71.0,5.824e-11,4.823e-11,5.323e-11,25.0,1
788,2.0,2.0,2.0,1.0,1.0,3.0,2.0,2.0,3.0,3.0,6.0,6.0,24.0,24.0,75.0,75.0,5.827e-11,4.829e-11,5.328e-11,25.0,1
789,2.0,2.0,2.0,1.0,1.0,3.0,2.0,2.0,3.0,3.0,6.0,6.0,24.0,24.0,79.0,79.0,5.831e-11,4.838e-11,5.334e-11,25.0,1
790,2.0,2.0,2.0,1.0,1.0,3.0,2.0,2.0,3.0,3.0,6.0,6.0,26.0,26.0,71.0,71.0,5.84e-11,4.832e-11,5.336e-11,25.0,1
791,2.0,2.0,2.0,1.0,1.0,3.0,2.0,2.0,3.0,3.0,6.0,6.0,26.0,26.0,75.0,75.0,5.842e-11,4.837e-11,5.339e-11,25.0,1
792,2.0,2.0,2.0,1.0,1.0,3.0,2.0,2.0,3.0,3.0,6.0,6.0,26.0,26.0,79.0,79.0,5.845e-11,4.844e-11,5.345e-11,25.0,1
793,2.0,2.0,2.0,1.0,1.0,3.0,2.0,2.0,3.0,3.0,7.0,7.0,22.0,22.0,71.0,71.0,5.78e-11,4.799e-11,5.29e-11,25.0,1
794,2.0,2.0,2.0,1.0,1.0,3.0,2.0,2.0,3.0,3.0,7.0,7.0,22.0,22.0,75.0,75.0,5.783e-11,4.808e-11,5.295e-11,25.0,1
795,2.0,2.0,2.0,1.0,1.0,3.0,2.0,2.0,3.0,3.0,7.0,7.0,22.0,22.0,79.0,79.0,5.788e-11,4.817e-11,5.303e-11,25.0,1
796,2.0,2.0,2.0,1.0,1.0,3.0,2.0,2.0,3.0,3.0,7.0,7.0,24.0,24.0,71.0,71.0,5.785e-11,4.798e-11,5.292e-11,25.0,1
797,2.0,2.0,2.0,1.0,1.0,3.0,2.0,2.0,3.0,3.0,7.0,7.0,24.0,24.0,75.0,75.0,5.788e-11,4.805e-11,5.296e-11,25.0,1
798,2.0,2.0,2.0,1.0,1.0,3.0,2.0,2.0,3.0,3.0,7.0,7.0,24.0,24.0,79.0,79.0,5.792e-11,4.813e-11,5.302e-11,25.0,1
799,2.0,2.0,2.0,1.0,1.0,3.0,2.0,2.0,3.0,3.0,7.0,7.0,26.0,26.0,71.0,71.0,5.796e-11,4.803e-11,5.299e-11,25.0,1
800,2.0,2.0,2.0,1.0,1.0,3.0,2.0,2.0,3.0,3.0,7.0,7.0,26.0,26.0,75.0,75.0,5.797e-11,4.808e-11,5.303e-11,25.0,1
801,2.0,2.0,2.0,1.0,1.0,3.0,2.0,2.0,3.0,3.0,7.0,7.0,26.0,26.0,79.0,79.0,5.8e-11,4.814e-11,5.307e-11,25.0,1
802,2.0,2.0,2.0,1.0,1.0,3.0,2.0,2.0,3.0,3.0,8.0,8.0,22.0,22.0,71.0,71.0,5.764e-11,4.795e-11,5.28e-11,25.0,1
803,2.0,2.0,2.0,1.0,1.0,3.0,2.0,2.0,3.0,3.0,8.0,8.0,22.0,22.0,75.0,75.0,5.767e-11,4.804e-11,5.286e-11,25.0,1
804,2.0,2.0,2.0,1.0,1.0,3.0,2.0,2.0,3.0,3.0,8.0,8.0,22.0,22.0,79.0,79.0,5.773e-11,4.813e-11,5.293e-11,25.0,1
805,2.0,2.0,2.0,1.0,1.0,3.0,2.0,2.0,3.0,3.0,8.0,8.0,24.0,24.0,71.0,71.0,5.765e-11,4.791e-11,5.278e-11,25.0,1
806,2.0,2.0,2.0,1.0,1.0,3.0,2.0,2.0,3.0,3.0,8.0,8.0,24.0,24.0,75.0,75.0,5.768e-11,4.797e-11,5.282e-11,25.0,1
807,2.0,2.0,2.0,1.0,1.0,3.0,2.0,2.0,3.0,3.0,8.0,8.0,24.0,24.0,79.0,79.0,5.771e-11,4.805e-11,5.288e-11,25.0,1
808,2.0,2.0,2.0,1.0,1.0,3.0,2.0,2.0,3.0,3.0,8.0,8.0,26.0,26.0,71.0,71.0,5.772e-11,4.791e-11,5.281e-11,25.0,1
809,2.0,2.0,2.0,1.0,1.0,3.0,2.0,2.0,3.0,3.0,8.0,8.0,26.0,26.0,75.0,75.0,5.773e-11,4.796e-11,5.284e-11,25.0,1
810,2.0,2.0,2.0,1.0,1.0,3.0,2.0,2.0,3.0,3.0,8.0,8.0,26.0,26.0,79.0,79.0,5.775e-11,4.803e-11,5.289e-11,25.0,1
811,2.0,2.0,2.0,1.0,2.0,6.0,1.0,1.0,1.0,1.0,6.0,6.0,22.0,22.0,71.0,71.0,7.475e-11,5.931e-11,6.703e-11,25.0,1
812,2.0,2.0,2.0,1.0,2.0,6.0,1.0,1.0,1.0,1.0,6.0,6.0,22.0,22.0,75.0,75.0,7.479e-11,5.94e-11,6.71e-11,25.0,1
813,2.0,2.0,2.0,1.0,2.0,6.0,1.0,1.0,1.0,1.0,6.0,6.0,22.0,22.0,79.0,79.0,7.485e-11,5.949e-11,6.717e-11,25.0,1
814,2.0,2.0,2.0,1.0,2.0,6.0,1.0,1.0,1.0,1.0,6.0,6.0,24.0,24.0,71.0,71.0,7.49e-11,5.94e-11,6.715e-11,25.0,1
815,2.0,2.0,2.0,1.0,2.0,6.0,1.0,1.0,1.0,1.0,6.0,6.0,24.0,24.0,75.0,75.0,7.492e-11,5.947e-11,6.719e-11,25.0,1
816,2.0,2.0,2.0,1.0,2.0,6.0,1.0,1.0,1.0,1.0,6.0,6.0,24.0,24.0,79.0,79.0,7.496e-11,5.954e-11,6.725e-11,25.0,1
817,2.0,2.0,2.0,1.0,2.0,6.0,1.0,1.0,1.0,1.0,6.0,6.0,26.0,26.0,71.0,71.0,7.508e-11,5.953e-11,6.731e-11,25.0,1
818,2.0,2.0,2.0,1.0,2.0,6.0,1.0,1.0,1.0,1.0,6.0,6.0,26.0,26.0,75.0,75.0,7.51e-11,5.959e-11,6.734e-11,25.0,1
819,2.0,2.0,2.0,1.0,2.0,6.0,1.0,1.0,1.0,1.0,6.0,6.0,26.0,26.0,79.0,79.0,7.512e-11,5.966e-11,6.739e-11,25.0,1
820,2.0,2.0,2.0,1.0,2.0,6.0,1.0,1.0,1.0,1.0,7.0,7.0,22.0,22.0,71.0,71.0,7.52e-11,5.998e-11,6.759e-11,25.0,1
821,2.0,2.0,2.0,1.0,2.0,6.0,1.0,1.0,1.0,1.0,7.0,7.0,22.0,22.0,75.0,75.0,7.524e-11,6.006e-11,6.765e-11,25.0,1
822,2.0,2.0,2.0,1.0,2.0,6.0,1.0,1.0,1.0,1.0,7.0,7.0,22.0,22.0,79.0,79.0,7.529e-11,6.015e-11,6.772e-11,25.0,1
823,2.0,2.0,2.0,1.0,2.0,6.0,1.0,1.0,1.0,1.0,7.0,7.0,24.0,24.0,71.0,71.0,7.529e-11,6.002e-11,6.766e-11,25.0,1
824,2.0,2.0,2.0,1.0,2.0,6.0,1.0,1.0,1.0,1.0,7.0,7.0,24.0,24.0,75.0,75.0,7.531e-11,6.008e-11,6.77e-11,25.0,1
825,2.0,2.0,2.0,1.0,2.0,6.0,1.0,1.0,1.0,1.0,7.0,7.0,24.0,24.0,79.0,79.0,7.535e-11,6.016e-11,6.776e-11,25.0,1
826,2.0,2.0,2.0,1.0,2.0,6.0,1.0,1.0,1.0,1.0,7.0,7.0,26.0,26.0,71.0,71.0,7.542e-11,6.011e-11,6.776e-11,25.0,1
827,2.0,2.0,2.0,1.0,2.0,6.0,1.0,1.0,1.0,1.0,7.0,7.0,26.0,26.0,75.0,75.0,7.543e-11,6.016e-11,6.779e-11,25.0,1
828,2.0,2.0,2.0,1.0,2.0,6.0,1.0,1.0,1.0,1.0,7.0,7.0,26.0,26.0,79.0,79.0,7.546e-11,6.022e-11,6.784e-11,25.0,1
829,2.0,2.0,2.0,1.0,2.0,6.0,1.0,1.0,1.0,1.0,8.0,8.0,22.0,22.0,71.0,71.0,7.582e-11,6.08e-11,6.831e-11,25.0,1
830,2.0,2.0,2.0,1.0,2.0,6.0,1.0,1.0,1.0,1.0,8.0,8.0,22.0,22.0,75.0,75.0,7.586e-11,6.088e-11,6.837e-11,25.0,1
831,2.0,2.0,2.0,1.0,2.0,6.0,1.0,1.0,1.0,1.0,8.0,8.0,22.0,22.0,79.0,79.0,7.591e-11,6.097e-11,6.844e-11,25.0,1
832,2.0,2.0,2.0,1.0,2.0,6.0,1.0,1.0,1.0,1.0,8.0,8.0,24.0,24.0,71.0,71.0,7.587e-11,6.08e-11,6.834e-11,25.0,1
833,2.0,2.0,2.0,1.0,2.0,6.0,1.0,1.0,1.0,1.0,8.0,8.0,24.0,24.0,75.0,75.0,7.588e-11,6.086e-11,6.837e-11,25.0,1
834,2.0,2.0,2.0,1.0,2.0,6.0,1.0,1.0,1.0,1.0,8.0,8.0,24.0,24.0,79.0,79.0,7.592e-11,6.094e-11,6.843e-11,25.0,1
835,2.0,2.0,2.0,1.0,2.0,6.0,1.0,1.0,1.0,1.0,8.0,8.0,26.0,26.0,71.0,71.0,7.597e-11,6.085e-11,6.841e-11,25.0,1
836,2.0,2.0,2.0,1.0,2.0,6.0,1.0,1.0,1.0,1.0,8.0,8.0,26.0,26.0,75.0,75.0,7.597e-11,6.091e-11,6.844e-11,25.0,1
837,2.0,2.0,2.0,1.0,2.0,6.0,1.0,1.0,1.0,1.0,8.0,8.0,26.0,26.0,79.0,79.0,7.599e-11,6.096e-11,6.848e-11,25.0,1
838,2.0,2.0,2.0,1.0,2.0,6.0,1.0,1.0,2.0,2.0,6.0,6.0,22.0,22.0,71.0,71.0,7.246e-11,5.648e-11,6.447e-11,25.0,1
839,2.0,2.0,2.0,1.0,2.0,6.0,1.0,1.0,2.0,2.0,6.0,6.0,22.0,22.0,75.0,75.0,7.25e-11,5.657e-11,6.453e-11,25.0,1
840,2.0,2.0,2.0,1.0,2.0,6.0,1.0,1.0,2.0,2.0,6.0,6.0,22.0,22.0,79.0,79.0,7.256e-11,5.666e-11,6.461e-11,25.0,1
841,2.0,2.0,2.0,1.0,2.0,6.0,1.0,1.0,2.0,2.0,6.0,6.0,24.0,24.0,71.0,71.0,7.258e-11,5.653e-11,6.456e-11,25.0,1
842,2.0,2.0,2.0,1.0,2.0,6.0,1.0,1.0,2.0,2.0,6.0,6.0,24.0,24.0,75.0,75.0,7.261e-11,5.66e-11,6.46e-11,25.0,1
843,2.0,2.0,2.0,1.0,2.0,6.0,1.0,1.0,2.0,2.0,6.0,6.0,24.0,24.0,79.0,79.0,7.265e-11,5.668e-11,6.467e-11,25.0,1
844,2.0,2.0,2.0,1.0,2.0,6.0,1.0,1.0,2.0,2.0,6.0,6.0,26.0,26.0,71.0,71.0,7.275e-11,5.664e-11,6.469e-11,25.0,1
845,2.0,2.0,2.0,1.0,2.0,6.0,1.0,1.0,2.0,2.0,6.0,6.0,26.0,26.0,75.0,75.0,7.276e-11,5.669e-11,6.473e-11,25.0,1
846,2.0,2.0,2.0,1.0,2.0,6.0,1.0,1.0,2.0,2.0,6.0,6.0,26.0,26.0,79.0,79.0,7.28e-11,5.676e-11,6.478e-11,25.0,1
847,2.0,2.0,2.0,1.0,2.0,6.0,1.0,1.0,2.0,2.0,7.0,7.0,22.0,22.0,71.0,71.0,7.234e-11,5.651e-11,6.442e-11,25.0,1
848,2.0,2.0,2.0,1.0,2.0,6.0,1.0,1.0,2.0,2.0,7.0,7.0,22.0,22.0,75.0,75.0,7.237e-11,5.659e-11,6.448e-11,25.0,1
849,2.0,2.0,2.0,1.0,2.0,6.0,1.0,1.0,2.0,2.0,7.0,7.0,22.0,22.0,79.0,79.0,7.243e-11,5.668e-11,6.456e-11,25.0,1
850,2.0,2.0,2.0,1.0,2.0,6.0,1.0,1.0,2.0,2.0,7.0,7.0,24.0,24.0,71.0,71.0,7.241e-11,5.651e-11,6.446e-11,25.0,1
851,2.0,2.0,2.0,1.0,2.0,6.0,1.0,1.0,2.0,2.0,7.0,7.0,24.0,24.0,75.0,75.0,7.243e-11,5.658e-11,6.45e-11,25.0,1
852,2.0,2.0,2.0,1.0,2.0,6.0,1.0,1.0,2.0,2.0,7.0,7.0,24.0,24.0,79.0,79.0,7.246e-11,5.666e-11,6.456e-11,25.0,1
853,2.0,2.0,2.0,1.0,2.0,6.0,1.0,1.0,2.0,2.0,7.0,7.0,26.0,26.0,71.0,71.0,7.251e-11,5.657e-11,6.454e-11,25.0,1
854,2.0,2.0,2.0,1.0,2.0,6.0,1.0,1.0,2.0,2.0,7.0,7.0,26.0,26.0,75.0,75.0,7.252e-11,5.662e-11,6.457e-11,25.0,1
855,2.0,2.0,2.0,1.0,2.0,6.0,1.0,1.0,2.0,2.0,7.0,7.0,26.0,26.0,79.0,79.0,7.255e-11,5.668e-11,6.462e-11,25.0,1
856,2.0,2.0,2.0,1.0,2.0,6.0,1.0,1.0,2.0,2.0,8.0,8.0,22.0,22.0,71.0,71.0,7.239e-11,5.669e-11,6.454e-11,25.0,1
857,2.0,2.0,2.0,1.0,2.0,6.0,1.0,1.0,2.0,2.0,8.0,8.0,22.0,22.0,75.0,75.0,7.242e-11,5.677e-11,6.46e-11,25.0,1
858,2.0,2.0,2.0,1.0,2.0,6.0,1.0,1.0,2.0,2.0,8.0,8.0,22.0,22.0,79.0,79.0,7.248e-11,5.686e-11,6.467e-11,25.0,1
859,2.0,2.0,2.0,1.0,2.0,6.0,1.0,1.0,2.0,2.0,8.0,8.0,24.0,24.0,71.0,71.0,7.242e-11,5.665e-11,6.454e-11,25.0,1
860,2.0,2.0,2.0,1.0,2.0,6.0,1.0,1.0,2.0,2.0,8.0,8.0,24.0,24.0,75.0,75.0,7.243e-11,5.672e-11,6.458e-11,25.0,1
861,2.0,2.0,2.0,1.0,2.0,6.0,1.0,1.0,2.0,2.0,8.0,8.0,24.0,24.0,79.0,79.0,7.247e-11,5.679e-11,6.463e-11,25.0,1
862,2.0,2.0,2.0,1.0,2.0,6.0,1.0,1.0,2.0,2.0,8.0,8.0,26.0,26.0,71.0,71.0,7.248e-11,5.668e-11,6.458e-11,25.0,1
863,2.0,2.0,2.0,1.0,2.0,6.0,1.0,1.0,2.0,2.0,8.0,8.0,26.0,26.0,75.0,75.0,7.249e-11,5.672e-11,6.46e-11,25.0,1
864,2.0,2.0,2.0,1.0,2.0,6.0,1.0,1.0,2.0,2.0,8.0,8.0,26.0,26.0,79.0,79.0,7.251e-11,5.678e-11,6.465e-11,25.0,1
865,2.0,2.0,2.0,1.0,2.0,6.0,1.0,1.0,3.0,3.0,6.0,6.0,22.0,22.0,71.0,71.0,7.254e-11,5.64e-11,6.447e-11,25.0,1
866,2.0,2.0,2.0,1.0,2.0,6.0,1.0,1.0,3.0,3.0,6.0,6.0,22.0,22.0,75.0,75.0,7.258e-11,5.648e-11,6.453e-11,25.0,1
867,2.0,2.0,2.0,1.0,2.0,6.0,1.0,1.0,3.0,3.0,6.0,6.0,22.0,22.0,79.0,79.0,7.264e-11,5.658e-11,6.461e-11,25.0,1
868,2.0,2.0,2.0,1.0,2.0,6.0,1.0,1.0,3.0,3.0,6.0,6.0,24.0,24.0,71.0,71.0,7.266e-11,5.644e-11,6.455e-11,25.0,1
869,2.0,2.0,2.0,1.0,2.0,6.0,1.0,1.0,3.0,3.0,6.0,6.0,24.0,24.0,75.0,75.0,7.268e-11,5.651e-11,6.459e-11,25.0,1
870,2.0,2.0,2.0,1.0,2.0,6.0,1.0,1.0,3.0,3.0,6.0,6.0,24.0,24.0,79.0,79.0,7.273e-11,5.659e-11,6.466e-11,25.0,1
871,2.0,2.0,2.0,1.0,2.0,6.0,1.0,1.0,3.0,3.0,6.0,6.0,26.0,26.0,71.0,71.0,7.282e-11,5.653e-11,6.468e-11,25.0,1
872,2.0,2.0,2.0,1.0,2.0,6.0,1.0,1.0,3.0,3.0,6.0,6.0,26.0,26.0,75.0,75.0,7.283e-11,5.659e-11,6.471e-11,25.0,1
873,2.0,2.0,2.0,1.0,2.0,6.0,1.0,1.0,3.0,3.0,6.0,6.0,26.0,26.0,79.0,79.0,7.287e-11,5.665e-11,6.476e-11,25.0,1
874,2.0,2.0,2.0,1.0,2.0,6.0,1.0,1.0,3.0,3.0,7.0,7.0,22.0,22.0,71.0,71.0,7.224e-11,5.622e-11,6.423e-11,25.0,1
875,2.0,2.0,2.0,1.0,2.0,6.0,1.0,1.0,3.0,3.0,7.0,7.0,22.0,22.0,75.0,75.0,7.228e-11,5.631e-11,6.429e-11,25.0,1
876,2.0,2.0,2.0,1.0,2.0,6.0,1.0,1.0,3.0,3.0,7.0,7.0,22.0,22.0,79.0,79.0,7.233e-11,5.64e-11,6.436e-11,25.0,1
877,2.0,2.0,2.0,1.0,2.0,6.0,1.0,1.0,3.0,3.0,7.0,7.0,24.0,24.0,71.0,71.0,7.23e-11,5.621e-11,6.426e-11,25.0,1
878,2.0,2.0,2.0,1.0,2.0,6.0,1.0,1.0,3.0,3.0,7.0,7.0,24.0,24.0,75.0,75.0,7.232e-11,5.628e-11,6.43e-11,25.0,1
879,2.0,2.0,2.0,1.0,2.0,6.0,1.0,1.0,3.0,3.0,7.0,7.0,24.0,24.0,79.0,79.0,7.236e-11,5.635e-11,6.436e-11,25.0,1
880,2.0,2.0,2.0,1.0,2.0,6.0,1.0,1.0,3.0,3.0,7.0,7.0,26.0,26.0,71.0,71.0,7.24e-11,5.625e-11,6.433e-11,25.0,1
881,2.0,2.0,2.0,1.0,2.0,6.0,1.0,1.0,3.0,3.0,7.0,7.0,26.0,26.0,75.0,75.0,7.241e-11,5.63e-11,6.436e-11,25.0,1
882,2.0,2.0,2.0,1.0,2.0,6.0,1.0,1.0,3.0,3.0,7.0,7.0,26.0,26.0,79.0,79.0,7.244e-11,5.637e-11,6.44e-11,25.0,1
883,2.0,2.0,2.0,1.0,2.0,6.0,1.0,1.0,3.0,3.0,8.0,8.0,22.0,22.0,71.0,71.0,7.212e-11,5.619e-11,6.415e-11,25.0,1
884,2.0,2.0,2.0,1.0,2.0,6.0,1.0,1.0,3.0,3.0,8.0,8.0,22.0,22.0,75.0,75.0,7.215e-11,5.627e-11,6.421e-11,25.0,1
885,2.0,2.0,2.0,1.0,2.0,6.0,1.0,1.0,3.0,3.0,8.0,8.0,22.0,22.0,79.0,79.0,7.22e-11,5.637e-11,6.428e-11,25.0,1
886,2.0,2.0,2.0,1.0,2.0,6.0,1.0,1.0,3.0,3.0,8.0,8.0,24.0,24.0,71.0,71.0,7.213e-11,5.615e-11,6.414e-11,25.0,1
887,2.0,2.0,2.0,1.0,2.0,6.0,1.0,1.0,3.0,3.0,8.0,8.0,24.0,24.0,75.0,75.0,7.214e-11,5.621e-11,6.418e-11,25.0,1
888,2.0,2.0,2.0,1.0,2.0,6.0,1.0,1.0,3.0,3.0,8.0,8.0,24.0,24.0,79.0,79.0,7.218e-11,5.628e-11,6.423e-11,25.0,1
889,2.0,2.0,2.0,1.0,2.0,6.0,1.0,1.0,3.0,3.0,8.0,8.0,26.0,26.0,71.0,71.0,7.219e-11,5.615e-11,6.417e-11,25.0,1
890,2.0,2.0,2.0,1.0,2.0,6.0,1.0,1.0,3.0,3.0,8.0,8.0,26.0,26.0,75.0,75.0,7.219e-11,5.62e-11,6.42e-11,25.0,1
891,2.0,2.0,2.0,1.0,2.0,6.0,1.0,1.0,3.0,3.0,8.0,8.0,26.0,26.0,79.0,79.0,7.222e-11,5.626e-11,6.424e-11,25.0,1
892,2.0,2.0,2.0,1.0,2.0,6.0,2.0,2.0,1.0,1.0,6.0,6.0,22.0,22.0,71.0,71.0,7.486e-11,5.934e-11,6.71e-11,25.0,1
893,2.0,2.0,2.0,1.0,2.0,6.0,2.0,2.0,1.0,1.0,6.0,6.0,22.0,22.0,75.0,75.0,7.49e-11,5.943e-11,6.716e-11,25.0,1
894,2.0,2.0,2.0,1.0,2.0,6.0,2.0,2.0,1.0,1.0,6.0,6.0,22.0,22.0,79.0,79.0,7.495e-11,5.952e-11,6.723e-11,25.0,1
895,2.0,2.0,2.0,1.0,2.0,6.0,2.0,2.0,1.0,1.0,6.0,6.0,24.0,24.0,71.0,71.0,7.5e-11,5.943e-11,6.722e-11,25.0,1
896,2.0,2.0,2.0,1.0,2.0,6.0,2.0,2.0,1.0,1.0,6.0,6.0,24.0,24.0,75.0,75.0,7.503e-11,5.949e-11,6.726e-11,25.0,1
897,2.0,2.0,2.0,1.0,2.0,6.0,2.0,2.0,1.0,1.0,6.0,6.0,24.0,24.0,79.0,79.0,7.506e-11,5.957e-11,6.732e-11,25.0,1
898,2.0,2.0,2.0,1.0,2.0,6.0,2.0,2.0,1.0,1.0,6.0,6.0,26.0,26.0,71.0,71.0,7.518e-11,5.957e-11,6.738e-11,25.0,1
899,2.0,2.0,2.0,1.0,2.0,6.0,2.0,2.0,1.0,1.0,6.0,6.0,26.0,26.0,75.0,75.0,7.519e-11,5.962e-11,6.74e-11,25.0,1
900,2.0,2.0,2.0,1.0,2.0,6.0,2.0,2.0,1.0,1.0,6.0,6.0,26.0,26.0,79.0,79.0,7.523e-11,5.968e-11,6.745e-11,25.0,1
901,2.0,2.0,2.0,1.0,2.0,6.0,2.0,2.0,1.0,1.0,7.0,7.0,22.0,22.0,71.0,71.0,7.531e-11,6.001e-11,6.766e-11,25.0,1
902,2.0,2.0,2.0,1.0,2.0,6.0,2.0,2.0,1.0,1.0,7.0,7.0,22.0,22.0,75.0,75.0,7.534e-11,6.009e-11,6.771e-11,25.0,1
903,2.0,2.0,2.0,1.0,2.0,6.0,2.0,2.0,1.0,1.0,7.0,7.0,22.0,22.0,79.0,79.0,7.539e-11,6.018e-11,6.778e-11,25.0,1
904,2.0,2.0,2.0,1.0,2.0,6.0,2.0,2.0,1.0,1.0,7.0,7.0,24.0,24.0,71.0,71.0,7.539e-11,6.005e-11,6.772e-11,25.0,1
905,2.0,2.0,2.0,1.0,2.0,6.0,2.0,2.0,1.0,1.0,7.0,7.0,24.0,24.0,75.0,75.0,7.541e-11,6.011e-11,6.776e-11,25.0,1
906,2.0,2.0,2.0,1.0,2.0,6.0,2.0,2.0,1.0,1.0,7.0,7.0,24.0,24.0,79.0,79.0,7.545e-11,6.018e-11,6.782e-11,25.0,1
907,2.0,2.0,2.0,1.0,2.0,6.0,2.0,2.0,1.0,1.0,7.0,7.0,26.0,26.0,71.0,71.0,7.552e-11,6.013e-11,6.783e-11,25.0,1
908,2.0,2.0,2.0,1.0,2.0,6.0,2.0,2.0,1.0,1.0,7.0,7.0,26.0,26.0,75.0,75.0,7.553e-11,6.018e-11,6.786e-11,25.0,1
909,2.0,2.0,2.0,1.0,2.0,6.0,2.0,2.0,1.0,1.0,7.0,7.0,26.0,26.0,79.0,79.0,7.556e-11,6.024e-11,6.79e-11,25.0,1
910,2.0,2.0,2.0,1.0,2.0,6.0,2.0,2.0,1.0,1.0,8.0,8.0,22.0,22.0,71.0,71.0,7.592e-11,6.083e-11,6.838e-11,25.0,1
911,2.0,2.0,2.0,1.0,2.0,6.0,2.0,2.0,1.0,1.0,8.0,8.0,22.0,22.0,75.0,75.0,7.595e-11,6.091e-11,6.843e-11,25.0,1
912,2.0,2.0,2.0,1.0,2.0,6.0,2.0,2.0,1.0,1.0,8.0,8.0,22.0,22.0,79.0,79.0,7.601e-11,6.1e-11,6.85e-11,25.0,1
913,2.0,2.0,2.0,1.0,2.0,6.0,2.0,2.0,1.0,1.0,8.0,8.0,24.0,24.0,71.0,71.0,7.597e-11,6.083e-11,6.84e-11,25.0,1
914,2.0,2.0,2.0,1.0,2.0,6.0,2.0,2.0,1.0,1.0,8.0,8.0,24.0,24.0,75.0,75.0,7.599e-11,6.089e-11,6.844e-11,25.0,1
915,2.0,2.0,2.0,1.0,2.0,6.0,2.0,2.0,1.0,1.0,8.0,8.0,24.0,24.0,79.0,79.0,7.602e-11,6.097e-11,6.85e-11,25.0,1
916,2.0,2.0,2.0,1.0,2.0,6.0,2.0,2.0,1.0,1.0,8.0,8.0,26.0,26.0,71.0,71.0,7.606e-11,6.088e-11,6.847e-11,25.0,1
917,2.0,2.0,2.0,1.0,2.0,6.0,2.0,2.0,1.0,1.0,8.0,8.0,26.0,26.0,75.0,75.0,7.606e-11,6.093e-11,6.85e-11,25.0,1
918,2.0,2.0,2.0,1.0,2.0,6.0,2.0,2.0,1.0,1.0,8.0,8.0,26.0,26.0,79.0,79.0,7.609e-11,6.099e-11,6.854e-11,25.0,1
919,2.0,2.0,2.0,1.0,2.0,6.0,2.0,2.0,2.0,2.0,6.0,6.0,22.0,22.0,71.0,71.0,7.191e-11,5.581e-11,6.386e-11,25.0,1
920,2.0,2.0,2.0,1.0,2.0,6.0,2.0,2.0,2.0,2.0,6.0,6.0,22.0,22.0,75.0,75.0,7.195e-11,5.589e-11,6.392e-11,25.0,1
921,2.0,2.0,2.0,1.0,2.0,6.0,2.0,2.0,2.0,2.0,6.0,6.0,22.0,22.0,79.0,79.0,7.201e-11,5.598e-11,6.4e-11,25.0,1
922,2.0,2.0,2.0,1.0,2.0,6.0,2.0,2.0,2.0,2.0,6.0,6.0,24.0,24.0,71.0,71.0,7.203e-11,5.586e-11,6.394e-11,25.0,1
923,2.0,2.0,2.0,1.0,2.0,6.0,2.0,2.0,2.0,2.0,6.0,6.0,24.0,24.0,75.0,75.0,7.206e-11,5.593e-11,6.399e-11,25.0,1
924,2.0,2.0,2.0,1.0,2.0,6.0,2.0,2.0,2.0,2.0,6.0,6.0,24.0,24.0,79.0,79.0,7.21e-11,5.601e-11,6.406e-11,25.0,1
925,2.0,2.0,2.0,1.0,2.0,6.0,2.0,2.0,2.0,2.0,6.0,6.0,26.0,26.0,71.0,71.0,7.22e-11,5.596e-11,6.408e-11,25.0,1
926,2.0,2.0,2.0,1.0,2.0,6.0,2.0,2.0,2.0,2.0,6.0,6.0,26.0,26.0,75.0,75.0,7.221e-11,5.602e-11,6.412e-11,25.0,1
927,2.0,2.0,2.0,1.0,2.0,6.0,2.0,2.0,2.0,2.0,6.0,6.0,26.0,26.0,79.0,79.0,7.225e-11,5.608e-11,6.416e-11,25.0,1
928,2.0,2.0,2.0,1.0,2.0,6.0,2.0,2.0,2.0,2.0,7.0,7.0,22.0,22.0,71.0,71.0,7.177e-11,5.583e-11,6.38e-11,25.0,1
929,2.0,2.0,2.0,1.0,2.0,6.0,2.0,2.0,2.0,2.0,7.0,7.0,22.0,22.0,75.0,75.0,7.181e-11,5.591e-11,6.386e-11,25.0,1
930,2.0,2.0,2.0,1.0,2.0,6.0,2.0,2.0,2.0,2.0,7.0,7.0,22.0,22.0,79.0,79.0,7.186e-11,5.6e-11,6.393e-11,25.0,1
931,2.0,2.0,2.0,1.0,2.0,6.0,2.0,2.0,2.0,2.0,7.0,7.0,24.0,24.0,71.0,71.0,7.184e-11,5.583e-11,6.384e-11,25.0,1
932,2.0,2.0,2.0,1.0,2.0,6.0,2.0,2.0,2.0,2.0,7.0,7.0,24.0,24.0,75.0,75.0,7.186e-11,5.589e-11,6.388e-11,25.0,1
933,2.0,2.0,2.0,1.0,2.0,6.0,2.0,2.0,2.0,2.0,7.0,7.0,24.0,24.0,79.0,79.0,7.19e-11,5.597e-11,6.393e-11,25.0,1
934,2.0,2.0,2.0,1.0,2.0,6.0,2.0,2.0,2.0,2.0,7.0,7.0,26.0,26.0,71.0,71.0,7.195e-11,5.589e-11,6.392e-11,25.0,1
935,2.0,2.0,2.0,1.0,2.0,6.0,2.0,2.0,2.0,2.0,7.0,7.0,26.0,26.0,75.0,75.0,7.196e-11,5.594e-11,6.395e-11,25.0,1
936,2.0,2.0,2.0,1.0,2.0,6.0,2.0,2.0,2.0,2.0,7.0,7.0,26.0,26.0,79.0,79.0,7.199e-11,5.6e-11,6.399e-11,25.0,1
937,2.0,2.0,2.0,1.0,2.0,6.0,2.0,2.0,2.0,2.0,8.0,8.0,22.0,22.0,71.0,71.0,7.181e-11,5.6e-11,6.39e-11,25.0,1
938,2.0,2.0,2.0,1.0,2.0,6.0,2.0,2.0,2.0,2.0,8.0,8.0,22.0,22.0,75.0,75.0,7.184e-11,5.608e-11,6.396e-11,25.0,1
939,2.0,2.0,2.0,1.0,2.0,6.0,2.0,2.0,2.0,2.0,8.0,8.0,22.0,22.0,79.0,79.0,7.189e-11,5.617e-11,6.403e-11,25.0,1
940,2.0,2.0,2.0,1.0,2.0,6.0,2.0,2.0,2.0,2.0,8.0,8.0,24.0,24.0,71.0,71.0,7.183e-11,5.597e-11,6.39e-11,25.0,1
941,2.0,2.0,2.0,1.0,2.0,6.0,2.0,2.0,2.0,2.0,8.0,8.0,24.0,24.0,75.0,75.0,7.185e-11,5.603e-11,6.394e-11,25.0,1
942,2.0,2.0,2.0,1.0,2.0,6.0,2.0,2.0,2.0,2.0,8.0,8.0,24.0,24.0,79.0,79.0,7.189e-11,5.611e-11,6.4e-11,25.0,1
943,2.0,2.0,2.0,1.0,2.0,6.0,2.0,2.0,2.0,2.0,8.0,8.0,26.0,26.0,71.0,71.0,7.19e-11,5.599e-11,6.394e-11,25.0,1
944,2.0,2.0,2.0,1.0,2.0,6.0,2.0,2.0,2.0,2.0,8.0,8.0,26.0,26.0,75.0,75.0,7.191e-11,5.603e-11,6.397e-11,25.0,1
945,2.0,2.0,2.0,1.0,2.0,6.0,2.0,2.0,2.0,2.0,8.0,8.0,26.0,26.0,79.0,79.0,7.193e-11,5.609e-11,6.401e-11,25.0,1
946,2.0,2.0,2.0,1.0,2.0,6.0,2.0,2.0,3.0,3.0,6.0,6.0,22.0,22.0,71.0,71.0,7.14e-11,5.51e-11,6.325e-11,25.0,1
947,2.0,2.0,2.0,1.0,2.0,6.0,2.0,2.0,3.0,3.0,6.0,6.0,22.0,22.0,75.0,75.0,7.144e-11,5.518e-11,6.331e-11,25.0,1
948,2.0,2.0,2.0,1.0,2.0,6.0,2.0,2.0,3.0,3.0,6.0,6.0,22.0,22.0,79.0,79.0,7.149e-11,5.528e-11,6.338e-11,25.0,1
949,2.0,2.0,2.0,1.0,2.0,6.0,2.0,2.0,3.0,3.0,6.0,6.0,24.0,24.0,71.0,71.0,7.152e-11,5.514e-11,6.333e-11,25.0,1
950,2.0,2.0,2.0,1.0,2.0,6.0,2.0,2.0,3.0,3.0,6.0,6.0,24.0,24.0,75.0,75.0,7.154e-11,5.521e-11,6.337e-11,25.0,1
951,2.0,2.0,2.0,1.0,2.0,6.0,2.0,2.0,3.0,3.0,6.0,6.0,24.0,24.0,79.0,79.0,7.158e-11,5.529e-11,6.343e-11,25.0,1
952,2.0,2.0,2.0,1.0,2.0,6.0,2.0,2.0,3.0,3.0,6.0,6.0,26.0,26.0,71.0,71.0,7.168e-11,5.523e-11,6.346e-11,25.0,1
953,2.0,2.0,2.0,1.0,2.0,6.0,2.0,2.0,3.0,3.0,6.0,6.0,26.0,26.0,75.0,75.0,7.169e-11,5.528e-11,6.349e-11,25.0,1
954,2.0,2.0,2.0,1.0,2.0,6.0,2.0,2.0,3.0,3.0,6.0,6.0,26.0,26.0,79.0,79.0,7.172e-11,5.535e-11,6.354e-11,25.0,1
955,2.0,2.0,2.0,1.0,2.0,6.0,2.0,2.0,3.0,3.0,7.0,7.0,22.0,22.0,71.0,71.0,7.107e-11,5.49e-11,6.298e-11,25.0,1
956,2.0,2.0,2.0,1.0,2.0,6.0,2.0,2.0,3.0,3.0,7.0,7.0,22.0,22.0,75.0,75.0,7.11e-11,5.498e-11,6.304e-11,25.0,1
957,2.0,2.0,2.0,1.0,2.0,6.0,2.0,2.0,3.0,3.0,7.0,7.0,22.0,22.0,79.0,79.0,7.116e-11,5.509e-11,6.312e-11,25.0,1
958,2.0,2.0,2.0,1.0,2.0,6.0,2.0,2.0,3.0,3.0,7.0,7.0,24.0,24.0,71.0,71.0,7.112e-11,5.49e-11,6.301e-11,25.0,1
959,2.0,2.0,2.0,1.0,2.0,6.0,2.0,2.0,3.0,3.0,7.0,7.0,24.0,24.0,75.0,75.0,7.114e-11,5.496e-11,6.305e-11,25.0,1
960,2.0,2.0,2.0,1.0,2.0,6.0,2.0,2.0,3.0,3.0,7.0,7.0,24.0,24.0,79.0,79.0,7.119e-11,5.504e-11,6.311e-11,25.0,1
961,2.0,2.0,2.0,1.0,2.0,6.0,2.0,2.0,3.0,3.0,7.0,7.0,26.0,26.0,71.0,71.0,7.123e-11,5.494e-11,6.308e-11,25.0,1
962,2.0,2.0,2.0,1.0,2.0,6.0,2.0,2.0,3.0,3.0,7.0,7.0,26.0,26.0,75.0,75.0,7.124e-11,5.499e-11,6.311e-11,25.0,1
963,2.0,2.0,2.0,1.0,2.0,6.0,2.0,2.0,3.0,3.0,7.0,7.0,26.0,26.0,79.0,79.0,7.127e-11,5.506e-11,6.316e-11,25.0,1
964,2.0,2.0,2.0,1.0,2.0,6.0,2.0,2.0,3.0,3.0,8.0,8.0,22.0,22.0,71.0,71.0,7.091e-11,5.487e-11,6.289e-11,25.0,1
965,2.0,2.0,2.0,1.0,2.0,6.0,2.0,2.0,3.0,3.0,8.0,8.0,22.0,22.0,75.0,75.0,7.094e-11,5.495e-11,6.295e-11,25.0,1
966,2.0,2.0,2.0,1.0,2.0,6.0,2.0,2.0,3.0,3.0,8.0,8.0,22.0,22.0,79.0,79.0,7.1e-11,5.504e-11,6.302e-11,25.0,1
967,2.0,2.0,2.0,1.0,2.0,6.0,2.0,2.0,3.0,3.0,8.0,8.0,24.0,24.0,71.0,71.0,7.093e-11,5.482e-11,6.288e-11,25.0,1
968,2.0,2.0,2.0,1.0,2.0,6.0,2.0,2.0,3.0,3.0,8.0,8.0,24.0,24.0,75.0,75.0,7.094e-11,5.489e-11,6.291e-11,25.0,1
969,2.0,2.0,2.0,1.0,2.0,6.0,2.0,2.0,3.0,3.0,8.0,8.0,24.0,24.0,79.0,79.0,7.098e-11,5.496e-11,6.297e-11,25.0,1
970,2.0,2.0,2.0,1.0,2.0,6.0,2.0,2.0,3.0,3.0,8.0,8.0,26.0,26.0,71.0,71.0,7.099e-11,5.482e-11,6.291e-11,25.0,1
971,2.0,2.0,2.0,1.0,2.0,6.0,2.0,2.0,3.0,3.0,8.0,8.0,26.0,26.0,75.0,75.0,7.1e-11,5.488e-11,6.294e-11,25.0,1
972,2.0,2.0,2.0,1.0,2.0,6.0,2.0,2.0,3.0,3.0,8.0,8.0,26.0,26.0,79.0,79.0,7.102e-11,5.494e-11,6.298e-11,25.0,1
973,2.0,2.0,3.0,2.0,1.0,3.0,1.0,1.0,1.0,1.0,6.0,6.0,22.0,22.0,71.0,71.0,5.635e-11,5.259e-11,5.447e-11,25.0,1
974,2.0,2.0,3.0,2.0,1.0,3.0,1.0,1.0,1.0,1.0,6.0,6.0,22.0,22.0,75.0,75.0,5.638e-11,5.267e-11,5.452e-11,25.0,1
975,2.0,2.0,3.0,2.0,1.0,3.0,1.0,1.0,1.0,1.0,6.0,6.0,22.0,22.0,79.0,79.0,5.644e-11,5.276e-11,5.46e-11,25.0,1
976,2.0,2.0,3.0,2.0,1.0,3.0,1.0,1.0,1.0,1.0,6.0,6.0,24.0,24.0,71.0,71.0,5.649e-11,5.267e-11,5.458e-11,25.0,1
977,2.0,2.0,3.0,2.0,1.0,3.0,1.0,1.0,1.0,1.0,6.0,6.0,24.0,24.0,75.0,75.0,5.651e-11,5.274e-11,5.462e-11,25.0,1
978,2.0,2.0,3.0,2.0,1.0,3.0,1.0,1.0,1.0,1.0,6.0,6.0,24.0,24.0,79.0,79.0,5.655e-11,5.281e-11,5.468e-11,25.0,1
979,2.0,2.0,3.0,2.0,1.0,3.0,1.0,1.0,1.0,1.0,6.0,6.0,26.0,26.0,71.0,71.0,5.667e-11,5.281e-11,5.474e-11,25.0,1
980,2.0,2.0,3.0,2.0,1.0,3.0,1.0,1.0,1.0,1.0,6.0,6.0,26.0,26.0,75.0,75.0,5.669e-11,5.286e-11,5.477e-11,25.0,1
981,2.0,2.0,3.0,2.0,1.0,3.0,1.0,1.0,1.0,1.0,6.0,6.0,26.0,26.0,79.0,79.0,5.671e-11,5.292e-11,5.482e-11,25.0,1
982,2.0,2.0,3.0,2.0,1.0,3.0,1.0,1.0,1.0,1.0,7.0,7.0,22.0,22.0,71.0,71.0,5.679e-11,5.325e-11,5.502e-11,25.0,1
983,2.0,2.0,3.0,2.0,1.0,3.0,1.0,1.0,1.0,1.0,7.0,7.0,22.0,22.0,75.0,75.0,5.683e-11,5.332e-11,5.508e-11,25.0,1
984,2.0,2.0,3.0,2.0,1.0,3.0,1.0,1.0,1.0,1.0,7.0,7.0,22.0,22.0,79.0,79.0,5.688e-11,5.341e-11,5.515e-11,25.0,1
985,2.0,2.0,3.0,2.0,1.0,3.0,1.0,1.0,1.0,1.0,7.0,7.0,24.0,24.0,71.0,71.0,5.689e-11,5.329e-11,5.509e-11,25.0,1
986,2.0,2.0,3.0,2.0,1.0,3.0,1.0,1.0,1.0,1.0,7.0,7.0,24.0,24.0,75.0,75.0,5.69e-11,5.335e-11,5.513e-11,25.0,1
987,2.0,2.0,3.0,2.0,1.0,3.0,1.0,1.0,1.0,1.0,7.0,7.0,24.0,24.0,79.0,79.0,5.694e-11,5.342e-11,5.518e-11,25.0,1
988,2.0,2.0,3.0,2.0,1.0,3.0,1.0,1.0,1.0,1.0,7.0,7.0,26.0,26.0,71.0,71.0,5.701e-11,5.337e-11,5.519e-11,25.0,1
989,2.0,2.0,3.0,2.0,1.0,3.0,1.0,1.0,1.0,1.0,7.0,7.0,26.0,26.0,75.0,75.0,5.702e-11,5.342e-11,5.522e-11,25.0,1
990,2.0,2.0,3.0,2.0,1.0,3.0,1.0,1.0,1.0,1.0,7.0,7.0,26.0,26.0,79.0,79.0,5.705e-11,5.348e-11,5.527e-11,25.0,1
991,2.0,2.0,3.0,2.0,1.0,3.0,1.0,1.0,1.0,1.0,8.0,8.0,22.0,22.0,71.0,71.0,5.741e-11,5.407e-11,5.574e-11,25.0,1
992,2.0,2.0,3.0,2.0,1.0,3.0,1.0,1.0,1.0,1.0,8.0,8.0,22.0,22.0,75.0,75.0,5.744e-11,5.415e-11,5.58e-11,25.0,1
993,2.0,2.0,3.0,2.0,1.0,3.0,1.0,1.0,1.0,1.0,8.0,8.0,22.0,22.0,79.0,79.0,5.749e-11,5.424e-11,5.587e-11,25.0,1
994,2.0,2.0,3.0,2.0,1.0,3.0,1.0,1.0,1.0,1.0,8.0,8.0,24.0,24.0,71.0,71.0,5.746e-11,5.407e-11,5.577e-11,25.0,1
995,2.0,2.0,3.0,2.0,1.0,3.0,1.0,1.0,1.0,1.0,8.0,8.0,24.0,24.0,75.0,75.0,5.748e-11,5.413e-11,5.58e-11,25.0,1
996,2.0,2.0,3.0,2.0,1.0,3.0,1.0,1.0,1.0,1.0,8.0,8.0,24.0,24.0,79.0,79.0,5.752e-11,5.42e-11,5.586e-11,25.0,1
997,2.0,2.0,3.0,2.0,1.0,3.0,1.0,1.0,1.0,1.0,8.0,8.0,26.0,26.0,71.0,71.0,5.756e-11,5.412e-11,5.584e-11,25.0,1
998,2.0,2.0,3.0,2.0,1.0,3.0,1.0,1.0,1.0,1.0,8.0,8.0,26.0,26.0,75.0,75.0,5.756e-11,5.417e-11,5.586e-11,25.0,1
999,2.0,2.0,3.0,2.0,1.0,3.0,1.0,1.0,1.0,1.0,8.0,8.0,26.0,26.0,79.0,79.0,5.759e-11,5.422e-11,5.59e-11,25.0,1
1000,2.0,2.0,3.0,2.0,1.0,3.0,1.0,1.0,2.0,2.0,6.0,6.0,22.0,22.0,71.0,71.0,5.404e-11,4.972e-11,5.188e-11,25.0,1
1001,2.0,2.0,3.0,2.0,1.0,3.0,1.0,1.0,2.0,2.0,6.0,6.0,22.0,22.0,75.0,75.0,5.408e-11,4.981e-11,5.194e-11,25.0,1
1002,2.0,2.0,3.0,2.0,1.0,3.0,1.0,1.0,2.0,2.0,6.0,6.0,22.0,22.0,79.0,79.0,5.413e-11,4.99e-11,5.201e-11,25.0,1
1003,2.0,2.0,3.0,2.0,1.0,3.0,1.0,1.0,2.0,2.0,6.0,6.0,24.0,24.0,71.0,71.0,5.415e-11,4.977e-11,5.196e-11,25.0,1
1004,2.0,2.0,3.0,2.0,1.0,3.0,1.0,1.0,2.0,2.0,6.0,6.0,24.0,24.0,75.0,75.0,5.418e-11,4.984e-11,5.201e-11,25.0,1
1005,2.0,2.0,3.0,2.0,1.0,3.0,1.0,1.0,2.0,2.0,6.0,6.0,24.0,24.0,79.0,79.0,5.422e-11,4.992e-11,5.207e-11,25.0,1
1006,2.0,2.0,3.0,2.0,1.0,3.0,1.0,1.0,2.0,2.0,6.0,6.0,26.0,26.0,71.0,71.0,5.432e-11,4.988e-11,5.21e-11,25.0,1
1007,2.0,2.0,3.0,2.0,1.0,3.0,1.0,1.0,2.0,2.0,6.0,6.0,26.0,26.0,75.0,75.0,5.434e-11,4.993e-11,5.214e-11,25.0,1
1008,2.0,2.0,3.0,2.0,1.0,3.0,1.0,1.0,2.0,2.0,6.0,6.0,26.0,26.0,79.0,79.0,5.436e-11,5e-11,5.218e-11,25.0,1
1009,2.0,2.0,3.0,2.0,1.0,3.0,1.0,1.0,2.0,2.0,7.0,7.0,22.0,22.0,71.0,71.0,5.391e-11,4.976e-11,5.184e-11,25.0,1
1010,2.0,2.0,3.0,2.0,1.0,3.0,1.0,1.0,2.0,2.0,7.0,7.0,22.0,22.0,75.0,75.0,5.396e-11,4.984e-11,5.19e-11,25.0,1
1011,2.0,2.0,3.0,2.0,1.0,3.0,1.0,1.0,2.0,2.0,7.0,7.0,22.0,22.0,79.0,79.0,5.4e-11,4.993e-11,5.197e-11,25.0,1
1012,2.0,2.0,3.0,2.0,1.0,3.0,1.0,1.0,2.0,2.0,7.0,7.0,24.0,24.0,71.0,71.0,5.398e-11,4.975e-11,5.186e-11,25.0,1
1013,2.0,2.0,3.0,2.0,1.0,3.0,1.0,1.0,2.0,2.0,7.0,7.0,24.0,24.0,75.0,75.0,5.4e-11,4.982e-11,5.191e-11,25.0,1
1014,2.0,2.0,3.0,2.0,1.0,3.0,1.0,1.0,2.0,2.0,7.0,7.0,24.0,24.0,79.0,79.0,5.403e-11,4.99e-11,5.197e-11,25.0,1
1015,2.0,2.0,3.0,2.0,1.0,3.0,1.0,1.0,2.0,2.0,7.0,7.0,26.0,26.0,71.0,71.0,5.409e-11,4.982e-11,5.195e-11,25.0,1
1016,2.0,2.0,3.0,2.0,1.0,3.0,1.0,1.0,2.0,2.0,7.0,7.0,26.0,26.0,75.0,75.0,5.41e-11,4.986e-11,5.198e-11,25.0,1
1017,2.0,2.0,3.0,2.0,1.0,3.0,1.0,1.0,2.0,2.0,7.0,7.0,26.0,26.0,79.0,79.0,5.412e-11,4.993e-11,5.203e-11,25.0,1
1018,2.0,2.0,3.0,2.0,1.0,3.0,1.0,1.0,2.0,2.0,8.0,8.0,22.0,22.0,71.0,71.0,5.396e-11,4.993e-11,5.195e-11,25.0,1
1019,2.0,2.0,3.0,2.0,1.0,3.0,1.0,1.0,2.0,2.0,8.0,8.0,22.0,22.0,75.0,75.0,5.4e-11,5.001e-11,5.201e-11,25.0,1
1020,2.0,2.0,3.0,2.0,1.0,3.0,1.0,1.0,2.0,2.0,8.0,8.0,22.0,22.0,79.0,79.0,5.405e-11,5.011e-11,5.208e-11,25.0,1
1021,2.0,2.0,3.0,2.0,1.0,3.0,1.0,1.0,2.0,2.0,8.0,8.0,24.0,24.0,71.0,71.0,5.399e-11,4.99e-11,5.195e-11,25.0,1
1022,2.0,2.0,3.0,2.0,1.0,3.0,1.0,1.0,2.0,2.0,8.0,8.0,24.0,24.0,75.0,75.0,5.401e-11,4.997e-11,5.199e-11,25.0,1
1023,2.0,2.0,3.0,2.0,1.0,3.0,1.0,1.0,2.0,2.0,8.0,8.0,24.0,24.0,79.0,79.0,5.405e-11,5.004e-11,5.204e-11,25.0,1
1024,2.0,2.0,3.0,2.0,1.0,3.0,1.0,1.0,2.0,2.0,8.0,8.0,26.0,26.0,71.0,71.0,5.406e-11,4.992e-11,5.199e-11,25.0,1
1025,2.0,2.0,3.0,2.0,1.0,3.0,1.0,1.0,2.0,2.0,8.0,8.0,26.0,26.0,75.0,75.0,5.406e-11,4.997e-11,5.202e-11,25.0,1
1026,2.0,2.0,3.0,2.0,1.0,3.0,1.0,1.0,2.0,2.0,8.0,8.0,26.0,26.0,79.0,79.0,5.409e-11,5.003e-11,5.206e-11,25.0,1
1027,2.0,2.0,3.0,2.0,1.0,3.0,1.0,1.0,3.0,3.0,6.0,6.0,22.0,22.0,71.0,71.0,5.412e-11,4.962e-11,5.187e-11,25.0,1
1028,2.0,2.0,3.0,2.0,1.0,3.0,1.0,1.0,3.0,3.0,6.0,6.0,22.0,22.0,75.0,75.0,5.416e-11,4.971e-11,5.194e-11,25.0,1
1029,2.0,2.0,3.0,2.0,1.0,3.0,1.0,1.0,3.0,3.0,6.0,6.0,22.0,22.0,79.0,79.0,5.422e-11,4.98e-11,5.201e-11,25.0,1
1030,2.0,2.0,3.0,2.0,1.0,3.0,1.0,1.0,3.0,3.0,6.0,6.0,24.0,24.0,71.0,71.0,5.424e-11,4.967e-11,5.196e-11,25.0,1
1031,2.0,2.0,3.0,2.0,1.0,3.0,1.0,1.0,3.0,3.0,6.0,6.0,24.0,24.0,75.0,75.0,5.426e-11,4.973e-11,5.2e-11,25.0,1
1032,2.0,2.0,3.0,2.0,1.0,3.0,1.0,1.0,3.0,3.0,6.0,6.0,24.0,24.0,79.0,79.0,5.431e-11,4.981e-11,5.206e-11,25.0,1
1033,2.0,2.0,3.0,2.0,1.0,3.0,1.0,1.0,3.0,3.0,6.0,6.0,26.0,26.0,71.0,71.0,5.44e-11,4.976e-11,5.208e-11,25.0,1
1034,2.0,2.0,3.0,2.0,1.0,3.0,1.0,1.0,3.0,3.0,6.0,6.0,26.0,26.0,75.0,75.0,5.442e-11,4.981e-11,5.211e-11,25.0,1
1035,2.0,2.0,3.0,2.0,1.0,3.0,1.0,1.0,3.0,3.0,6.0,6.0,26.0,26.0,79.0,79.0,5.445e-11,4.988e-11,5.217e-11,25.0,1
1036,2.0,2.0,3.0,2.0,1.0,3.0,1.0,1.0,3.0,3.0,7.0,7.0,22.0,22.0,71.0,71.0,5.383e-11,4.945e-11,5.164e-11,25.0,1
1037,2.0,2.0,3.0,2.0,1.0,3.0,1.0,1.0,3.0,3.0,7.0,7.0,22.0,22.0,75.0,75.0,5.386e-11,4.953e-11,5.169e-11,25.0,1
1038,2.0,2.0,3.0,2.0,1.0,3.0,1.0,1.0,3.0,3.0,7.0,7.0,22.0,22.0,79.0,79.0,5.392e-11,4.962e-11,5.177e-11,25.0,1
1039,2.0,2.0,3.0,2.0,1.0,3.0,1.0,1.0,3.0,3.0,7.0,7.0,24.0,24.0,71.0,71.0,5.388e-11,4.944e-11,5.166e-11,25.0,1
1040,2.0,2.0,3.0,2.0,1.0,3.0,1.0,1.0,3.0,3.0,7.0,7.0,24.0,24.0,75.0,75.0,5.391e-11,4.95e-11,5.171e-11,25.0,1
1041,2.0,2.0,3.0,2.0,1.0,3.0,1.0,1.0,3.0,3.0,7.0,7.0,24.0,24.0,79.0,79.0,5.394e-11,4.958e-11,5.176e-11,25.0,1
1042,2.0,2.0,3.0,2.0,1.0,3.0,1.0,1.0,3.0,3.0,7.0,7.0,26.0,26.0,71.0,71.0,5.398e-11,4.948e-11,5.173e-11,25.0,1
1043,2.0,2.0,3.0,2.0,1.0,3.0,1.0,1.0,3.0,3.0,7.0,7.0,26.0,26.0,75.0,75.0,5.4e-11,4.953e-11,5.176e-11,25.0,1
1044,2.0,2.0,3.0,2.0,1.0,3.0,1.0,1.0,3.0,3.0,7.0,7.0,26.0,26.0,79.0,79.0,5.402e-11,4.959e-11,5.181e-11,25.0,1
1045,2.0,2.0,3.0,2.0,1.0,3.0,1.0,1.0,3.0,3.0,8.0,8.0,22.0,22.0,71.0,71.0,5.37e-11,4.942e-11,5.156e-11,25.0,1
1046,2.0,2.0,3.0,2.0,1.0,3.0,1.0,1.0,3.0,3.0,8.0,8.0,22.0,22.0,75.0,75.0,5.372e-11,4.95e-11,5.161e-11,25.0,1
1047,2.0,2.0,3.0,2.0,1.0,3.0,1.0,1.0,3.0,3.0,8.0,8.0,22.0,22.0,79.0,79.0,5.378e-11,4.96e-11,5.169e-11,25.0,1
1048,2.0,2.0,3.0,2.0,1.0,3.0,1.0,1.0,3.0,3.0,8.0,8.0,24.0,24.0,71.0,71.0,5.371e-11,4.938e-11,5.155e-11,25.0,1
1049,2.0,2.0,3.0,2.0,1.0,3.0,1.0,1.0,3.0,3.0,8.0,8.0,24.0,24.0,75.0,75.0,5.373e-11,4.944e-11,5.158e-11,25.0,1
1050,2.0,2.0,3.0,2.0,1.0,3.0,1.0,1.0,3.0,3.0,8.0,8.0,24.0,24.0,79.0,79.0,5.376e-11,4.952e-11,5.164e-11,25.0,1
1051,2.0,2.0,3.0,2.0,1.0,3.0,1.0,1.0,3.0,3.0,8.0,8.0,26.0,26.0,71.0,71.0,5.377e-11,4.938e-11,5.158e-11,25.0,1
1052,2.0,2.0,3.0,2.0,1.0,3.0,1.0,1.0,3.0,3.0,8.0,8.0,26.0,26.0,75.0,75.0,5.378e-11,4.943e-11,5.16e-11,25.0,1
1053,2.0,2.0,3.0,2.0,1.0,3.0,1.0,1.0,3.0,3.0,8.0,8.0,26.0,26.0,79.0,79.0,5.381e-11,4.95e-11,5.165e-11,25.0,1
1054,2.0,2.0,3.0,2.0,1.0,3.0,2.0,2.0,1.0,1.0,6.0,6.0,22.0,22.0,71.0,71.0,5.689e-11,5.296e-11,5.492e-11,25.0,1
1055,2.0,2.0,3.0,2.0,1.0,3.0,2.0,2.0,1.0,1.0,6.0,6.0,22.0,22.0,75.0,75.0,5.692e-11,5.304e-11,5.498e-11,25.0,1
1056,2.0,2.0,3.0,2.0,1.0,3.0,2.0,2.0,1.0,1.0,6.0,6.0,22.0,22.0,79.0,79.0,5.698e-11,5.313e-11,5.506e-11,25.0,1
1057,2.0,2.0,3.0,2.0,1.0,3.0,2.0,2.0,1.0,1.0,6.0,6.0,24.0,24.0,71.0,71.0,5.703e-11,5.305e-11,5.504e-11,25.0,1
1058,2.0,2.0,3.0,2.0,1.0,3.0,2.0,2.0,1.0,1.0,6.0,6.0,24.0,24.0,75.0,75.0,5.706e-11,5.311e-11,5.508e-11,25.0,1
1059,2.0,2.0,3.0,2.0,1.0,3.0,2.0,2.0,1.0,1.0,6.0,6.0,24.0,24.0,79.0,79.0,5.71e-11,5.319e-11,5.514e-11,25.0,1
1060,2.0,2.0,3.0,2.0,1.0,3.0,2.0,2.0,1.0,1.0,6.0,6.0,26.0,26.0,71.0,71.0,5.722e-11,5.318e-11,5.52e-11,25.0,1
1061,2.0,2.0,3.0,2.0,1.0,3.0,2.0,2.0,1.0,1.0,6.0,6.0,26.0,26.0,75.0,75.0,5.723e-11,5.323e-11,5.523e-11,25.0,1
1062,2.0,2.0,3.0,2.0,1.0,3.0,2.0,2.0,1.0,1.0,6.0,6.0,26.0,26.0,79.0,79.0,5.726e-11,5.329e-11,5.528e-11,25.0,1
1063,2.0,2.0,3.0,2.0,1.0,3.0,2.0,2.0,1.0,1.0,7.0,7.0,22.0,22.0,71.0,71.0,5.733e-11,5.362e-11,5.548e-11,25.0,1
1064,2.0,2.0,3.0,2.0,1.0,3.0,2.0,2.0,1.0,1.0,7.0,7.0,22.0,22.0,75.0,75.0,5.736e-11,5.37e-11,5.553e-11,25.0,1
1065,2.0,2.0,3.0,2.0,1.0,3.0,2.0,2.0,1.0,1.0,7.0,7.0,22.0,22.0,79.0,79.0,5.742e-11,5.379e-11,5.561e-11,25.0,1
1066,2.0,2.0,3.0,2.0,1.0,3.0,2.0,2.0,1.0,1.0,7.0,7.0,24.0,24.0,71.0,71.0,5.742e-11,5.366e-11,5.554e-11,25.0,1
1067,2.0,2.0,3.0,2.0,1.0,3.0,2.0,2.0,1.0,1.0,7.0,7.0,24.0,24.0,75.0,75.0,5.744e-11,5.372e-11,5.558e-11,25.0,1
1068,2.0,2.0,3.0,2.0,1.0,3.0,2.0,2.0,1.0,1.0,7.0,7.0,24.0,24.0,79.0,79.0,5.748e-11,5.38e-11,5.564e-11,25.0,1
1069,2.0,2.0,3.0,2.0,1.0,3.0,2.0,2.0,1.0,1.0,7.0,7.0,26.0,26.0,71.0,71.0,5.756e-11,5.375e-11,5.565e-11,25.0,1
1070,2.0,2.0,3.0,2.0,1.0,3.0,2.0,2.0,1.0,1.0,7.0,7.0,26.0,26.0,75.0,75.0,5.756e-11,5.38e-11,5.568e-11,25.0,1
1071,2.0,2.0,3.0,2.0,1.0,3.0,2.0,2.0,1.0,1.0,7.0,7.0,26.0,26.0,79.0,79.0,5.758e-11,5.386e-11,5.572e-11,25.0,1
1072,2.0,2.0,3.0,2.0,1.0,3.0,2.0,2.0,1.0,1.0,8.0,8.0,22.0,22.0,71.0,71.0,5.796e-11,5.444e-11,5.62e-11,25.0,1
1073,2.0,2.0,3.0,2.0,1.0,3.0,2.0,2.0,1.0,1.0,8.0,8.0,22.0,22.0,75.0,75.0,5.798e-11,5.452e-11,5.625e-11,25.0,1
1074,2.0,2.0,3.0,2.0,1.0,3.0,2.0,2.0,1.0,1.0,8.0,8.0,22.0,22.0,79.0,79.0,5.803e-11,5.461e-11,5.632e-11,25.0,1
1075,2.0,2.0,3.0,2.0,1.0,3.0,2.0,2.0,1.0,1.0,8.0,8.0,24.0,24.0,71.0,71.0,5.8e-11,5.444e-11,5.622e-11,25.0,1
1076,2.0,2.0,3.0,2.0,1.0,3.0,2.0,2.0,1.0,1.0,8.0,8.0,24.0,24.0,75.0,75.0,5.801e-11,5.45e-11,5.626e-11,25.0,1
1077,2.0,2.0,3.0,2.0,1.0,3.0,2.0,2.0,1.0,1.0,8.0,8.0,24.0,24.0,79.0,79.0,5.805e-11,5.458e-11,5.631e-11,25.0,1
1078,2.0,2.0,3.0,2.0,1.0,3.0,2.0,2.0,1.0,1.0,8.0,8.0,26.0,26.0,71.0,71.0,5.81e-11,5.449e-11,5.63e-11,25.0,1
1079,2.0,2.0,3.0,2.0,1.0,3.0,2.0,2.0,1.0,1.0,8.0,8.0,26.0,26.0,75.0,75.0,5.81e-11,5.454e-11,5.632e-11,25.0,1
1080,2.0,2.0,3.0,2.0,1.0,3.0,2.0,2.0,1.0,1.0,8.0,8.0,26.0,26.0,79.0,79.0,5.812e-11,5.46e-11,5.636e-11,25.0,1
1081,2.0,2.0,3.0,2.0,1.0,3.0,2.0,2.0,2.0,2.0,6.0,6.0,22.0,22.0,71.0,71.0,5.389e-11,4.941e-11,5.165e-11,25.0,1
1082,2.0,2.0,3.0,2.0,1.0,3.0,2.0,2.0,2.0,2.0,6.0,6.0,22.0,22.0,75.0,75.0,5.392e-11,4.949e-11,5.171e-11,25.0,1
1083,2.0,2.0,3.0,2.0,1.0,3.0,2.0,2.0,2.0,2.0,6.0,6.0,22.0,22.0,79.0,79.0,5.398e-11,4.959e-11,5.178e-11,25.0,1
1084,2.0,2.0,3.0,2.0,1.0,3.0,2.0,2.0,2.0,2.0,6.0,6.0,24.0,24.0,71.0,71.0,5.401e-11,4.946e-11,5.174e-11,25.0,1
1085,2.0,2.0,3.0,2.0,1.0,3.0,2.0,2.0,2.0,2.0,6.0,6.0,24.0,24.0,75.0,75.0,5.403e-11,4.953e-11,5.178e-11,25.0,1
1086,2.0,2.0,3.0,2.0,1.0,3.0,2.0,2.0,2.0,2.0,6.0,6.0,24.0,24.0,79.0,79.0,5.407e-11,4.961e-11,5.184e-11,25.0,1
1087,2.0,2.0,3.0,2.0,1.0,3.0,2.0,2.0,2.0,2.0,6.0,6.0,26.0,26.0,71.0,71.0,5.418e-11,4.957e-11,5.187e-11,25.0,1
1088,2.0,2.0,3.0,2.0,1.0,3.0,2.0,2.0,2.0,2.0,6.0,6.0,26.0,26.0,75.0,75.0,5.419e-11,4.962e-11,5.19e-11,25.0,1
1089,2.0,2.0,3.0,2.0,1.0,3.0,2.0,2.0,2.0,2.0,6.0,6.0,26.0,26.0,79.0,79.0,5.422e-11,4.968e-11,5.195e-11,25.0,1
1090,2.0,2.0,3.0,2.0,1.0,3.0,2.0,2.0,2.0,2.0,7.0,7.0,22.0,22.0,71.0,71.0,5.375e-11,4.943e-11,5.159e-11,25.0,1
1091,2.0,2.0,3.0,2.0,1.0,3.0,2.0,2.0,2.0,2.0,7.0,7.0,22.0,22.0,75.0,75.0,5.378e-11,4.952e-11,5.165e-11,25.0,1
1092,2.0,2.0,3.0,2.0,1.0,3.0,2.0,2.0,2.0,2.0,7.0,7.0,22.0,22.0,79.0,79.0,5.384e-11,4.961e-11,5.173e-11,25.0,1
1093,2.0,2.0,3.0,2.0,1.0,3.0,2.0,2.0,2.0,2.0,7.0,7.0,24.0,24.0,71.0,71.0,5.381e-11,4.944e-11,5.163e-11,25.0,1
1094,2.0,2.0,3.0,2.0,1.0,3.0,2.0,2.0,2.0,2.0,7.0,7.0,24.0,24.0,75.0,75.0,5.383e-11,4.95e-11,5.167e-11,25.0,1
1095,2.0,2.0,3.0,2.0,1.0,3.0,2.0,2.0,2.0,2.0,7.0,7.0,24.0,24.0,79.0,79.0,5.388e-11,4.958e-11,5.173e-11,25.0,1
1096,2.0,2.0,3.0,2.0,1.0,3.0,2.0,2.0,2.0,2.0,7.0,7.0,26.0,26.0,71.0,71.0,5.393e-11,4.949e-11,5.171e-11,25.0,1
1097,2.0,2.0,3.0,2.0,1.0,3.0,2.0,2.0,2.0,2.0,7.0,7.0,26.0,26.0,75.0,75.0,5.394e-11,4.955e-11,5.174e-11,25.0,1
1098,2.0,2.0,3.0,2.0,1.0,3.0,2.0,2.0,2.0,2.0,7.0,7.0,26.0,26.0,79.0,79.0,5.396e-11,4.961e-11,5.179e-11,25.0,1
1099,2.0,2.0,3.0,2.0,1.0,3.0,2.0,2.0,2.0,2.0,8.0,8.0,22.0,22.0,71.0,71.0,5.379e-11,4.961e-11,5.17e-11,25.0,1
1100,2.0,2.0,3.0,2.0,1.0,3.0,2.0,2.0,2.0,2.0,8.0,8.0,22.0,22.0,75.0,75.0,5.383e-11,4.969e-11,5.176e-11,25.0,1
1101,2.0,2.0,3.0,2.0,1.0,3.0,2.0,2.0,2.0,2.0,8.0,8.0,22.0,22.0,79.0,79.0,5.387e-11,4.978e-11,5.183e-11,25.0,1
1102,2.0,2.0,3.0,2.0,1.0,3.0,2.0,2.0,2.0,2.0,8.0,8.0,24.0,24.0,71.0,71.0,5.381e-11,4.958e-11,5.17e-11,25.0,1
1103,2.0,2.0,3.0,2.0,1.0,3.0,2.0,2.0,2.0,2.0,8.0,8.0,24.0,24.0,75.0,75.0,5.383e-11,4.964e-11,5.174e-11,25.0,1
1104,2.0,2.0,3.0,2.0,1.0,3.0,2.0,2.0,2.0,2.0,8.0,8.0,24.0,24.0,79.0,79.0,5.386e-11,4.972e-11,5.179e-11,25.0,1
1105,2.0,2.0,3.0,2.0,1.0,3.0,2.0,2.0,2.0,2.0,8.0,8.0,26.0,26.0,71.0,71.0,5.388e-11,4.96e-11,5.174e-11,25.0,1
1106,2.0,2.0,3.0,2.0,1.0,3.0,2.0,2.0,2.0,2.0,8.0,8.0,26.0,26.0,75.0,75.0,5.389e-11,4.964e-11,5.177e-11,25.0,1
1107,2.0,2.0,3.0,2.0,1.0,3.0,2.0,2.0,2.0,2.0,8.0,8.0,26.0,26.0,79.0,79.0,5.392e-11,4.971e-11,5.181e-11,25.0,1
1108,2.0,2.0,3.0,2.0,1.0,3.0,2.0,2.0,3.0,3.0,6.0,6.0,22.0,22.0,71.0,71.0,5.336e-11,4.871e-11,5.104e-11,25.0,1
1109,2.0,2.0,3.0,2.0,1.0,3.0,2.0,2.0,3.0,3.0,6.0,6.0,22.0,22.0,75.0,75.0,5.34e-11,4.879e-11,5.11e-11,25.0,1
1110,2.0,2.0,3.0,2.0,1.0,3.0,2.0,2.0,3.0,3.0,6.0,6.0,22.0,22.0,79.0,79.0,5.346e-11,4.889e-11,5.118e-11,25.0,1
1111,2.0,2.0,3.0,2.0,1.0,3.0,2.0,2.0,3.0,3.0,6.0,6.0,24.0,24.0,71.0,71.0,5.348e-11,4.875e-11,5.112e-11,25.0,1
1112,2.0,2.0,3.0,2.0,1.0,3.0,2.0,2.0,3.0,3.0,6.0,6.0,24.0,24.0,75.0,75.0,5.35e-11,4.882e-11,5.116e-11,25.0,1
1113,2.0,2.0,3.0,2.0,1.0,3.0,2.0,2.0,3.0,3.0,6.0,6.0,24.0,24.0,79.0,79.0,5.354e-11,4.89e-11,5.122e-11,25.0,1
1114,2.0,2.0,3.0,2.0,1.0,3.0,2.0,2.0,3.0,3.0,6.0,6.0,26.0,26.0,71.0,71.0,5.364e-11,4.885e-11,5.124e-11,25.0,1
1115,2.0,2.0,3.0,2.0,1.0,3.0,2.0,2.0,3.0,3.0,6.0,6.0,26.0,26.0,75.0,75.0,5.366e-11,4.89e-11,5.128e-11,25.0,1
1116,2.0,2.0,3.0,2.0,1.0,3.0,2.0,2.0,3.0,3.0,6.0,6.0,26.0,26.0,79.0,79.0,5.369e-11,4.897e-11,5.133e-11,25.0,1
1117,2.0,2.0,3.0,2.0,1.0,3.0,2.0,2.0,3.0,3.0,7.0,7.0,22.0,22.0,71.0,71.0,5.304e-11,4.852e-11,5.078e-11,25.0,1
1118,2.0,2.0,3.0,2.0,1.0,3.0,2.0,2.0,3.0,3.0,7.0,7.0,22.0,22.0,75.0,75.0,5.306e-11,4.86e-11,5.083e-11,25.0,1
1119,2.0,2.0,3.0,2.0,1.0,3.0,2.0,2.0,3.0,3.0,7.0,7.0,22.0,22.0,79.0,79.0,5.312e-11,4.87e-11,5.091e-11,25.0,1
1120,2.0,2.0,3.0,2.0,1.0,3.0,2.0,2.0,3.0,3.0,7.0,7.0,24.0,24.0,71.0,71.0,5.309e-11,4.851e-11,5.08e-11,25.0,1
1121,2.0,2.0,3.0,2.0,1.0,3.0,2.0,2.0,3.0,3.0,7.0,7.0,24.0,24.0,75.0,75.0,5.311e-11,4.858e-11,5.084e-11,25.0,1
1122,2.0,2.0,3.0,2.0,1.0,3.0,2.0,2.0,3.0,3.0,7.0,7.0,24.0,24.0,79.0,79.0,5.315e-11,4.866e-11,5.09e-11,25.0,1
1123,2.0,2.0,3.0,2.0,1.0,3.0,2.0,2.0,3.0,3.0,7.0,7.0,26.0,26.0,71.0,71.0,5.319e-11,4.855e-11,5.087e-11,25.0,1
1124,2.0,2.0,3.0,2.0,1.0,3.0,2.0,2.0,3.0,3.0,7.0,7.0,26.0,26.0,75.0,75.0,5.321e-11,4.861e-11,5.091e-11,25.0,1
1125,2.0,2.0,3.0,2.0,1.0,3.0,2.0,2.0,3.0,3.0,7.0,7.0,26.0,26.0,79.0,79.0,5.323e-11,4.867e-11,5.095e-11,25.0,1
1126,2.0,2.0,3.0,2.0,1.0,3.0,2.0,2.0,3.0,3.0,8.0,8.0,22.0,22.0,71.0,71.0,5.288e-11,4.848e-11,5.068e-11,25.0,1
1127,2.0,2.0,3.0,2.0,1.0,3.0,2.0,2.0,3.0,3.0,8.0,8.0,22.0,22.0,75.0,75.0,5.291e-11,4.857e-11,5.074e-11,25.0,1
1128,2.0,2.0,3.0,2.0,1.0,3.0,2.0,2.0,3.0,3.0,8.0,8.0,22.0,22.0,79.0,79.0,5.297e-11,4.866e-11,5.081e-11,25.0,1
1129,2.0,2.0,3.0,2.0,1.0,3.0,2.0,2.0,3.0,3.0,8.0,8.0,24.0,24.0,71.0,71.0,5.29e-11,4.844e-11,5.067e-11,25.0,1
1130,2.0,2.0,3.0,2.0,1.0,3.0,2.0,2.0,3.0,3.0,8.0,8.0,24.0,24.0,75.0,75.0,5.292e-11,4.85e-11,5.071e-11,25.0,1
1131,2.0,2.0,3.0,2.0,1.0,3.0,2.0,2.0,3.0,3.0,8.0,8.0,24.0,24.0,79.0,79.0,5.295e-11,4.858e-11,5.077e-11,25.0,1
1132,2.0,2.0,3.0,2.0,1.0,3.0,2.0,2.0,3.0,3.0,8.0,8.0,26.0,26.0,71.0,71.0,5.296e-11,4.844e-11,5.07e-11,25.0,1
1133,2.0,2.0,3.0,2.0,1.0,3.0,2.0,2.0,3.0,3.0,8.0,8.0,26.0,26.0,75.0,75.0,5.297e-11,4.849e-11,5.073e-11,25.0,1
1134,2.0,2.0,3.0,2.0,1.0,3.0,2.0,2.0,3.0,3.0,8.0,8.0,26.0,26.0,79.0,79.0,5.299e-11,4.856e-11,5.077e-11,25.0,1
1135,2.0,2.0,3.0,2.0,2.0,6.0,1.0,1.0,1.0,1.0,6.0,6.0,22.0,22.0,71.0,71.0,6.308e-11,5.752e-11,6.03e-11,25.0,1
1136,2.0,2.0,3.0,2.0,2.0,6.0,1.0,1.0,1.0,1.0,6.0,6.0,22.0,22.0,75.0,75.0,6.313e-11,5.76e-11,6.036e-11,25.0,1
1137,2.0,2.0,3.0,2.0,2.0,6.0,1.0,1.0,1.0,1.0,6.0,6.0,22.0,22.0,79.0,79.0,6.319e-11,5.769e-11,6.044e-11,25.0,1
1138,2.0,2.0,3.0,2.0,2.0,6.0,1.0,1.0,1.0,1.0,6.0,6.0,24.0,24.0,71.0,71.0,6.323e-11,5.76e-11,6.042e-11,25.0,1
1139,2.0,2.0,3.0,2.0,2.0,6.0,1.0,1.0,1.0,1.0,6.0,6.0,24.0,24.0,75.0,75.0,6.326e-11,5.767e-11,6.046e-11,25.0,1
1140,2.0,2.0,3.0,2.0,2.0,6.0,1.0,1.0,1.0,1.0,6.0,6.0,24.0,24.0,79.0,79.0,6.33e-11,5.775e-11,6.052e-11,25.0,1
1141,2.0,2.0,3.0,2.0,2.0,6.0,1.0,1.0,1.0,1.0,6.0,6.0,26.0,26.0,71.0,71.0,6.341e-11,5.774e-11,6.058e-11,25.0,1
1142,2.0,2.0,3.0,2.0,2.0,6.0,1.0,1.0,1.0,1.0,6.0,6.0,26.0,26.0,75.0,75.0,6.342e-11,5.779e-11,6.061e-11,25.0,1
1143,2.0,2.0,3.0,2.0,2.0,6.0,1.0,1.0,1.0,1.0,6.0,6.0,26.0,26.0,79.0,79.0,6.346e-11,5.785e-11,6.066e-11,25.0,1
1144,2.0,2.0,3.0,2.0,2.0,6.0,1.0,1.0,1.0,1.0,7.0,7.0,22.0,22.0,71.0,71.0,6.354e-11,5.818e-11,6.086e-11,25.0,1
1145,2.0,2.0,3.0,2.0,2.0,6.0,1.0,1.0,1.0,1.0,7.0,7.0,22.0,22.0,75.0,75.0,6.358e-11,5.826e-11,6.092e-11,25.0,1
1146,2.0,2.0,3.0,2.0,2.0,6.0,1.0,1.0,1.0,1.0,7.0,7.0,22.0,22.0,79.0,79.0,6.363e-11,5.835e-11,6.099e-11,25.0,1
1147,2.0,2.0,3.0,2.0,2.0,6.0,1.0,1.0,1.0,1.0,7.0,7.0,24.0,24.0,71.0,71.0,6.363e-11,5.822e-11,6.092e-11,25.0,1
1148,2.0,2.0,3.0,2.0,2.0,6.0,1.0,1.0,1.0,1.0,7.0,7.0,24.0,24.0,75.0,75.0,6.365e-11,5.828e-11,6.096e-11,25.0,1
1149,2.0,2.0,3.0,2.0,2.0,6.0,1.0,1.0,1.0,1.0,7.0,7.0,24.0,24.0,79.0,79.0,6.368e-11,5.836e-11,6.102e-11,25.0,1
1150,2.0,2.0,3.0,2.0,2.0,6.0,1.0,1.0,1.0,1.0,7.0,7.0,26.0,26.0,71.0,71.0,6.376e-11,5.831e-11,6.103e-11,25.0,1
1151,2.0,2.0,3.0,2.0,2.0,6.0,1.0,1.0,1.0,1.0,7.0,7.0,26.0,26.0,75.0,75.0,6.376e-11,5.836e-11,6.106e-11,25.0,1
1152,2.0,2.0,3.0,2.0,2.0,6.0,1.0,1.0,1.0,1.0,7.0,7.0,26.0,26.0,79.0,79.0,6.379e-11,5.841e-11,6.11e-11,25.0,1
1153,2.0,2.0,3.0,2.0,2.0,6.0,1.0,1.0,1.0,1.0,8.0,8.0,22.0,22.0,71.0,71.0,6.416e-11,5.9e-11,6.158e-11,25.0,1
1154,2.0,2.0,3.0,2.0,2.0,6.0,1.0,1.0,1.0,1.0,8.0,8.0,22.0,22.0,75.0,75.0,6.419e-11,5.908e-11,6.163e-11,25.0,1
1155,2.0,2.0,3.0,2.0,2.0,6.0,1.0,1.0,1.0,1.0,8.0,8.0,22.0,22.0,79.0,79.0,6.424e-11,5.917e-11,6.17e-11,25.0,1
1156,2.0,2.0,3.0,2.0,2.0,6.0,1.0,1.0,1.0,1.0,8.0,8.0,24.0,24.0,71.0,71.0,6.421e-11,5.901e-11,6.161e-11,25.0,1
1157,2.0,2.0,3.0,2.0,2.0,6.0,1.0,1.0,1.0,1.0,8.0,8.0,24.0,24.0,75.0,75.0,6.422e-11,5.906e-11,6.164e-11,25.0,1
1158,2.0,2.0,3.0,2.0,2.0,6.0,1.0,1.0,1.0,1.0,8.0,8.0,24.0,24.0,79.0,79.0,6.426e-11,5.914e-11,6.17e-11,25.0,1
1159,2.0,2.0,3.0,2.0,2.0,6.0,1.0,1.0,1.0,1.0,8.0,8.0,26.0,26.0,71.0,71.0,6.43e-11,5.905e-11,6.167e-11,25.0,1
1160,2.0,2.0,3.0,2.0,2.0,6.0,1.0,1.0,1.0,1.0,8.0,8.0,26.0,26.0,75.0,75.0,6.43e-11,5.91e-11,6.17e-11,25.0,1
1161,2.0,2.0,3.0,2.0,2.0,6.0,1.0,1.0,1.0,1.0,8.0,8.0,26.0,26.0,79.0,79.0,6.433e-11,5.916e-11,6.174e-11,25.0,1
1162,2.0,2.0,3.0,2.0,2.0,6.0,1.0,1.0,2.0,2.0,6.0,6.0,22.0,22.0,71.0,71.0,6.076e-11,5.462e-11,5.769e-11,25.0,1
1163,2.0,2.0,3.0,2.0,2.0,6.0,1.0,1.0,2.0,2.0,6.0,6.0,22.0,22.0,75.0,75.0,6.08e-11,5.47e-11,5.775e-11,25.0,1
1164,2.0,2.0,3.0,2.0,2.0,6.0,1.0,1.0,2.0,2.0,6.0,6.0,22.0,22.0,79.0,79.0,6.085e-11,5.48e-11,5.783e-11,25.0,1
1165,2.0,2.0,3.0,2.0,2.0,6.0,1.0,1.0,2.0,2.0,6.0,6.0,24.0,24.0,71.0,71.0,6.088e-11,5.467e-11,5.778e-11,25.0,1
1166,2.0,2.0,3.0,2.0,2.0,6.0,1.0,1.0,2.0,2.0,6.0,6.0,24.0,24.0,75.0,75.0,6.091e-11,5.475e-11,5.783e-11,25.0,1
1167,2.0,2.0,3.0,2.0,2.0,6.0,1.0,1.0,2.0,2.0,6.0,6.0,24.0,24.0,79.0,79.0,6.095e-11,5.483e-11,5.789e-11,25.0,1
1168,2.0,2.0,3.0,2.0,2.0,6.0,1.0,1.0,2.0,2.0,6.0,6.0,26.0,26.0,71.0,71.0,6.105e-11,5.478e-11,5.792e-11,25.0,1
1169,2.0,2.0,3.0,2.0,2.0,6.0,1.0,1.0,2.0,2.0,6.0,6.0,26.0,26.0,75.0,75.0,6.106e-11,5.483e-11,5.795e-11,25.0,1
1170,2.0,2.0,3.0,2.0,2.0,6.0,1.0,1.0,2.0,2.0,6.0,6.0,26.0,26.0,79.0,79.0,6.11e-11,5.49e-11,5.8e-11,25.0,1
1171,2.0,2.0,3.0,2.0,2.0,6.0,1.0,1.0,2.0,2.0,7.0,7.0,22.0,22.0,71.0,71.0,6.064e-11,5.466e-11,5.765e-11,25.0,1
1172,2.0,2.0,3.0,2.0,2.0,6.0,1.0,1.0,2.0,2.0,7.0,7.0,22.0,22.0,75.0,75.0,6.067e-11,5.473e-11,5.77e-11,25.0,1
1173,2.0,2.0,3.0,2.0,2.0,6.0,1.0,1.0,2.0,2.0,7.0,7.0,22.0,22.0,79.0,79.0,6.073e-11,5.483e-11,5.778e-11,25.0,1
1174,2.0,2.0,3.0,2.0,2.0,6.0,1.0,1.0,2.0,2.0,7.0,7.0,24.0,24.0,71.0,71.0,6.07e-11,5.466e-11,5.768e-11,25.0,1
1175,2.0,2.0,3.0,2.0,2.0,6.0,1.0,1.0,2.0,2.0,7.0,7.0,24.0,24.0,75.0,75.0,6.072e-11,5.472e-11,5.772e-11,25.0,1
1176,2.0,2.0,3.0,2.0,2.0,6.0,1.0,1.0,2.0,2.0,7.0,7.0,24.0,24.0,79.0,79.0,6.077e-11,5.48e-11,5.778e-11,25.0,1
1177,2.0,2.0,3.0,2.0,2.0,6.0,1.0,1.0,2.0,2.0,7.0,7.0,26.0,26.0,71.0,71.0,6.082e-11,5.471e-11,5.777e-11,25.0,1
1178,2.0,2.0,3.0,2.0,2.0,6.0,1.0,1.0,2.0,2.0,7.0,7.0,26.0,26.0,75.0,75.0,6.083e-11,5.476e-11,5.779e-11,25.0,1
1179,2.0,2.0,3.0,2.0,2.0,6.0,1.0,1.0,2.0,2.0,7.0,7.0,26.0,26.0,79.0,79.0,6.085e-11,5.483e-11,5.784e-11,25.0,1
1180,2.0,2.0,3.0,2.0,2.0,6.0,1.0,1.0,2.0,2.0,8.0,8.0,22.0,22.0,71.0,71.0,6.069e-11,5.483e-11,5.776e-11,25.0,1
1181,2.0,2.0,3.0,2.0,2.0,6.0,1.0,1.0,2.0,2.0,8.0,8.0,22.0,22.0,75.0,75.0,6.073e-11,5.491e-11,5.782e-11,25.0,1
1182,2.0,2.0,3.0,2.0,2.0,6.0,1.0,1.0,2.0,2.0,8.0,8.0,22.0,22.0,79.0,79.0,6.078e-11,5.5e-11,5.789e-11,25.0,1
1183,2.0,2.0,3.0,2.0,2.0,6.0,1.0,1.0,2.0,2.0,8.0,8.0,24.0,24.0,71.0,71.0,6.072e-11,5.48e-11,5.776e-11,25.0,1
1184,2.0,2.0,3.0,2.0,2.0,6.0,1.0,1.0,2.0,2.0,8.0,8.0,24.0,24.0,75.0,75.0,6.073e-11,5.486e-11,5.78e-11,25.0,1
1185,2.0,2.0,3.0,2.0,2.0,6.0,1.0,1.0,2.0,2.0,8.0,8.0,24.0,24.0,79.0,79.0,6.077e-11,5.494e-11,5.785e-11,25.0,1
1186,2.0,2.0,3.0,2.0,2.0,6.0,1.0,1.0,2.0,2.0,8.0,8.0,26.0,26.0,71.0,71.0,6.079e-11,5.482e-11,5.78e-11,25.0,1
1187,2.0,2.0,3.0,2.0,2.0,6.0,1.0,1.0,2.0,2.0,8.0,8.0,26.0,26.0,75.0,75.0,6.079e-11,5.487e-11,5.783e-11,25.0,1
1188,2.0,2.0,3.0,2.0,2.0,6.0,1.0,1.0,2.0,2.0,8.0,8.0,26.0,26.0,79.0,79.0,6.081e-11,5.493e-11,5.787e-11,25.0,1
1189,2.0,2.0,3.0,2.0,2.0,6.0,1.0,1.0,3.0,3.0,6.0,6.0,22.0,22.0,71.0,71.0,6.083e-11,5.449e-11,5.766e-11,25.0,1
1190,2.0,2.0,3.0,2.0,2.0,6.0,1.0,1.0,3.0,3.0,6.0,6.0,22.0,22.0,75.0,75.0,6.088e-11,5.458e-11,5.773e-11,25.0,1
1191,2.0,2.0,3.0,2.0,2.0,6.0,1.0,1.0,3.0,3.0,6.0,6.0,22.0,22.0,79.0,79.0,6.093e-11,5.467e-11,5.78e-11,25.0,1
1192,2.0,2.0,3.0,2.0,2.0,6.0,1.0,1.0,3.0,3.0,6.0,6.0,24.0,24.0,71.0,71.0,6.095e-11,5.454e-11,5.774e-11,25.0,1
1193,2.0,2.0,3.0,2.0,2.0,6.0,1.0,1.0,3.0,3.0,6.0,6.0,24.0,24.0,75.0,75.0,6.097e-11,5.461e-11,5.779e-11,25.0,1
1194,2.0,2.0,3.0,2.0,2.0,6.0,1.0,1.0,3.0,3.0,6.0,6.0,24.0,24.0,79.0,79.0,6.102e-11,5.468e-11,5.785e-11,25.0,1
1195,2.0,2.0,3.0,2.0,2.0,6.0,1.0,1.0,3.0,3.0,6.0,6.0,26.0,26.0,71.0,71.0,6.111e-11,5.463e-11,5.787e-11,25.0,1
1196,2.0,2.0,3.0,2.0,2.0,6.0,1.0,1.0,3.0,3.0,6.0,6.0,26.0,26.0,75.0,75.0,6.113e-11,5.468e-11,5.79e-11,25.0,1
1197,2.0,2.0,3.0,2.0,2.0,6.0,1.0,1.0,3.0,3.0,6.0,6.0,26.0,26.0,79.0,79.0,6.115e-11,5.475e-11,5.795e-11,25.0,1
1198,2.0,2.0,3.0,2.0,2.0,6.0,1.0,1.0,3.0,3.0,7.0,7.0,22.0,22.0,71.0,71.0,6.053e-11,5.431e-11,5.742e-11,25.0,1
1199,2.0,2.0,3.0,2.0,2.0,6.0,1.0,1.0,3.0,3.0,7.0,7.0,22.0,22.0,75.0,75.0,6.056e-11,5.44e-11,5.748e-11,25.0,1
1200,2.0,2.0,3.0,2.0,2.0,6.0,1.0,1.0,3.0,3.0,7.0,7.0,22.0,22.0,79.0,79.0,6.062e-11,5.449e-11,5.756e-11,25.0,1
1201,2.0,2.0,3.0,2.0,2.0,6.0,1.0,1.0,3.0,3.0,7.0,7.0,24.0,24.0,71.0,71.0,6.059e-11,5.431e-11,5.745e-11,25.0,1
1202,2.0,2.0,3.0,2.0,2.0,6.0,1.0,1.0,3.0,3.0,7.0,7.0,24.0,24.0,75.0,75.0,6.061e-11,5.437e-11,5.749e-11,25.0,1
1203,2.0,2.0,3.0,2.0,2.0,6.0,1.0,1.0,3.0,3.0,7.0,7.0,24.0,24.0,79.0,79.0,6.065e-11,5.445e-11,5.755e-11,25.0,1
1204,2.0,2.0,3.0,2.0,2.0,6.0,1.0,1.0,3.0,3.0,7.0,7.0,26.0,26.0,71.0,71.0,6.069e-11,5.435e-11,5.752e-11,25.0,1
1205,2.0,2.0,3.0,2.0,2.0,6.0,1.0,1.0,3.0,3.0,7.0,7.0,26.0,26.0,75.0,75.0,6.07e-11,5.44e-11,5.755e-11,25.0,1
1206,2.0,2.0,3.0,2.0,2.0,6.0,1.0,1.0,3.0,3.0,7.0,7.0,26.0,26.0,79.0,79.0,6.072e-11,5.447e-11,5.76e-11,25.0,1
1207,2.0,2.0,3.0,2.0,2.0,6.0,1.0,1.0,3.0,3.0,8.0,8.0,22.0,22.0,71.0,71.0,6.041e-11,5.429e-11,5.735e-11,25.0,1
1208,2.0,2.0,3.0,2.0,2.0,6.0,1.0,1.0,3.0,3.0,8.0,8.0,22.0,22.0,75.0,75.0,6.044e-11,5.437e-11,5.74e-11,25.0,1
1209,2.0,2.0,3.0,2.0,2.0,6.0,1.0,1.0,3.0,3.0,8.0,8.0,22.0,22.0,79.0,79.0,6.049e-11,5.446e-11,5.748e-11,25.0,1
1210,2.0,2.0,3.0,2.0,2.0,6.0,1.0,1.0,3.0,3.0,8.0,8.0,24.0,24.0,71.0,71.0,6.042e-11,5.425e-11,5.733e-11,25.0,1
1211,2.0,2.0,3.0,2.0,2.0,6.0,1.0,1.0,3.0,3.0,8.0,8.0,24.0,24.0,75.0,75.0,6.044e-11,5.431e-11,5.738e-11,25.0,1
1212,2.0,2.0,3.0,2.0,2.0,6.0,1.0,1.0,3.0,3.0,8.0,8.0,24.0,24.0,79.0,79.0,6.048e-11,5.438e-11,5.743e-11,25.0,1
1213,2.0,2.0,3.0,2.0,2.0,6.0,1.0,1.0,3.0,3.0,8.0,8.0,26.0,26.0,71.0,71.0,6.049e-11,5.425e-11,5.737e-11,25.0,1
1214,2.0,2.0,3.0,2.0,2.0,6.0,1.0,1.0,3.0,3.0,8.0,8.0,26.0,26.0,75.0,75.0,6.048e-11,5.43e-11,5.739e-11,25.0,1
1215,2.0,2.0,3.0,2.0,2.0,6.0,1.0,1.0,3.0,3.0,8.0,8.0,26.0,26.0,79.0,79.0,6.051e-11,5.436e-11,5.744e-11,25.0,1
1216,2.0,2.0,3.0,2.0,2.0,6.0,2.0,2.0,1.0,1.0,6.0,6.0,22.0,22.0,71.0,71.0,6.308e-11,5.741e-11,6.024e-11,25.0,1
1217,2.0,2.0,3.0,2.0,2.0,6.0,2.0,2.0,1.0,1.0,6.0,6.0,22.0,22.0,75.0,75.0,6.311e-11,5.749e-11,6.03e-11,25.0,1
1218,2.0,2.0,3.0,2.0,2.0,6.0,2.0,2.0,1.0,1.0,6.0,6.0,22.0,22.0,79.0,79.0,6.317e-11,5.759e-11,6.038e-11,25.0,1
1219,2.0,2.0,3.0,2.0,2.0,6.0,2.0,2.0,1.0,1.0,6.0,6.0,24.0,24.0,71.0,71.0,6.322e-11,5.75e-11,6.036e-11,25.0,1
1220,2.0,2.0,3.0,2.0,2.0,6.0,2.0,2.0,1.0,1.0,6.0,6.0,24.0,24.0,75.0,75.0,6.324e-11,5.756e-11,6.04e-11,25.0,1
1221,2.0,2.0,3.0,2.0,2.0,6.0,2.0,2.0,1.0,1.0,6.0,6.0,24.0,24.0,79.0,79.0,6.328e-11,5.764e-11,6.046e-11,25.0,1
1222,2.0,2.0,3.0,2.0,2.0,6.0,2.0,2.0,1.0,1.0,6.0,6.0,26.0,26.0,71.0,71.0,6.34e-11,5.763e-11,6.052e-11,25.0,1
1223,2.0,2.0,3.0,2.0,2.0,6.0,2.0,2.0,1.0,1.0,6.0,6.0,26.0,26.0,75.0,75.0,6.341e-11,5.769e-11,6.055e-11,25.0,1
1224,2.0,2.0,3.0,2.0,2.0,6.0,2.0,2.0,1.0,1.0,6.0,6.0,26.0,26.0,79.0,79.0,6.345e-11,5.775e-11,6.06e-11,25.0,1
1225,2.0,2.0,3.0,2.0,2.0,6.0,2.0,2.0,1.0,1.0,7.0,7.0,22.0,22.0,71.0,71.0,6.352e-11,5.808e-11,6.08e-11,25.0,1
1226,2.0,2.0,3.0,2.0,2.0,6.0,2.0,2.0,1.0,1.0,7.0,7.0,22.0,22.0,75.0,75.0,6.355e-11,5.815e-11,6.085e-11,25.0,1
1227,2.0,2.0,3.0,2.0,2.0,6.0,2.0,2.0,1.0,1.0,7.0,7.0,22.0,22.0,79.0,79.0,6.36e-11,5.824e-11,6.092e-11,25.0,1
1228,2.0,2.0,3.0,2.0,2.0,6.0,2.0,2.0,1.0,1.0,7.0,7.0,24.0,24.0,71.0,71.0,6.361e-11,5.812e-11,6.086e-11,25.0,1
1229,2.0,2.0,3.0,2.0,2.0,6.0,2.0,2.0,1.0,1.0,7.0,7.0,24.0,24.0,75.0,75.0,6.363e-11,5.817e-11,6.09e-11,25.0,1
1230,2.0,2.0,3.0,2.0,2.0,6.0,2.0,2.0,1.0,1.0,7.0,7.0,24.0,24.0,79.0,79.0,6.366e-11,5.825e-11,6.096e-11,25.0,1
1231,2.0,2.0,3.0,2.0,2.0,6.0,2.0,2.0,1.0,1.0,7.0,7.0,26.0,26.0,71.0,71.0,6.374e-11,5.82e-11,6.097e-11,25.0,1
1232,2.0,2.0,3.0,2.0,2.0,6.0,2.0,2.0,1.0,1.0,7.0,7.0,26.0,26.0,75.0,75.0,6.375e-11,5.825e-11,6.1e-11,25.0,1
1233,2.0,2.0,3.0,2.0,2.0,6.0,2.0,2.0,1.0,1.0,7.0,7.0,26.0,26.0,79.0,79.0,6.377e-11,5.831e-11,6.104e-11,25.0,1
1234,2.0,2.0,3.0,2.0,2.0,6.0,2.0,2.0,1.0,1.0,8.0,8.0,22.0,22.0,71.0,71.0,6.414e-11,5.89e-11,6.152e-11,25.0,1
1235,2.0,2.0,3.0,2.0,2.0,6.0,2.0,2.0,1.0,1.0,8.0,8.0,22.0,22.0,75.0,75.0,6.417e-11,5.897e-11,6.157e-11,25.0,1
1236,2.0,2.0,3.0,2.0,2.0,6.0,2.0,2.0,1.0,1.0,8.0,8.0,22.0,22.0,79.0,79.0,6.422e-11,5.906e-11,6.164e-11,25.0,1
1237,2.0,2.0,3.0,2.0,2.0,6.0,2.0,2.0,1.0,1.0,8.0,8.0,24.0,24.0,71.0,71.0,6.418e-11,5.89e-11,6.154e-11,25.0,1
1238,2.0,2.0,3.0,2.0,2.0,6.0,2.0,2.0,1.0,1.0,8.0,8.0,24.0,24.0,75.0,75.0,6.42e-11,5.896e-11,6.158e-11,25.0,1
1239,2.0,2.0,3.0,2.0,2.0,6.0,2.0,2.0,1.0,1.0,8.0,8.0,24.0,24.0,79.0,79.0,6.424e-11,5.903e-11,6.163e-11,25.0,1
1240,2.0,2.0,3.0,2.0,2.0,6.0,2.0,2.0,1.0,1.0,8.0,8.0,26.0,26.0,71.0,71.0,6.427e-11,5.895e-11,6.161e-11,25.0,1
1241,2.0,2.0,3.0,2.0,2.0,6.0,2.0,2.0,1.0,1.0,8.0,8.0,26.0,26.0,75.0,75.0,6.428e-11,5.899e-11,6.164e-11,25.0,1
1242,2.0,2.0,3.0,2.0,2.0,6.0,2.0,2.0,1.0,1.0,8.0,8.0,26.0,26.0,79.0,79.0,6.43e-11,5.906e-11,6.168e-11,25.0,1
1243,2.0,2.0,3.0,2.0,2.0,6.0,2.0,2.0,2.0,2.0,6.0,6.0,22.0,22.0,71.0,71.0,6.006e-11,5.383e-11,5.695e-11,25.0,1
1244,2.0,2.0,3.0,2.0,2.0,6.0,2.0,2.0,2.0,2.0,6.0,6.0,22.0,22.0,75.0,75.0,6.01e-11,5.392e-11,5.701e-11,25.0,1
1245,2.0,2.0,3.0,2.0,2.0,6.0,2.0,2.0,2.0,2.0,6.0,6.0,22.0,22.0,79.0,79.0,6.016e-11,5.402e-11,5.709e-11,25.0,1
1246,2.0,2.0,3.0,2.0,2.0,6.0,2.0,2.0,2.0,2.0,6.0,6.0,24.0,24.0,71.0,71.0,6.019e-11,5.389e-11,5.704e-11,25.0,1
1247,2.0,2.0,3.0,2.0,2.0,6.0,2.0,2.0,2.0,2.0,6.0,6.0,24.0,24.0,75.0,75.0,6.021e-11,5.396e-11,5.708e-11,25.0,1
1248,2.0,2.0,3.0,2.0,2.0,6.0,2.0,2.0,2.0,2.0,6.0,6.0,24.0,24.0,79.0,79.0,6.026e-11,5.403e-11,5.715e-11,25.0,1
1249,2.0,2.0,3.0,2.0,2.0,6.0,2.0,2.0,2.0,2.0,6.0,6.0,26.0,26.0,71.0,71.0,6.035e-11,5.4e-11,5.717e-11,25.0,1
1250,2.0,2.0,3.0,2.0,2.0,6.0,2.0,2.0,2.0,2.0,6.0,6.0,26.0,26.0,75.0,75.0,6.037e-11,5.405e-11,5.721e-11,25.0,1
1251,2.0,2.0,3.0,2.0,2.0,6.0,2.0,2.0,2.0,2.0,6.0,6.0,26.0,26.0,79.0,79.0,6.04e-11,5.411e-11,5.726e-11,25.0,1
1252,2.0,2.0,3.0,2.0,2.0,6.0,2.0,2.0,2.0,2.0,7.0,7.0,22.0,22.0,71.0,71.0,5.992e-11,5.386e-11,5.689e-11,25.0,1
1253,2.0,2.0,3.0,2.0,2.0,6.0,2.0,2.0,2.0,2.0,7.0,7.0,22.0,22.0,75.0,75.0,5.996e-11,5.394e-11,5.695e-11,25.0,1
1254,2.0,2.0,3.0,2.0,2.0,6.0,2.0,2.0,2.0,2.0,7.0,7.0,22.0,22.0,79.0,79.0,6.001e-11,5.404e-11,5.702e-11,25.0,1
1255,2.0,2.0,3.0,2.0,2.0,6.0,2.0,2.0,2.0,2.0,7.0,7.0,24.0,24.0,71.0,71.0,5.999e-11,5.387e-11,5.693e-11,25.0,1
1256,2.0,2.0,3.0,2.0,2.0,6.0,2.0,2.0,2.0,2.0,7.0,7.0,24.0,24.0,75.0,75.0,6.001e-11,5.393e-11,5.697e-11,25.0,1
1257,2.0,2.0,3.0,2.0,2.0,6.0,2.0,2.0,2.0,2.0,7.0,7.0,24.0,24.0,79.0,79.0,6.005e-11,5.401e-11,5.703e-11,25.0,1
1258,2.0,2.0,3.0,2.0,2.0,6.0,2.0,2.0,2.0,2.0,7.0,7.0,26.0,26.0,71.0,71.0,6.01e-11,5.392e-11,5.701e-11,25.0,1
1259,2.0,2.0,3.0,2.0,2.0,6.0,2.0,2.0,2.0,2.0,7.0,7.0,26.0,26.0,75.0,75.0,6.011e-11,5.397e-11,5.704e-11,25.0,1
1260,2.0,2.0,3.0,2.0,2.0,6.0,2.0,2.0,2.0,2.0,7.0,7.0,26.0,26.0,79.0,79.0,6.013e-11,5.404e-11,5.709e-11,25.0,1
1261,2.0,2.0,3.0,2.0,2.0,6.0,2.0,2.0,2.0,2.0,8.0,8.0,22.0,22.0,71.0,71.0,5.996e-11,5.403e-11,5.7e-11,25.0,1
1262,2.0,2.0,3.0,2.0,2.0,6.0,2.0,2.0,2.0,2.0,8.0,8.0,22.0,22.0,75.0,75.0,6e-11,5.412e-11,5.706e-11,25.0,1
1263,2.0,2.0,3.0,2.0,2.0,6.0,2.0,2.0,2.0,2.0,8.0,8.0,22.0,22.0,79.0,79.0,6.005e-11,5.421e-11,5.713e-11,25.0,1
1264,2.0,2.0,3.0,2.0,2.0,6.0,2.0,2.0,2.0,2.0,8.0,8.0,24.0,24.0,71.0,71.0,5.999e-11,5.4e-11,5.7e-11,25.0,1
1265,2.0,2.0,3.0,2.0,2.0,6.0,2.0,2.0,2.0,2.0,8.0,8.0,24.0,24.0,75.0,75.0,6e-11,5.406e-11,5.703e-11,25.0,1
1266,2.0,2.0,3.0,2.0,2.0,6.0,2.0,2.0,2.0,2.0,8.0,8.0,24.0,24.0,79.0,79.0,6.004e-11,5.414e-11,5.709e-11,25.0,1
1267,2.0,2.0,3.0,2.0,2.0,6.0,2.0,2.0,2.0,2.0,8.0,8.0,26.0,26.0,71.0,71.0,6.006e-11,5.402e-11,5.704e-11,25.0,1
1268,2.0,2.0,3.0,2.0,2.0,6.0,2.0,2.0,2.0,2.0,8.0,8.0,26.0,26.0,75.0,75.0,6.006e-11,5.407e-11,5.707e-11,25.0,1
1269,2.0,2.0,3.0,2.0,2.0,6.0,2.0,2.0,2.0,2.0,8.0,8.0,26.0,26.0,79.0,79.0,6.008e-11,5.413e-11,5.711e-11,25.0,1
1270,2.0,2.0,3.0,2.0,2.0,6.0,2.0,2.0,3.0,3.0,6.0,6.0,22.0,22.0,71.0,71.0,5.951e-11,5.31e-11,5.631e-11,25.0,1
1271,2.0,2.0,3.0,2.0,2.0,6.0,2.0,2.0,3.0,3.0,6.0,6.0,22.0,22.0,75.0,75.0,5.955e-11,5.318e-11,5.637e-11,25.0,1
1272,2.0,2.0,3.0,2.0,2.0,6.0,2.0,2.0,3.0,3.0,6.0,6.0,22.0,22.0,79.0,79.0,5.961e-11,5.328e-11,5.645e-11,25.0,1
1273,2.0,2.0,3.0,2.0,2.0,6.0,2.0,2.0,3.0,3.0,6.0,6.0,24.0,24.0,71.0,71.0,5.963e-11,5.314e-11,5.639e-11,25.0,1
1274,2.0,2.0,3.0,2.0,2.0,6.0,2.0,2.0,3.0,3.0,6.0,6.0,24.0,24.0,75.0,75.0,5.965e-11,5.321e-11,5.643e-11,25.0,1
1275,2.0,2.0,3.0,2.0,2.0,6.0,2.0,2.0,3.0,3.0,6.0,6.0,24.0,24.0,79.0,79.0,5.97e-11,5.329e-11,5.649e-11,25.0,1
1276,2.0,2.0,3.0,2.0,2.0,6.0,2.0,2.0,3.0,3.0,6.0,6.0,26.0,26.0,71.0,71.0,5.98e-11,5.324e-11,5.652e-11,25.0,1
1277,2.0,2.0,3.0,2.0,2.0,6.0,2.0,2.0,3.0,3.0,6.0,6.0,26.0,26.0,75.0,75.0,5.981e-11,5.329e-11,5.655e-11,25.0,1
1278,2.0,2.0,3.0,2.0,2.0,6.0,2.0,2.0,3.0,3.0,6.0,6.0,26.0,26.0,79.0,79.0,5.984e-11,5.336e-11,5.66e-11,25.0,1
1279,2.0,2.0,3.0,2.0,2.0,6.0,2.0,2.0,3.0,3.0,7.0,7.0,22.0,22.0,71.0,71.0,5.918e-11,5.291e-11,5.604e-11,25.0,1
1280,2.0,2.0,3.0,2.0,2.0,6.0,2.0,2.0,3.0,3.0,7.0,7.0,22.0,22.0,75.0,75.0,5.922e-11,5.299e-11,5.611e-11,25.0,1
1281,2.0,2.0,3.0,2.0,2.0,6.0,2.0,2.0,3.0,3.0,7.0,7.0,22.0,22.0,79.0,79.0,5.927e-11,5.309e-11,5.618e-11,25.0,1
1282,2.0,2.0,3.0,2.0,2.0,6.0,2.0,2.0,3.0,3.0,7.0,7.0,24.0,24.0,71.0,71.0,5.924e-11,5.29e-11,5.607e-11,25.0,1
1283,2.0,2.0,3.0,2.0,2.0,6.0,2.0,2.0,3.0,3.0,7.0,7.0,24.0,24.0,75.0,75.0,5.926e-11,5.297e-11,5.611e-11,25.0,1
1284,2.0,2.0,3.0,2.0,2.0,6.0,2.0,2.0,3.0,3.0,7.0,7.0,24.0,24.0,79.0,79.0,5.93e-11,5.305e-11,5.618e-11,25.0,1
1285,2.0,2.0,3.0,2.0,2.0,6.0,2.0,2.0,3.0,3.0,7.0,7.0,26.0,26.0,71.0,71.0,5.934e-11,5.295e-11,5.614e-11,25.0,1
1286,2.0,2.0,3.0,2.0,2.0,6.0,2.0,2.0,3.0,3.0,7.0,7.0,26.0,26.0,75.0,75.0,5.936e-11,5.3e-11,5.618e-11,25.0,1
1287,2.0,2.0,3.0,2.0,2.0,6.0,2.0,2.0,3.0,3.0,7.0,7.0,26.0,26.0,79.0,79.0,5.938e-11,5.306e-11,5.622e-11,25.0,1
1288,2.0,2.0,3.0,2.0,2.0,6.0,2.0,2.0,3.0,3.0,8.0,8.0,22.0,22.0,71.0,71.0,5.903e-11,5.287e-11,5.595e-11,25.0,1
1289,2.0,2.0,3.0,2.0,2.0,6.0,2.0,2.0,3.0,3.0,8.0,8.0,22.0,22.0,75.0,75.0,5.906e-11,5.295e-11,5.601e-11,25.0,1
1290,2.0,2.0,3.0,2.0,2.0,6.0,2.0,2.0,3.0,3.0,8.0,8.0,22.0,22.0,79.0,79.0,5.912e-11,5.305e-11,5.608e-11,25.0,1
1291,2.0,2.0,3.0,2.0,2.0,6.0,2.0,2.0,3.0,3.0,8.0,8.0,24.0,24.0,71.0,71.0,5.905e-11,5.282e-11,5.594e-11,25.0,1
1292,2.0,2.0,3.0,2.0,2.0,6.0,2.0,2.0,3.0,3.0,8.0,8.0,24.0,24.0,75.0,75.0,5.906e-11,5.289e-11,5.598e-11,25.0,1
1293,2.0,2.0,3.0,2.0,2.0,6.0,2.0,2.0,3.0,3.0,8.0,8.0,24.0,24.0,79.0,79.0,5.91e-11,5.297e-11,5.603e-11,25.0,1
1294,2.0,2.0,3.0,2.0,2.0,6.0,2.0,2.0,3.0,3.0,8.0,8.0,26.0,26.0,71.0,71.0,5.912e-11,5.283e-11,5.598e-11,25.0,1
1295,2.0,2.0,3.0,2.0,2.0,6.0,2.0,2.0,3.0,3.0,8.0,8.0,26.0,26.0,75.0,75.0,5.912e-11,5.288e-11,5.6e-11,25.0,1
1296,2.0,2.0,3.0,2.0,2.0,6.0,2.0,2.0,3.0,3.0,8.0,8.0,26.0,26.0,79.0,79.0,5.915e-11,5.294e-11,5.604e-11,25.0,1
1297,3.0,3.0,2.0,1.0,1.0,3.0,1.0,1.0,1.0,1.0,6.0,6.0,22.0,22.0,71.0,71.0,6.091e-11,5.192e-11,5.641e-11,25.0,1
1298,3.0,3.0,2.0,1.0,1.0,3.0,1.0,1.0,1.0,1.0,6.0,6.0,22.0,22.0,75.0,75.0,6.094e-11,5.2e-11,5.647e-11,25.0,1
1299,3.0,3.0,2.0,1.0,1.0,3.0,1.0,1.0,1.0,1.0,6.0,6.0,22.0,22.0,79.0,79.0,6.101e-11,5.209e-11,5.655e-11,25.0,1
1300,3.0,3.0,2.0,1.0,1.0,3.0,1.0,1.0,1.0,1.0,6.0,6.0,24.0,24.0,71.0,71.0,6.105e-11,5.201e-11,5.653e-11,25.0,1
1301,3.0,3.0,2.0,1.0,1.0,3.0,1.0,1.0,1.0,1.0,6.0,6.0,24.0,24.0,75.0,75.0,6.108e-11,5.207e-11,5.658e-11,25.0,1
1302,3.0,3.0,2.0,1.0,1.0,3.0,1.0,1.0,1.0,1.0,6.0,6.0,24.0,24.0,79.0,79.0,6.112e-11,5.215e-11,5.663e-11,25.0,1
1303,3.0,3.0,2.0,1.0,1.0,3.0,1.0,1.0,1.0,1.0,6.0,6.0,26.0,26.0,71.0,71.0,6.124e-11,5.214e-11,5.669e-11,25.0,1
1304,3.0,3.0,2.0,1.0,1.0,3.0,1.0,1.0,1.0,1.0,6.0,6.0,26.0,26.0,75.0,75.0,6.125e-11,5.219e-11,5.672e-11,25.0,1
1305,3.0,3.0,2.0,1.0,1.0,3.0,1.0,1.0,1.0,1.0,6.0,6.0,26.0,26.0,79.0,79.0,6.128e-11,5.226e-11,5.677e-11,25.0,1
1306,3.0,3.0,2.0,1.0,1.0,3.0,1.0,1.0,1.0,1.0,7.0,7.0,22.0,22.0,71.0,71.0,6.136e-11,5.259e-11,5.697e-11,25.0,1
1307,3.0,3.0,2.0,1.0,1.0,3.0,1.0,1.0,1.0,1.0,7.0,7.0,22.0,22.0,75.0,75.0,6.139e-11,5.266e-11,5.703e-11,25.0,1
1308,3.0,3.0,2.0,1.0,1.0,3.0,1.0,1.0,1.0,1.0,7.0,7.0,22.0,22.0,79.0,79.0,6.145e-11,5.275e-11,5.71e-11,25.0,1
1309,3.0,3.0,2.0,1.0,1.0,3.0,1.0,1.0,1.0,1.0,7.0,7.0,24.0,24.0,71.0,71.0,6.145e-11,5.262e-11,5.704e-11,25.0,1
1310,3.0,3.0,2.0,1.0,1.0,3.0,1.0,1.0,1.0,1.0,7.0,7.0,24.0,24.0,75.0,75.0,6.147e-11,5.268e-11,5.708e-11,25.0,1
1311,3.0,3.0,2.0,1.0,1.0,3.0,1.0,1.0,1.0,1.0,7.0,7.0,24.0,24.0,79.0,79.0,6.151e-11,5.276e-11,5.713e-11,25.0,1
1312,3.0,3.0,2.0,1.0,1.0,3.0,1.0,1.0,1.0,1.0,7.0,7.0,26.0,26.0,71.0,71.0,6.158e-11,5.271e-11,5.714e-11,25.0,1
1313,3.0,3.0,2.0,1.0,1.0,3.0,1.0,1.0,1.0,1.0,7.0,7.0,26.0,26.0,75.0,75.0,6.159e-11,5.276e-11,5.717e-11,25.0,1
1314,3.0,3.0,2.0,1.0,1.0,3.0,1.0,1.0,1.0,1.0,7.0,7.0,26.0,26.0,79.0,79.0,6.161e-11,5.282e-11,5.722e-11,25.0,1
1315,3.0,3.0,2.0,1.0,1.0,3.0,1.0,1.0,1.0,1.0,8.0,8.0,22.0,22.0,71.0,71.0,6.198e-11,5.34e-11,5.769e-11,25.0,1
1316,3.0,3.0,2.0,1.0,1.0,3.0,1.0,1.0,1.0,1.0,8.0,8.0,22.0,22.0,75.0,75.0,6.201e-11,5.348e-11,5.775e-11,25.0,1
1317,3.0,3.0,2.0,1.0,1.0,3.0,1.0,1.0,1.0,1.0,8.0,8.0,22.0,22.0,79.0,79.0,6.206e-11,5.357e-11,5.782e-11,25.0,1
1318,3.0,3.0,2.0,1.0,1.0,3.0,1.0,1.0,1.0,1.0,8.0,8.0,24.0,24.0,71.0,71.0,6.203e-11,5.341e-11,5.772e-11,25.0,1
1319,3.0,3.0,2.0,1.0,1.0,3.0,1.0,1.0,1.0,1.0,8.0,8.0,24.0,24.0,75.0,75.0,6.204e-11,5.346e-11,5.775e-11,25.0,1
1320,3.0,3.0,2.0,1.0,1.0,3.0,1.0,1.0,1.0,1.0,8.0,8.0,24.0,24.0,79.0,79.0,6.208e-11,5.354e-11,5.781e-11,25.0,1
1321,3.0,3.0,2.0,1.0,1.0,3.0,1.0,1.0,1.0,1.0,8.0,8.0,26.0,26.0,71.0,71.0,6.212e-11,5.346e-11,5.779e-11,25.0,1
1322,3.0,3.0,2.0,1.0,1.0,3.0,1.0,1.0,1.0,1.0,8.0,8.0,26.0,26.0,75.0,75.0,6.212e-11,5.35e-11,5.781e-11,25.0,1
1323,3.0,3.0,2.0,1.0,1.0,3.0,1.0,1.0,1.0,1.0,8.0,8.0,26.0,26.0,79.0,79.0,6.215e-11,5.356e-11,5.785e-11,25.0,1
1324,3.0,3.0,2.0,1.0,1.0,3.0,1.0,1.0,2.0,2.0,6.0,6.0,22.0,22.0,71.0,71.0,5.86e-11,4.908e-11,5.384e-11,25.0,1
1325,3.0,3.0,2.0,1.0,1.0,3.0,1.0,1.0,2.0,2.0,6.0,6.0,22.0,22.0,75.0,75.0,5.863e-11,4.916e-11,5.39e-11,25.0,1
1326,3.0,3.0,2.0,1.0,1.0,3.0,1.0,1.0,2.0,2.0,6.0,6.0,22.0,22.0,79.0,79.0,5.869e-11,4.927e-11,5.398e-11,25.0,1
1327,3.0,3.0,2.0,1.0,1.0,3.0,1.0,1.0,2.0,2.0,6.0,6.0,24.0,24.0,71.0,71.0,5.872e-11,4.914e-11,5.393e-11,25.0,1
1328,3.0,3.0,2.0,1.0,1.0,3.0,1.0,1.0,2.0,2.0,6.0,6.0,24.0,24.0,75.0,75.0,5.874e-11,4.921e-11,5.397e-11,25.0,1
1329,3.0,3.0,2.0,1.0,1.0,3.0,1.0,1.0,2.0,2.0,6.0,6.0,24.0,24.0,79.0,79.0,5.879e-11,4.928e-11,5.404e-11,25.0,1
1330,3.0,3.0,2.0,1.0,1.0,3.0,1.0,1.0,2.0,2.0,6.0,6.0,26.0,26.0,71.0,71.0,5.889e-11,4.924e-11,5.406e-11,25.0,1
1331,3.0,3.0,2.0,1.0,1.0,3.0,1.0,1.0,2.0,2.0,6.0,6.0,26.0,26.0,75.0,75.0,5.89e-11,4.929e-11,5.41e-11,25.0,1
1332,3.0,3.0,2.0,1.0,1.0,3.0,1.0,1.0,2.0,2.0,6.0,6.0,26.0,26.0,79.0,79.0,5.893e-11,4.936e-11,5.415e-11,25.0,1
1333,3.0,3.0,2.0,1.0,1.0,3.0,1.0,1.0,2.0,2.0,7.0,7.0,22.0,22.0,71.0,71.0,5.847e-11,4.912e-11,5.379e-11,25.0,1
1334,3.0,3.0,2.0,1.0,1.0,3.0,1.0,1.0,2.0,2.0,7.0,7.0,22.0,22.0,75.0,75.0,5.851e-11,4.919e-11,5.385e-11,25.0,1
1335,3.0,3.0,2.0,1.0,1.0,3.0,1.0,1.0,2.0,2.0,7.0,7.0,22.0,22.0,79.0,79.0,5.857e-11,4.929e-11,5.393e-11,25.0,1
1336,3.0,3.0,2.0,1.0,1.0,3.0,1.0,1.0,2.0,2.0,7.0,7.0,24.0,24.0,71.0,71.0,5.854e-11,4.912e-11,5.383e-11,25.0,1
1337,3.0,3.0,2.0,1.0,1.0,3.0,1.0,1.0,2.0,2.0,7.0,7.0,24.0,24.0,75.0,75.0,5.856e-11,4.918e-11,5.387e-11,25.0,1
1338,3.0,3.0,2.0,1.0,1.0,3.0,1.0,1.0,2.0,2.0,7.0,7.0,24.0,24.0,79.0,79.0,5.861e-11,4.926e-11,5.393e-11,25.0,1
1339,3.0,3.0,2.0,1.0,1.0,3.0,1.0,1.0,2.0,2.0,7.0,7.0,26.0,26.0,71.0,71.0,5.865e-11,4.917e-11,5.391e-11,25.0,1
1340,3.0,3.0,2.0,1.0,1.0,3.0,1.0,1.0,2.0,2.0,7.0,7.0,26.0,26.0,75.0,75.0,5.866e-11,4.922e-11,5.394e-11,25.0,1
1341,3.0,3.0,2.0,1.0,1.0,3.0,1.0,1.0,2.0,2.0,7.0,7.0,26.0,26.0,79.0,79.0,5.869e-11,4.929e-11,5.399e-11,25.0,1
1342,3.0,3.0,2.0,1.0,1.0,3.0,1.0,1.0,2.0,2.0,8.0,8.0,22.0,22.0,71.0,71.0,5.852e-11,4.929e-11,5.391e-11,25.0,1
1343,3.0,3.0,2.0,1.0,1.0,3.0,1.0,1.0,2.0,2.0,8.0,8.0,22.0,22.0,75.0,75.0,5.855e-11,4.937e-11,5.396e-11,25.0,1
1344,3.0,3.0,2.0,1.0,1.0,3.0,1.0,1.0,2.0,2.0,8.0,8.0,22.0,22.0,79.0,79.0,5.862e-11,4.946e-11,5.404e-11,25.0,1
1345,3.0,3.0,2.0,1.0,1.0,3.0,1.0,1.0,2.0,2.0,8.0,8.0,24.0,24.0,71.0,71.0,5.855e-11,4.926e-11,5.39e-11,25.0,1
1346,3.0,3.0,2.0,1.0,1.0,3.0,1.0,1.0,2.0,2.0,8.0,8.0,24.0,24.0,75.0,75.0,5.857e-11,4.932e-11,5.395e-11,25.0,1
1347,3.0,3.0,2.0,1.0,1.0,3.0,1.0,1.0,2.0,2.0,8.0,8.0,24.0,24.0,79.0,79.0,5.86e-11,4.94e-11,5.4e-11,25.0,1
1348,3.0,3.0,2.0,1.0,1.0,3.0,1.0,1.0,2.0,2.0,8.0,8.0,26.0,26.0,71.0,71.0,5.862e-11,4.928e-11,5.395e-11,25.0,1
1349,3.0,3.0,2.0,1.0,1.0,3.0,1.0,1.0,2.0,2.0,8.0,8.0,26.0,26.0,75.0,75.0,5.863e-11,4.933e-11,5.398e-11,25.0,1
1350,3.0,3.0,2.0,1.0,1.0,3.0,1.0,1.0,2.0,2.0,8.0,8.0,26.0,26.0,79.0,79.0,5.865e-11,4.939e-11,5.402e-11,25.0,1
1351,3.0,3.0,2.0,1.0,1.0,3.0,1.0,1.0,3.0,3.0,6.0,6.0,22.0,22.0,71.0,71.0,5.868e-11,4.9e-11,5.384e-11,25.0,1
1352,3.0,3.0,2.0,1.0,1.0,3.0,1.0,1.0,3.0,3.0,6.0,6.0,22.0,22.0,75.0,75.0,5.872e-11,4.909e-11,5.39e-11,25.0,1
1353,3.0,3.0,2.0,1.0,1.0,3.0,1.0,1.0,3.0,3.0,6.0,6.0,22.0,22.0,79.0,79.0,5.878e-11,4.919e-11,5.398e-11,25.0,1
1354,3.0,3.0,2.0,1.0,1.0,3.0,1.0,1.0,3.0,3.0,6.0,6.0,24.0,24.0,71.0,71.0,5.88e-11,4.904e-11,5.392e-11,25.0,1
1355,3.0,3.0,2.0,1.0,1.0,3.0,1.0,1.0,3.0,3.0,6.0,6.0,24.0,24.0,75.0,75.0,5.882e-11,4.911e-11,5.397e-11,25.0,1
1356,3.0,3.0,2.0,1.0,1.0,3.0,1.0,1.0,3.0,3.0,6.0,6.0,24.0,24.0,79.0,79.0,5.886e-11,4.919e-11,5.403e-11,25.0,1
1357,3.0,3.0,2.0,1.0,1.0,3.0,1.0,1.0,3.0,3.0,6.0,6.0,26.0,26.0,71.0,71.0,5.897e-11,4.913e-11,5.405e-11,25.0,1
1358,3.0,3.0,2.0,1.0,1.0,3.0,1.0,1.0,3.0,3.0,6.0,6.0,26.0,26.0,75.0,75.0,5.896e-11,4.919e-11,5.408e-11,25.0,1
1359,3.0,3.0,2.0,1.0,1.0,3.0,1.0,1.0,3.0,3.0,6.0,6.0,26.0,26.0,79.0,79.0,5.901e-11,4.926e-11,5.413e-11,25.0,1
1360,3.0,3.0,2.0,1.0,1.0,3.0,1.0,1.0,3.0,3.0,7.0,7.0,22.0,22.0,71.0,71.0,5.838e-11,4.882e-11,5.36e-11,25.0,1
1361,3.0,3.0,2.0,1.0,1.0,3.0,1.0,1.0,3.0,3.0,7.0,7.0,22.0,22.0,75.0,75.0,5.841e-11,4.891e-11,5.366e-11,25.0,1
1362,3.0,3.0,2.0,1.0,1.0,3.0,1.0,1.0,3.0,3.0,7.0,7.0,22.0,22.0,79.0,79.0,5.847e-11,4.901e-11,5.374e-11,25.0,1
1363,3.0,3.0,2.0,1.0,1.0,3.0,1.0,1.0,3.0,3.0,7.0,7.0,24.0,24.0,71.0,71.0,5.843e-11,4.881e-11,5.362e-11,25.0,1
1364,3.0,3.0,2.0,1.0,1.0,3.0,1.0,1.0,3.0,3.0,7.0,7.0,24.0,24.0,75.0,75.0,5.846e-11,4.888e-11,5.367e-11,25.0,1
1365,3.0,3.0,2.0,1.0,1.0,3.0,1.0,1.0,3.0,3.0,7.0,7.0,24.0,24.0,79.0,79.0,5.85e-11,4.896e-11,5.373e-11,25.0,1
1366,3.0,3.0,2.0,1.0,1.0,3.0,1.0,1.0,3.0,3.0,7.0,7.0,26.0,26.0,71.0,71.0,5.854e-11,4.886e-11,5.37e-11,25.0,1
1367,3.0,3.0,2.0,1.0,1.0,3.0,1.0,1.0,3.0,3.0,7.0,7.0,26.0,26.0,75.0,75.0,5.855e-11,4.891e-11,5.373e-11,25.0,1
1368,3.0,3.0,2.0,1.0,1.0,3.0,1.0,1.0,3.0,3.0,7.0,7.0,26.0,26.0,79.0,79.0,5.858e-11,4.897e-11,5.377e-11,25.0,1
1369,3.0,3.0,2.0,1.0,1.0,3.0,1.0,1.0,3.0,3.0,8.0,8.0,22.0,22.0,71.0,71.0,5.825e-11,4.88e-11,5.353e-11,25.0,1
1370,3.0,3.0,2.0,1.0,1.0,3.0,1.0,1.0,3.0,3.0,8.0,8.0,22.0,22.0,75.0,75.0,5.829e-11,4.888e-11,5.358e-11,25.0,1
1371,3.0,3.0,2.0,1.0,1.0,3.0,1.0,1.0,3.0,3.0,8.0,8.0,22.0,22.0,79.0,79.0,5.835e-11,4.897e-11,5.366e-11,25.0,1
1372,3.0,3.0,2.0,1.0,1.0,3.0,1.0,1.0,3.0,3.0,8.0,8.0,24.0,24.0,71.0,71.0,5.826e-11,4.875e-11,5.351e-11,25.0,1
1373,3.0,3.0,2.0,1.0,1.0,3.0,1.0,1.0,3.0,3.0,8.0,8.0,24.0,24.0,75.0,75.0,5.829e-11,4.881e-11,5.355e-11,25.0,1
1374,3.0,3.0,2.0,1.0,1.0,3.0,1.0,1.0,3.0,3.0,8.0,8.0,24.0,24.0,79.0,79.0,5.832e-11,4.889e-11,5.361e-11,25.0,1
1375,3.0,3.0,2.0,1.0,1.0,3.0,1.0,1.0,3.0,3.0,8.0,8.0,26.0,26.0,71.0,71.0,5.833e-11,4.876e-11,5.354e-11,25.0,1
1376,3.0,3.0,2.0,1.0,1.0,3.0,1.0,1.0,3.0,3.0,8.0,8.0,26.0,26.0,75.0,75.0,5.834e-11,4.88e-11,5.357e-11,25.0,1
1377,3.0,3.0,2.0,1.0,1.0,3.0,1.0,1.0,3.0,3.0,8.0,8.0,26.0,26.0,79.0,79.0,5.836e-11,4.887e-11,5.361e-11,25.0,1
1378,3.0,3.0,2.0,1.0,1.0,3.0,2.0,2.0,1.0,1.0,6.0,6.0,22.0,22.0,71.0,71.0,6.163e-11,5.241e-11,5.702e-11,25.0,1
1379,3.0,3.0,2.0,1.0,1.0,3.0,2.0,2.0,1.0,1.0,6.0,6.0,22.0,22.0,75.0,75.0,6.167e-11,5.25e-11,5.708e-11,25.0,1
1380,3.0,3.0,2.0,1.0,1.0,3.0,2.0,2.0,1.0,1.0,6.0,6.0,22.0,22.0,79.0,79.0,6.172e-11,5.259e-11,5.716e-11,25.0,1
1381,3.0,3.0,2.0,1.0,1.0,3.0,2.0,2.0,1.0,1.0,6.0,6.0,24.0,24.0,71.0,71.0,6.177e-11,5.25e-11,5.713e-11,25.0,1
1382,3.0,3.0,2.0,1.0,1.0,3.0,2.0,2.0,1.0,1.0,6.0,6.0,24.0,24.0,75.0,75.0,6.18e-11,5.256e-11,5.718e-11,25.0,1
1383,3.0,3.0,2.0,1.0,1.0,3.0,2.0,2.0,1.0,1.0,6.0,6.0,24.0,24.0,79.0,79.0,6.184e-11,5.265e-11,5.724e-11,25.0,1
1384,3.0,3.0,2.0,1.0,1.0,3.0,2.0,2.0,1.0,1.0,6.0,6.0,26.0,26.0,71.0,71.0,6.196e-11,5.263e-11,5.729e-11,25.0,1
1385,3.0,3.0,2.0,1.0,1.0,3.0,2.0,2.0,1.0,1.0,6.0,6.0,26.0,26.0,75.0,75.0,6.197e-11,5.268e-11,5.733e-11,25.0,1
1386,3.0,3.0,2.0,1.0,1.0,3.0,2.0,2.0,1.0,1.0,6.0,6.0,26.0,26.0,79.0,79.0,6.2e-11,5.275e-11,5.737e-11,25.0,1
1387,3.0,3.0,2.0,1.0,1.0,3.0,2.0,2.0,1.0,1.0,7.0,7.0,22.0,22.0,71.0,71.0,6.207e-11,5.308e-11,5.758e-11,25.0,1
1388,3.0,3.0,2.0,1.0,1.0,3.0,2.0,2.0,1.0,1.0,7.0,7.0,22.0,22.0,75.0,75.0,6.211e-11,5.316e-11,5.763e-11,25.0,1
1389,3.0,3.0,2.0,1.0,1.0,3.0,2.0,2.0,1.0,1.0,7.0,7.0,22.0,22.0,79.0,79.0,6.216e-11,5.325e-11,5.771e-11,25.0,1
1390,3.0,3.0,2.0,1.0,1.0,3.0,2.0,2.0,1.0,1.0,7.0,7.0,24.0,24.0,71.0,71.0,6.216e-11,5.312e-11,5.764e-11,25.0,1
1391,3.0,3.0,2.0,1.0,1.0,3.0,2.0,2.0,1.0,1.0,7.0,7.0,24.0,24.0,75.0,75.0,6.218e-11,5.318e-11,5.768e-11,25.0,1
1392,3.0,3.0,2.0,1.0,1.0,3.0,2.0,2.0,1.0,1.0,7.0,7.0,24.0,24.0,79.0,79.0,6.222e-11,5.326e-11,5.774e-11,25.0,1
1393,3.0,3.0,2.0,1.0,1.0,3.0,2.0,2.0,1.0,1.0,7.0,7.0,26.0,26.0,71.0,71.0,6.23e-11,5.32e-11,5.775e-11,25.0,1
1394,3.0,3.0,2.0,1.0,1.0,3.0,2.0,2.0,1.0,1.0,7.0,7.0,26.0,26.0,75.0,75.0,6.23e-11,5.325e-11,5.778e-11,25.0,1
1395,3.0,3.0,2.0,1.0,1.0,3.0,2.0,2.0,1.0,1.0,7.0,7.0,26.0,26.0,79.0,79.0,6.233e-11,5.331e-11,5.782e-11,25.0,1
1396,3.0,3.0,2.0,1.0,1.0,3.0,2.0,2.0,1.0,1.0,8.0,8.0,22.0,22.0,71.0,71.0,6.269e-11,5.39e-11,5.83e-11,25.0,1
1397,3.0,3.0,2.0,1.0,1.0,3.0,2.0,2.0,1.0,1.0,8.0,8.0,22.0,22.0,75.0,75.0,6.272e-11,5.398e-11,5.835e-11,25.0,1
1398,3.0,3.0,2.0,1.0,1.0,3.0,2.0,2.0,1.0,1.0,8.0,8.0,22.0,22.0,79.0,79.0,6.278e-11,5.407e-11,5.842e-11,25.0,1
1399,3.0,3.0,2.0,1.0,1.0,3.0,2.0,2.0,1.0,1.0,8.0,8.0,24.0,24.0,71.0,71.0,6.274e-11,5.39e-11,5.832e-11,25.0,1
1400,3.0,3.0,2.0,1.0,1.0,3.0,2.0,2.0,1.0,1.0,8.0,8.0,24.0,24.0,75.0,75.0,6.276e-11,5.396e-11,5.836e-11,25.0,1
1401,3.0,3.0,2.0,1.0,1.0,3.0,2.0,2.0,1.0,1.0,8.0,8.0,24.0,24.0,79.0,79.0,6.279e-11,5.403e-11,5.841e-11,25.0,1
1402,3.0,3.0,2.0,1.0,1.0,3.0,2.0,2.0,1.0,1.0,8.0,8.0,26.0,26.0,71.0,71.0,6.284e-11,5.395e-11,5.84e-11,25.0,1
1403,3.0,3.0,2.0,1.0,1.0,3.0,2.0,2.0,1.0,1.0,8.0,8.0,26.0,26.0,75.0,75.0,6.284e-11,5.4e-11,5.842e-11,25.0,1
1404,3.0,3.0,2.0,1.0,1.0,3.0,2.0,2.0,1.0,1.0,8.0,8.0,26.0,26.0,79.0,79.0,6.286e-11,5.406e-11,5.846e-11,25.0,1
1405,3.0,3.0,2.0,1.0,1.0,3.0,2.0,2.0,2.0,2.0,6.0,6.0,22.0,22.0,71.0,71.0,5.864e-11,4.887e-11,5.376e-11,25.0,1
1406,3.0,3.0,2.0,1.0,1.0,3.0,2.0,2.0,2.0,2.0,6.0,6.0,22.0,22.0,75.0,75.0,5.868e-11,4.896e-11,5.382e-11,25.0,1
1407,3.0,3.0,2.0,1.0,1.0,3.0,2.0,2.0,2.0,2.0,6.0,6.0,22.0,22.0,79.0,79.0,5.874e-11,4.905e-11,5.39e-11,25.0,1
1408,3.0,3.0,2.0,1.0,1.0,3.0,2.0,2.0,2.0,2.0,6.0,6.0,24.0,24.0,71.0,71.0,5.877e-11,4.893e-11,5.385e-11,25.0,1
1409,3.0,3.0,2.0,1.0,1.0,3.0,2.0,2.0,2.0,2.0,6.0,6.0,24.0,24.0,75.0,75.0,5.879e-11,4.899e-11,5.389e-11,25.0,1
1410,3.0,3.0,2.0,1.0,1.0,3.0,2.0,2.0,2.0,2.0,6.0,6.0,24.0,24.0,79.0,79.0,5.883e-11,4.908e-11,5.395e-11,25.0,1
1411,3.0,3.0,2.0,1.0,1.0,3.0,2.0,2.0,2.0,2.0,6.0,6.0,26.0,26.0,71.0,71.0,5.893e-11,4.903e-11,5.398e-11,25.0,1
1412,3.0,3.0,2.0,1.0,1.0,3.0,2.0,2.0,2.0,2.0,6.0,6.0,26.0,26.0,75.0,75.0,5.895e-11,4.909e-11,5.402e-11,25.0,1
1413,3.0,3.0,2.0,1.0,1.0,3.0,2.0,2.0,2.0,2.0,6.0,6.0,26.0,26.0,79.0,79.0,5.898e-11,4.915e-11,5.406e-11,25.0,1
1414,3.0,3.0,2.0,1.0,1.0,3.0,2.0,2.0,2.0,2.0,7.0,7.0,22.0,22.0,71.0,71.0,5.85e-11,4.89e-11,5.37e-11,25.0,1
1415,3.0,3.0,2.0,1.0,1.0,3.0,2.0,2.0,2.0,2.0,7.0,7.0,22.0,22.0,75.0,75.0,5.854e-11,4.898e-11,5.376e-11,25.0,1
1416,3.0,3.0,2.0,1.0,1.0,3.0,2.0,2.0,2.0,2.0,7.0,7.0,22.0,22.0,79.0,79.0,5.86e-11,4.908e-11,5.384e-11,25.0,1
1417,3.0,3.0,2.0,1.0,1.0,3.0,2.0,2.0,2.0,2.0,7.0,7.0,24.0,24.0,71.0,71.0,5.857e-11,4.89e-11,5.374e-11,25.0,1
1418,3.0,3.0,2.0,1.0,1.0,3.0,2.0,2.0,2.0,2.0,7.0,7.0,24.0,24.0,75.0,75.0,5.859e-11,4.897e-11,5.378e-11,25.0,1
1419,3.0,3.0,2.0,1.0,1.0,3.0,2.0,2.0,2.0,2.0,7.0,7.0,24.0,24.0,79.0,79.0,5.863e-11,4.905e-11,5.384e-11,25.0,1
1420,3.0,3.0,2.0,1.0,1.0,3.0,2.0,2.0,2.0,2.0,7.0,7.0,26.0,26.0,71.0,71.0,5.869e-11,4.895e-11,5.382e-11,25.0,1
1421,3.0,3.0,2.0,1.0,1.0,3.0,2.0,2.0,2.0,2.0,7.0,7.0,26.0,26.0,75.0,75.0,5.869e-11,4.901e-11,5.385e-11,25.0,1
1422,3.0,3.0,2.0,1.0,1.0,3.0,2.0,2.0,2.0,2.0,7.0,7.0,26.0,26.0,79.0,79.0,5.872e-11,4.907e-11,5.39e-11,25.0,1
1423,3.0,3.0,2.0,1.0,1.0,3.0,2.0,2.0,2.0,2.0,8.0,8.0,22.0,22.0,71.0,71.0,5.855e-11,4.907e-11,5.381e-11,25.0,1
1424,3.0,3.0,2.0,1.0,1.0,3.0,2.0,2.0,2.0,2.0,8.0,8.0,22.0,22.0,75.0,75.0,5.858e-11,4.915e-11,5.387e-11,25.0,1
1425,3.0,3.0,2.0,1.0,1.0,3.0,2.0,2.0,2.0,2.0,8.0,8.0,22.0,22.0,79.0,79.0,5.863e-11,4.924e-11,5.394e-11,25.0,1
1426,3.0,3.0,2.0,1.0,1.0,3.0,2.0,2.0,2.0,2.0,8.0,8.0,24.0,24.0,71.0,71.0,5.857e-11,4.904e-11,5.381e-11,25.0,1
1427,3.0,3.0,2.0,1.0,1.0,3.0,2.0,2.0,2.0,2.0,8.0,8.0,24.0,24.0,75.0,75.0,5.859e-11,4.91e-11,5.385e-11,25.0,1
1428,3.0,3.0,2.0,1.0,1.0,3.0,2.0,2.0,2.0,2.0,8.0,8.0,24.0,24.0,79.0,79.0,5.863e-11,4.918e-11,5.39e-11,25.0,1
1429,3.0,3.0,2.0,1.0,1.0,3.0,2.0,2.0,2.0,2.0,8.0,8.0,26.0,26.0,71.0,71.0,5.864e-11,4.906e-11,5.385e-11,25.0,1
1430,3.0,3.0,2.0,1.0,1.0,3.0,2.0,2.0,2.0,2.0,8.0,8.0,26.0,26.0,75.0,75.0,5.864e-11,4.911e-11,5.388e-11,25.0,1
1431,3.0,3.0,2.0,1.0,1.0,3.0,2.0,2.0,2.0,2.0,8.0,8.0,26.0,26.0,79.0,79.0,5.867e-11,4.917e-11,5.392e-11,25.0,1
1432,3.0,3.0,2.0,1.0,1.0,3.0,2.0,2.0,3.0,3.0,6.0,6.0,22.0,22.0,71.0,71.0,5.812e-11,4.819e-11,5.316e-11,25.0,1
1433,3.0,3.0,2.0,1.0,1.0,3.0,2.0,2.0,3.0,3.0,6.0,6.0,22.0,22.0,75.0,75.0,5.817e-11,4.827e-11,5.322e-11,25.0,1
1434,3.0,3.0,2.0,1.0,1.0,3.0,2.0,2.0,3.0,3.0,6.0,6.0,22.0,22.0,79.0,79.0,5.822e-11,4.837e-11,5.33e-11,25.0,1
1435,3.0,3.0,2.0,1.0,1.0,3.0,2.0,2.0,3.0,3.0,6.0,6.0,24.0,24.0,71.0,71.0,5.824e-11,4.823e-11,5.324e-11,25.0,1
1436,3.0,3.0,2.0,1.0,1.0,3.0,2.0,2.0,3.0,3.0,6.0,6.0,24.0,24.0,75.0,75.0,5.826e-11,4.83e-11,5.328e-11,25.0,1
1437,3.0,3.0,2.0,1.0,1.0,3.0,2.0,2.0,3.0,3.0,6.0,6.0,24.0,24.0,79.0,79.0,5.831e-11,4.838e-11,5.334e-11,25.0,1
1438,3.0,3.0,2.0,1.0,1.0,3.0,2.0,2.0,3.0,3.0,6.0,6.0,26.0,26.0,71.0,71.0,5.841e-11,4.832e-11,5.336e-11,25.0,1
1439,3.0,3.0,2.0,1.0,1.0,3.0,2.0,2.0,3.0,3.0,6.0,6.0,26.0,26.0,75.0,75.0,5.842e-11,4.837e-11,5.34e-11,25.0,1
1440,3.0,3.0,2.0,1.0,1.0,3.0,2.0,2.0,3.0,3.0,6.0,6.0,26.0,26.0,79.0,79.0,5.845e-11,4.844e-11,5.345e-11,25.0,1
1441,3.0,3.0,2.0,1.0,1.0,3.0,2.0,2.0,3.0,3.0,7.0,7.0,22.0,22.0,71.0,71.0,5.779e-11,4.799e-11,5.289e-11,25.0,1
1442,3.0,3.0,2.0,1.0,1.0,3.0,2.0,2.0,3.0,3.0,7.0,7.0,22.0,22.0,75.0,75.0,5.783e-11,4.808e-11,5.295e-11,25.0,1
1443,3.0,3.0,2.0,1.0,1.0,3.0,2.0,2.0,3.0,3.0,7.0,7.0,22.0,22.0,79.0,79.0,5.789e-11,4.817e-11,5.303e-11,25.0,1
1444,3.0,3.0,2.0,1.0,1.0,3.0,2.0,2.0,3.0,3.0,7.0,7.0,24.0,24.0,71.0,71.0,5.785e-11,4.799e-11,5.292e-11,25.0,1
1445,3.0,3.0,2.0,1.0,1.0,3.0,2.0,2.0,3.0,3.0,7.0,7.0,24.0,24.0,75.0,75.0,5.787e-11,4.805e-11,5.296e-11,25.0,1
1446,3.0,3.0,2.0,1.0,1.0,3.0,2.0,2.0,3.0,3.0,7.0,7.0,24.0,24.0,79.0,79.0,5.792e-11,4.813e-11,5.302e-11,25.0,1
1447,3.0,3.0,2.0,1.0,1.0,3.0,2.0,2.0,3.0,3.0,7.0,7.0,26.0,26.0,71.0,71.0,5.796e-11,4.803e-11,5.299e-11,25.0,1
1448,3.0,3.0,2.0,1.0,1.0,3.0,2.0,2.0,3.0,3.0,7.0,7.0,26.0,26.0,75.0,75.0,5.797e-11,4.808e-11,5.302e-11,25.0,1
1449,3.0,3.0,2.0,1.0,1.0,3.0,2.0,2.0,3.0,3.0,7.0,7.0,26.0,26.0,79.0,79.0,5.8e-11,4.814e-11,5.307e-11,25.0,1
1450,3.0,3.0,2.0,1.0,1.0,3.0,2.0,2.0,3.0,3.0,8.0,8.0,22.0,22.0,71.0,71.0,5.764e-11,4.796e-11,5.28e-11,25.0,1
1451,3.0,3.0,2.0,1.0,1.0,3.0,2.0,2.0,3.0,3.0,8.0,8.0,22.0,22.0,75.0,75.0,5.768e-11,4.804e-11,5.286e-11,25.0,1
1452,3.0,3.0,2.0,1.0,1.0,3.0,2.0,2.0,3.0,3.0,8.0,8.0,22.0,22.0,79.0,79.0,5.773e-11,4.813e-11,5.293e-11,25.0,1
1453,3.0,3.0,2.0,1.0,1.0,3.0,2.0,2.0,3.0,3.0,8.0,8.0,24.0,24.0,71.0,71.0,5.766e-11,4.791e-11,5.279e-11,25.0,1
1454,3.0,3.0,2.0,1.0,1.0,3.0,2.0,2.0,3.0,3.0,8.0,8.0,24.0,24.0,75.0,75.0,5.768e-11,4.797e-11,5.283e-11,25.0,1
1455,3.0,3.0,2.0,1.0,1.0,3.0,2.0,2.0,3.0,3.0,8.0,8.0,24.0,24.0,79.0,79.0,5.771e-11,4.805e-11,5.288e-11,25.0,1
1456,3.0,3.0,2.0,1.0,1.0,3.0,2.0,2.0,3.0,3.0,8.0,8.0,26.0,26.0,71.0,71.0,5.772e-11,4.791e-11,5.282e-11,25.0,1
1457,3.0,3.0,2.0,1.0,1.0,3.0,2.0,2.0,3.0,3.0,8.0,8.0,26.0,26.0,75.0,75.0,5.773e-11,4.797e-11,5.285e-11,25.0,1
1458,3.0,3.0,2.0,1.0,1.0,3.0,2.0,2.0,3.0,3.0,8.0,8.0,26.0,26.0,79.0,79.0,5.775e-11,4.803e-11,5.289e-11,25.0,1
1459,3.0,3.0,2.0,1.0,2.0,6.0,1.0,1.0,1.0,1.0,6.0,6.0,22.0,22.0,71.0,71.0,7.475e-11,5.931e-11,6.703e-11,25.0,1
1460,3.0,3.0,2.0,1.0,2.0,6.0,1.0,1.0,1.0,1.0,6.0,6.0,22.0,22.0,75.0,75.0,7.479e-11,5.939e-11,6.709e-11,25.0,1
1461,3.0,3.0,2.0,1.0,2.0,6.0,1.0,1.0,1.0,1.0,6.0,6.0,22.0,22.0,79.0,79.0,7.484e-11,5.949e-11,6.717e-11,25.0,1
1462,3.0,3.0,2.0,1.0,2.0,6.0,1.0,1.0,1.0,1.0,6.0,6.0,24.0,24.0,71.0,71.0,7.49e-11,5.94e-11,6.715e-11,25.0,1
1463,3.0,3.0,2.0,1.0,2.0,6.0,1.0,1.0,1.0,1.0,6.0,6.0,24.0,24.0,75.0,75.0,7.492e-11,5.947e-11,6.719e-11,25.0,1
1464,3.0,3.0,2.0,1.0,2.0,6.0,1.0,1.0,1.0,1.0,6.0,6.0,24.0,24.0,79.0,79.0,7.496e-11,5.954e-11,6.725e-11,25.0,1
1465,3.0,3.0,2.0,1.0,2.0,6.0,1.0,1.0,1.0,1.0,6.0,6.0,26.0,26.0,71.0,71.0,7.508e-11,5.954e-11,6.731e-11,25.0,1
1466,3.0,3.0,2.0,1.0,2.0,6.0,1.0,1.0,1.0,1.0,6.0,6.0,26.0,26.0,75.0,75.0,7.509e-11,5.959e-11,6.734e-11,25.0,1
1467,3.0,3.0,2.0,1.0,2.0,6.0,1.0,1.0,1.0,1.0,6.0,6.0,26.0,26.0,79.0,79.0,7.512e-11,5.965e-11,6.739e-11,25.0,1
1468,3.0,3.0,2.0,1.0,2.0,6.0,1.0,1.0,1.0,1.0,7.0,7.0,22.0,22.0,71.0,71.0,7.52e-11,5.998e-11,6.759e-11,25.0,1
1469,3.0,3.0,2.0,1.0,2.0,6.0,1.0,1.0,1.0,1.0,7.0,7.0,22.0,22.0,75.0,75.0,7.524e-11,6.007e-11,6.765e-11,25.0,1
1470,3.0,3.0,2.0,1.0,2.0,6.0,1.0,1.0,1.0,1.0,7.0,7.0,22.0,22.0,79.0,79.0,7.529e-11,6.015e-11,6.772e-11,25.0,1
1471,3.0,3.0,2.0,1.0,2.0,6.0,1.0,1.0,1.0,1.0,7.0,7.0,24.0,24.0,71.0,71.0,7.529e-11,6.002e-11,6.766e-11,25.0,1
1472,3.0,3.0,2.0,1.0,2.0,6.0,1.0,1.0,1.0,1.0,7.0,7.0,24.0,24.0,75.0,75.0,7.531e-11,6.008e-11,6.769e-11,25.0,1
1473,3.0,3.0,2.0,1.0,2.0,6.0,1.0,1.0,1.0,1.0,7.0,7.0,24.0,24.0,79.0,79.0,7.535e-11,6.016e-11,6.776e-11,25.0,1
1474,3.0,3.0,2.0,1.0,2.0,6.0,1.0,1.0,1.0,1.0,7.0,7.0,26.0,26.0,71.0,71.0,7.542e-11,6.011e-11,6.776e-11,25.0,1
1475,3.0,3.0,2.0,1.0,2.0,6.0,1.0,1.0,1.0,1.0,7.0,7.0,26.0,26.0,75.0,75.0,7.543e-11,6.016e-11,6.779e-11,25.0,1
1476,3.0,3.0,2.0,1.0,2.0,6.0,1.0,1.0,1.0,1.0,7.0,7.0,26.0,26.0,79.0,79.0,7.545e-11,6.022e-11,6.784e-11,25.0,1
1477,3.0,3.0,2.0,1.0,2.0,6.0,1.0,1.0,1.0,1.0,8.0,8.0,22.0,22.0,71.0,71.0,7.582e-11,6.081e-11,6.832e-11,25.0,1
1478,3.0,3.0,2.0,1.0,2.0,6.0,1.0,1.0,1.0,1.0,8.0,8.0,22.0,22.0,75.0,75.0,7.585e-11,6.089e-11,6.837e-11,25.0,1
1479,3.0,3.0,2.0,1.0,2.0,6.0,1.0,1.0,1.0,1.0,8.0,8.0,22.0,22.0,79.0,79.0,7.591e-11,6.097e-11,6.844e-11,25.0,1
1480,3.0,3.0,2.0,1.0,2.0,6.0,1.0,1.0,1.0,1.0,8.0,8.0,24.0,24.0,71.0,71.0,7.587e-11,6.081e-11,6.834e-11,25.0,1
1481,3.0,3.0,2.0,1.0,2.0,6.0,1.0,1.0,1.0,1.0,8.0,8.0,24.0,24.0,75.0,75.0,7.589e-11,6.087e-11,6.838e-11,25.0,1
1482,3.0,3.0,2.0,1.0,2.0,6.0,1.0,1.0,1.0,1.0,8.0,8.0,24.0,24.0,79.0,79.0,7.592e-11,6.094e-11,6.843e-11,25.0,1
1483,3.0,3.0,2.0,1.0,2.0,6.0,1.0,1.0,1.0,1.0,8.0,8.0,26.0,26.0,71.0,71.0,7.596e-11,6.086e-11,6.841e-11,25.0,1
1484,3.0,3.0,2.0,1.0,2.0,6.0,1.0,1.0,1.0,1.0,8.0,8.0,26.0,26.0,75.0,75.0,7.597e-11,6.09e-11,6.844e-11,25.0,1
1485,3.0,3.0,2.0,1.0,2.0,6.0,1.0,1.0,1.0,1.0,8.0,8.0,26.0,26.0,79.0,79.0,7.599e-11,6.096e-11,6.847e-11,25.0,1
1486,3.0,3.0,2.0,1.0,2.0,6.0,1.0,1.0,2.0,2.0,6.0,6.0,22.0,22.0,71.0,71.0,7.246e-11,5.648e-11,6.447e-11,25.0,1
1487,3.0,3.0,2.0,1.0,2.0,6.0,1.0,1.0,2.0,2.0,6.0,6.0,22.0,22.0,75.0,75.0,7.25e-11,5.657e-11,6.453e-11,25.0,1
1488,3.0,3.0,2.0,1.0,2.0,6.0,1.0,1.0,2.0,2.0,6.0,6.0,22.0,22.0,79.0,79.0,7.256e-11,5.666e-11,6.461e-11,25.0,1
1489,3.0,3.0,2.0,1.0,2.0,6.0,1.0,1.0,2.0,2.0,6.0,6.0,24.0,24.0,71.0,71.0,7.259e-11,5.654e-11,6.456e-11,25.0,1
1490,3.0,3.0,2.0,1.0,2.0,6.0,1.0,1.0,2.0,2.0,6.0,6.0,24.0,24.0,75.0,75.0,7.261e-11,5.66e-11,6.461e-11,25.0,1
1491,3.0,3.0,2.0,1.0,2.0,6.0,1.0,1.0,2.0,2.0,6.0,6.0,24.0,24.0,79.0,79.0,7.265e-11,5.668e-11,6.467e-11,25.0,1
1492,3.0,3.0,2.0,1.0,2.0,6.0,1.0,1.0,2.0,2.0,6.0,6.0,26.0,26.0,71.0,71.0,7.275e-11,5.664e-11,6.47e-11,25.0,1
1493,3.0,3.0,2.0,1.0,2.0,6.0,1.0,1.0,2.0,2.0,6.0,6.0,26.0,26.0,75.0,75.0,7.276e-11,5.669e-11,6.473e-11,25.0,1
1494,3.0,3.0,2.0,1.0,2.0,6.0,1.0,1.0,2.0,2.0,6.0,6.0,26.0,26.0,79.0,79.0,7.28e-11,5.676e-11,6.478e-11,25.0,1
1495,3.0,3.0,2.0,1.0,2.0,6.0,1.0,1.0,2.0,2.0,7.0,7.0,22.0,22.0,71.0,71.0,7.233e-11,5.651e-11,6.442e-11,25.0,1
1496,3.0,3.0,2.0,1.0,2.0,6.0,1.0,1.0,2.0,2.0,7.0,7.0,22.0,22.0,75.0,75.0,7.237e-11,5.659e-11,6.448e-11,25.0,1
1497,3.0,3.0,2.0,1.0,2.0,6.0,1.0,1.0,2.0,2.0,7.0,7.0,22.0,22.0,79.0,79.0,7.243e-11,5.669e-11,6.456e-11,25.0,1
1498,3.0,3.0,2.0,1.0,2.0,6.0,1.0,1.0,2.0,2.0,7.0,7.0,24.0,24.0,71.0,71.0,7.241e-11,5.652e-11,6.446e-11,25.0,1
1499,3.0,3.0,2.0,1.0,2.0,6.0,1.0,1.0,2.0,2.0,7.0,7.0,24.0,24.0,75.0,75.0,7.242e-11,5.658e-11,6.45e-11,25.0,1
1500,3.0,3.0,2.0,1.0,2.0,6.0,1.0,1.0,2.0,2.0,7.0,7.0,24.0,24.0,79.0,79.0,7.246e-11,5.666e-11,6.456e-11,25.0,1
1501,3.0,3.0,2.0,1.0,2.0,6.0,1.0,1.0,2.0,2.0,7.0,7.0,26.0,26.0,71.0,71.0,7.251e-11,5.657e-11,6.454e-11,25.0,1
1502,3.0,3.0,2.0,1.0,2.0,6.0,1.0,1.0,2.0,2.0,7.0,7.0,26.0,26.0,75.0,75.0,7.252e-11,5.662e-11,6.457e-11,25.0,1
1503,3.0,3.0,2.0,1.0,2.0,6.0,1.0,1.0,2.0,2.0,7.0,7.0,26.0,26.0,79.0,79.0,7.255e-11,5.668e-11,6.462e-11,25.0,1
1504,3.0,3.0,2.0,1.0,2.0,6.0,1.0,1.0,2.0,2.0,8.0,8.0,22.0,22.0,71.0,71.0,7.239e-11,5.669e-11,6.454e-11,25.0,1
1505,3.0,3.0,2.0,1.0,2.0,6.0,1.0,1.0,2.0,2.0,8.0,8.0,22.0,22.0,75.0,75.0,7.242e-11,5.677e-11,6.459e-11,25.0,1
1506,3.0,3.0,2.0,1.0,2.0,6.0,1.0,1.0,2.0,2.0,8.0,8.0,22.0,22.0,79.0,79.0,7.248e-11,5.686e-11,6.467e-11,25.0,1
1507,3.0,3.0,2.0,1.0,2.0,6.0,1.0,1.0,2.0,2.0,8.0,8.0,24.0,24.0,71.0,71.0,7.241e-11,5.665e-11,6.453e-11,25.0,1
1508,3.0,3.0,2.0,1.0,2.0,6.0,1.0,1.0,2.0,2.0,8.0,8.0,24.0,24.0,75.0,75.0,7.243e-11,5.672e-11,6.458e-11,25.0,1
1509,3.0,3.0,2.0,1.0,2.0,6.0,1.0,1.0,2.0,2.0,8.0,8.0,24.0,24.0,79.0,79.0,7.247e-11,5.679e-11,6.463e-11,25.0,1
1510,3.0,3.0,2.0,1.0,2.0,6.0,1.0,1.0,2.0,2.0,8.0,8.0,26.0,26.0,71.0,71.0,7.248e-11,5.668e-11,6.458e-11,25.0,1
1511,3.0,3.0,2.0,1.0,2.0,6.0,1.0,1.0,2.0,2.0,8.0,8.0,26.0,26.0,75.0,75.0,7.248e-11,5.672e-11,6.46e-11,25.0,1
1512,3.0,3.0,2.0,1.0,2.0,6.0,1.0,1.0,2.0,2.0,8.0,8.0,26.0,26.0,79.0,79.0,7.251e-11,5.678e-11,6.465e-11,25.0,1
1513,3.0,3.0,2.0,1.0,2.0,6.0,1.0,1.0,3.0,3.0,6.0,6.0,22.0,22.0,71.0,71.0,7.254e-11,5.64e-11,6.447e-11,25.0,1
1514,3.0,3.0,2.0,1.0,2.0,6.0,1.0,1.0,3.0,3.0,6.0,6.0,22.0,22.0,75.0,75.0,7.258e-11,5.649e-11,6.453e-11,25.0,1
1515,3.0,3.0,2.0,1.0,2.0,6.0,1.0,1.0,3.0,3.0,6.0,6.0,22.0,22.0,79.0,79.0,7.264e-11,5.658e-11,6.461e-11,25.0,1
1516,3.0,3.0,2.0,1.0,2.0,6.0,1.0,1.0,3.0,3.0,6.0,6.0,24.0,24.0,71.0,71.0,7.266e-11,5.645e-11,6.455e-11,25.0,1
1517,3.0,3.0,2.0,1.0,2.0,6.0,1.0,1.0,3.0,3.0,6.0,6.0,24.0,24.0,75.0,75.0,7.268e-11,5.651e-11,6.46e-11,25.0,1
1518,3.0,3.0,2.0,1.0,2.0,6.0,1.0,1.0,3.0,3.0,6.0,6.0,24.0,24.0,79.0,79.0,7.272e-11,5.659e-11,6.466e-11,25.0,1
1519,3.0,3.0,2.0,1.0,2.0,6.0,1.0,1.0,3.0,3.0,6.0,6.0,26.0,26.0,71.0,71.0,7.282e-11,5.653e-11,6.468e-11,25.0,1
1520,3.0,3.0,2.0,1.0,2.0,6.0,1.0,1.0,3.0,3.0,6.0,6.0,26.0,26.0,75.0,75.0,7.283e-11,5.659e-11,6.471e-11,25.0,1
1521,3.0,3.0,2.0,1.0,2.0,6.0,1.0,1.0,3.0,3.0,6.0,6.0,26.0,26.0,79.0,79.0,7.286e-11,5.666e-11,6.476e-11,25.0,1
1522,3.0,3.0,2.0,1.0,2.0,6.0,1.0,1.0,3.0,3.0,7.0,7.0,22.0,22.0,71.0,71.0,7.224e-11,5.622e-11,6.423e-11,25.0,1
1523,3.0,3.0,2.0,1.0,2.0,6.0,1.0,1.0,3.0,3.0,7.0,7.0,22.0,22.0,75.0,75.0,7.227e-11,5.631e-11,6.429e-11,25.0,1
1524,3.0,3.0,2.0,1.0,2.0,6.0,1.0,1.0,3.0,3.0,7.0,7.0,22.0,22.0,79.0,79.0,7.233e-11,5.64e-11,6.437e-11,25.0,1
1525,3.0,3.0,2.0,1.0,2.0,6.0,1.0,1.0,3.0,3.0,7.0,7.0,24.0,24.0,71.0,71.0,7.23e-11,5.622e-11,6.426e-11,25.0,1
1526,3.0,3.0,2.0,1.0,2.0,6.0,1.0,1.0,3.0,3.0,7.0,7.0,24.0,24.0,75.0,75.0,7.232e-11,5.628e-11,6.43e-11,25.0,1
1527,3.0,3.0,2.0,1.0,2.0,6.0,1.0,1.0,3.0,3.0,7.0,7.0,24.0,24.0,79.0,79.0,7.236e-11,5.636e-11,6.436e-11,25.0,1
1528,3.0,3.0,2.0,1.0,2.0,6.0,1.0,1.0,3.0,3.0,7.0,7.0,26.0,26.0,71.0,71.0,7.24e-11,5.626e-11,6.433e-11,25.0,1
1529,3.0,3.0,2.0,1.0,2.0,6.0,1.0,1.0,3.0,3.0,7.0,7.0,26.0,26.0,75.0,75.0,7.241e-11,5.63e-11,6.436e-11,25.0,1
1530,3.0,3.0,2.0,1.0,2.0,6.0,1.0,1.0,3.0,3.0,7.0,7.0,26.0,26.0,79.0,79.0,7.244e-11,5.637e-11,6.441e-11,25.0,1
1531,3.0,3.0,2.0,1.0,2.0,6.0,1.0,1.0,3.0,3.0,8.0,8.0,22.0,22.0,71.0,71.0,7.211e-11,5.62e-11,6.415e-11,25.0,1
1532,3.0,3.0,2.0,1.0,2.0,6.0,1.0,1.0,3.0,3.0,8.0,8.0,22.0,22.0,75.0,75.0,7.215e-11,5.628e-11,6.421e-11,25.0,1
1533,3.0,3.0,2.0,1.0,2.0,6.0,1.0,1.0,3.0,3.0,8.0,8.0,22.0,22.0,79.0,79.0,7.22e-11,5.637e-11,6.428e-11,25.0,1
1534,3.0,3.0,2.0,1.0,2.0,6.0,1.0,1.0,3.0,3.0,8.0,8.0,24.0,24.0,71.0,71.0,7.213e-11,5.615e-11,6.414e-11,25.0,1
1535,3.0,3.0,2.0,1.0,2.0,6.0,1.0,1.0,3.0,3.0,8.0,8.0,24.0,24.0,75.0,75.0,7.214e-11,5.621e-11,6.418e-11,25.0,1
1536,3.0,3.0,2.0,1.0,2.0,6.0,1.0,1.0,3.0,3.0,8.0,8.0,24.0,24.0,79.0,79.0,7.218e-11,5.629e-11,6.423e-11,25.0,1
1537,3.0,3.0,2.0,1.0,2.0,6.0,1.0,1.0,3.0,3.0,8.0,8.0,26.0,26.0,71.0,71.0,7.219e-11,5.615e-11,6.417e-11,25.0,1
1538,3.0,3.0,2.0,1.0,2.0,6.0,1.0,1.0,3.0,3.0,8.0,8.0,26.0,26.0,75.0,75.0,7.22e-11,5.62e-11,6.42e-11,25.0,1
1539,3.0,3.0,2.0,1.0,2.0,6.0,1.0,1.0,3.0,3.0,8.0,8.0,26.0,26.0,79.0,79.0,7.221e-11,5.626e-11,6.424e-11,25.0,1
1540,3.0,3.0,2.0,1.0,2.0,6.0,2.0,2.0,1.0,1.0,6.0,6.0,22.0,22.0,71.0,71.0,7.486e-11,5.934e-11,6.71e-11,25.0,1
1541,3.0,3.0,2.0,1.0,2.0,6.0,2.0,2.0,1.0,1.0,6.0,6.0,22.0,22.0,75.0,75.0,7.49e-11,5.942e-11,6.716e-11,25.0,1
1542,3.0,3.0,2.0,1.0,2.0,6.0,2.0,2.0,1.0,1.0,6.0,6.0,22.0,22.0,79.0,79.0,7.495e-11,5.952e-11,6.723e-11,25.0,1
1543,3.0,3.0,2.0,1.0,2.0,6.0,2.0,2.0,1.0,1.0,6.0,6.0,24.0,24.0,71.0,71.0,7.5e-11,5.943e-11,6.722e-11,25.0,1
1544,3.0,3.0,2.0,1.0,2.0,6.0,2.0,2.0,1.0,1.0,6.0,6.0,24.0,24.0,75.0,75.0,7.503e-11,5.95e-11,6.726e-11,25.0,1
1545,3.0,3.0,2.0,1.0,2.0,6.0,2.0,2.0,1.0,1.0,6.0,6.0,24.0,24.0,79.0,79.0,7.507e-11,5.957e-11,6.732e-11,25.0,1
1546,3.0,3.0,2.0,1.0,2.0,6.0,2.0,2.0,1.0,1.0,6.0,6.0,26.0,26.0,71.0,71.0,7.518e-11,5.957e-11,6.738e-11,25.0,1
1547,3.0,3.0,2.0,1.0,2.0,6.0,2.0,2.0,1.0,1.0,6.0,6.0,26.0,26.0,75.0,75.0,7.52e-11,5.961e-11,6.74e-11,25.0,1
1548,3.0,3.0,2.0,1.0,2.0,6.0,2.0,2.0,1.0,1.0,6.0,6.0,26.0,26.0,79.0,79.0,7.523e-11,5.968e-11,6.745e-11,25.0,1
1549,3.0,3.0,2.0,1.0,2.0,6.0,2.0,2.0,1.0,1.0,7.0,7.0,22.0,22.0,71.0,71.0,7.531e-11,6.001e-11,6.766e-11,25.0,1
1550,3.0,3.0,2.0,1.0,2.0,6.0,2.0,2.0,1.0,1.0,7.0,7.0,22.0,22.0,75.0,75.0,7.534e-11,6.009e-11,6.771e-11,25.0,1
1551,3.0,3.0,2.0,1.0,2.0,6.0,2.0,2.0,1.0,1.0,7.0,7.0,22.0,22.0,79.0,79.0,7.539e-11,6.018e-11,6.778e-11,25.0,1
1552,3.0,3.0,2.0,1.0,2.0,6.0,2.0,2.0,1.0,1.0,7.0,7.0,24.0,24.0,71.0,71.0,7.539e-11,6.005e-11,6.772e-11,25.0,1
1553,3.0,3.0,2.0,1.0,2.0,6.0,2.0,2.0,1.0,1.0,7.0,7.0,24.0,24.0,75.0,75.0,7.541e-11,6.011e-11,6.776e-11,25.0,1
1554,3.0,3.0,2.0,1.0,2.0,6.0,2.0,2.0,1.0,1.0,7.0,7.0,24.0,24.0,79.0,79.0,7.545e-11,6.018e-11,6.782e-11,25.0,1
1555,3.0,3.0,2.0,1.0,2.0,6.0,2.0,2.0,1.0,1.0,7.0,7.0,26.0,26.0,71.0,71.0,7.552e-11,6.013e-11,6.783e-11,25.0,1
1556,3.0,3.0,2.0,1.0,2.0,6.0,2.0,2.0,1.0,1.0,7.0,7.0,26.0,26.0,75.0,75.0,7.553e-11,6.018e-11,6.786e-11,25.0,1
1557,3.0,3.0,2.0,1.0,2.0,6.0,2.0,2.0,1.0,1.0,7.0,7.0,26.0,26.0,79.0,79.0,7.556e-11,6.024e-11,6.79e-11,25.0,1
1558,3.0,3.0,2.0,1.0,2.0,6.0,2.0,2.0,1.0,1.0,8.0,8.0,22.0,22.0,71.0,71.0,7.592e-11,6.083e-11,6.838e-11,25.0,1
1559,3.0,3.0,2.0,1.0,2.0,6.0,2.0,2.0,1.0,1.0,8.0,8.0,22.0,22.0,75.0,75.0,7.595e-11,6.091e-11,6.843e-11,25.0,1
1560,3.0,3.0,2.0,1.0,2.0,6.0,2.0,2.0,1.0,1.0,8.0,8.0,22.0,22.0,79.0,79.0,7.6e-11,6.1e-11,6.85e-11,25.0,1
1561,3.0,3.0,2.0,1.0,2.0,6.0,2.0,2.0,1.0,1.0,8.0,8.0,24.0,24.0,71.0,71.0,7.597e-11,6.083e-11,6.84e-11,25.0,1
1562,3.0,3.0,2.0,1.0,2.0,6.0,2.0,2.0,1.0,1.0,8.0,8.0,24.0,24.0,75.0,75.0,7.599e-11,6.089e-11,6.844e-11,25.0,1
1563,3.0,3.0,2.0,1.0,2.0,6.0,2.0,2.0,1.0,1.0,8.0,8.0,24.0,24.0,79.0,79.0,7.602e-11,6.096e-11,6.849e-11,25.0,1
1564,3.0,3.0,2.0,1.0,2.0,6.0,2.0,2.0,1.0,1.0,8.0,8.0,26.0,26.0,71.0,71.0,7.606e-11,6.088e-11,6.847e-11,25.0,1
1565,3.0,3.0,2.0,1.0,2.0,6.0,2.0,2.0,1.0,1.0,8.0,8.0,26.0,26.0,75.0,75.0,7.607e-11,6.093e-11,6.85e-11,25.0,1
1566,3.0,3.0,2.0,1.0,2.0,6.0,2.0,2.0,1.0,1.0,8.0,8.0,26.0,26.0,79.0,79.0,7.609e-11,6.099e-11,6.854e-11,25.0,1
1567,3.0,3.0,2.0,1.0,2.0,6.0,2.0,2.0,2.0,2.0,6.0,6.0,22.0,22.0,71.0,71.0,7.191e-11,5.581e-11,6.386e-11,25.0,1
1568,3.0,3.0,2.0,1.0,2.0,6.0,2.0,2.0,2.0,2.0,6.0,6.0,22.0,22.0,75.0,75.0,7.195e-11,5.589e-11,6.392e-11,25.0,1
1569,3.0,3.0,2.0,1.0,2.0,6.0,2.0,2.0,2.0,2.0,6.0,6.0,22.0,22.0,79.0,79.0,7.201e-11,5.599e-11,6.4e-11,25.0,1
1570,3.0,3.0,2.0,1.0,2.0,6.0,2.0,2.0,2.0,2.0,6.0,6.0,24.0,24.0,71.0,71.0,7.203e-11,5.586e-11,6.395e-11,25.0,1
1571,3.0,3.0,2.0,1.0,2.0,6.0,2.0,2.0,2.0,2.0,6.0,6.0,24.0,24.0,75.0,75.0,7.206e-11,5.593e-11,6.399e-11,25.0,1
1572,3.0,3.0,2.0,1.0,2.0,6.0,2.0,2.0,2.0,2.0,6.0,6.0,24.0,24.0,79.0,79.0,7.21e-11,5.601e-11,6.405e-11,25.0,1
1573,3.0,3.0,2.0,1.0,2.0,6.0,2.0,2.0,2.0,2.0,6.0,6.0,26.0,26.0,71.0,71.0,7.22e-11,5.596e-11,6.408e-11,25.0,1
1574,3.0,3.0,2.0,1.0,2.0,6.0,2.0,2.0,2.0,2.0,6.0,6.0,26.0,26.0,75.0,75.0,7.221e-11,5.601e-11,6.411e-11,25.0,1
1575,3.0,3.0,2.0,1.0,2.0,6.0,2.0,2.0,2.0,2.0,6.0,6.0,26.0,26.0,79.0,79.0,7.225e-11,5.608e-11,6.417e-11,25.0,1
1576,3.0,3.0,2.0,1.0,2.0,6.0,2.0,2.0,2.0,2.0,7.0,7.0,22.0,22.0,71.0,71.0,7.177e-11,5.583e-11,6.38e-11,25.0,1
1577,3.0,3.0,2.0,1.0,2.0,6.0,2.0,2.0,2.0,2.0,7.0,7.0,22.0,22.0,75.0,75.0,7.18e-11,5.591e-11,6.386e-11,25.0,1
1578,3.0,3.0,2.0,1.0,2.0,6.0,2.0,2.0,2.0,2.0,7.0,7.0,22.0,22.0,79.0,79.0,7.186e-11,5.601e-11,6.393e-11,25.0,1
1579,3.0,3.0,2.0,1.0,2.0,6.0,2.0,2.0,2.0,2.0,7.0,7.0,24.0,24.0,71.0,71.0,7.184e-11,5.583e-11,6.384e-11,25.0,1
1580,3.0,3.0,2.0,1.0,2.0,6.0,2.0,2.0,2.0,2.0,7.0,7.0,24.0,24.0,75.0,75.0,7.186e-11,5.59e-11,6.388e-11,25.0,1
1581,3.0,3.0,2.0,1.0,2.0,6.0,2.0,2.0,2.0,2.0,7.0,7.0,24.0,24.0,79.0,79.0,7.19e-11,5.597e-11,6.394e-11,25.0,1
1582,3.0,3.0,2.0,1.0,2.0,6.0,2.0,2.0,2.0,2.0,7.0,7.0,26.0,26.0,71.0,71.0,7.195e-11,5.589e-11,6.392e-11,25.0,1
1583,3.0,3.0,2.0,1.0,2.0,6.0,2.0,2.0,2.0,2.0,7.0,7.0,26.0,26.0,75.0,75.0,7.196e-11,5.594e-11,6.395e-11,25.0,1
1584,3.0,3.0,2.0,1.0,2.0,6.0,2.0,2.0,2.0,2.0,7.0,7.0,26.0,26.0,79.0,79.0,7.198e-11,5.6e-11,6.399e-11,25.0,1
1585,3.0,3.0,2.0,1.0,2.0,6.0,2.0,2.0,2.0,2.0,8.0,8.0,22.0,22.0,71.0,71.0,7.181e-11,5.6e-11,6.391e-11,25.0,1
1586,3.0,3.0,2.0,1.0,2.0,6.0,2.0,2.0,2.0,2.0,8.0,8.0,22.0,22.0,75.0,75.0,7.184e-11,5.608e-11,6.396e-11,25.0,1
1587,3.0,3.0,2.0,1.0,2.0,6.0,2.0,2.0,2.0,2.0,8.0,8.0,22.0,22.0,79.0,79.0,7.189e-11,5.617e-11,6.403e-11,25.0,1
1588,3.0,3.0,2.0,1.0,2.0,6.0,2.0,2.0,2.0,2.0,8.0,8.0,24.0,24.0,71.0,71.0,7.184e-11,5.597e-11,6.39e-11,25.0,1
1589,3.0,3.0,2.0,1.0,2.0,6.0,2.0,2.0,2.0,2.0,8.0,8.0,24.0,24.0,75.0,75.0,7.185e-11,5.603e-11,6.394e-11,25.0,1
1590,3.0,3.0,2.0,1.0,2.0,6.0,2.0,2.0,2.0,2.0,8.0,8.0,24.0,24.0,79.0,79.0,7.189e-11,5.611e-11,6.4e-11,25.0,1
1591,3.0,3.0,2.0,1.0,2.0,6.0,2.0,2.0,2.0,2.0,8.0,8.0,26.0,26.0,71.0,71.0,7.19e-11,5.599e-11,6.395e-11,25.0,1
1592,3.0,3.0,2.0,1.0,2.0,6.0,2.0,2.0,2.0,2.0,8.0,8.0,26.0,26.0,75.0,75.0,7.19e-11,5.604e-11,6.397e-11,25.0,1
1593,3.0,3.0,2.0,1.0,2.0,6.0,2.0,2.0,2.0,2.0,8.0,8.0,26.0,26.0,79.0,79.0,7.193e-11,5.61e-11,6.402e-11,25.0,1
1594,3.0,3.0,2.0,1.0,2.0,6.0,2.0,2.0,3.0,3.0,6.0,6.0,22.0,22.0,71.0,71.0,7.139e-11,5.51e-11,6.325e-11,25.0,1
1595,3.0,3.0,2.0,1.0,2.0,6.0,2.0,2.0,3.0,3.0,6.0,6.0,22.0,22.0,75.0,75.0,7.144e-11,5.518e-11,6.331e-11,25.0,1
1596,3.0,3.0,2.0,1.0,2.0,6.0,2.0,2.0,3.0,3.0,6.0,6.0,22.0,22.0,79.0,79.0,7.149e-11,5.528e-11,6.339e-11,25.0,1
1597,3.0,3.0,2.0,1.0,2.0,6.0,2.0,2.0,3.0,3.0,6.0,6.0,24.0,24.0,71.0,71.0,7.152e-11,5.514e-11,6.333e-11,25.0,1
1598,3.0,3.0,2.0,1.0,2.0,6.0,2.0,2.0,3.0,3.0,6.0,6.0,24.0,24.0,75.0,75.0,7.154e-11,5.521e-11,6.337e-11,25.0,1
1599,3.0,3.0,2.0,1.0,2.0,6.0,2.0,2.0,3.0,3.0,6.0,6.0,24.0,24.0,79.0,79.0,7.158e-11,5.529e-11,6.344e-11,25.0,1
1600,3.0,3.0,2.0,1.0,2.0,6.0,2.0,2.0,3.0,3.0,6.0,6.0,26.0,26.0,71.0,71.0,7.168e-11,5.523e-11,6.346e-11,25.0,1
1601,3.0,3.0,2.0,1.0,2.0,6.0,2.0,2.0,3.0,3.0,6.0,6.0,26.0,26.0,75.0,75.0,7.169e-11,5.529e-11,6.349e-11,25.0,1
1602,3.0,3.0,2.0,1.0,2.0,6.0,2.0,2.0,3.0,3.0,6.0,6.0,26.0,26.0,79.0,79.0,7.172e-11,5.535e-11,6.354e-11,25.0,1
1603,3.0,3.0,2.0,1.0,2.0,6.0,2.0,2.0,3.0,3.0,7.0,7.0,22.0,22.0,71.0,71.0,7.107e-11,5.491e-11,6.299e-11,25.0,1
1604,3.0,3.0,2.0,1.0,2.0,6.0,2.0,2.0,3.0,3.0,7.0,7.0,22.0,22.0,75.0,75.0,7.11e-11,5.499e-11,6.304e-11,25.0,1
1605,3.0,3.0,2.0,1.0,2.0,6.0,2.0,2.0,3.0,3.0,7.0,7.0,22.0,22.0,79.0,79.0,7.116e-11,5.508e-11,6.312e-11,25.0,1
1606,3.0,3.0,2.0,1.0,2.0,6.0,2.0,2.0,3.0,3.0,7.0,7.0,24.0,24.0,71.0,71.0,7.112e-11,5.49e-11,6.301e-11,25.0,1
1607,3.0,3.0,2.0,1.0,2.0,6.0,2.0,2.0,3.0,3.0,7.0,7.0,24.0,24.0,75.0,75.0,7.114e-11,5.496e-11,6.305e-11,25.0,1
1608,3.0,3.0,2.0,1.0,2.0,6.0,2.0,2.0,3.0,3.0,7.0,7.0,24.0,24.0,79.0,79.0,7.118e-11,5.504e-11,6.311e-11,25.0,1
1609,3.0,3.0,2.0,1.0,2.0,6.0,2.0,2.0,3.0,3.0,7.0,7.0,26.0,26.0,71.0,71.0,7.123e-11,5.494e-11,6.308e-11,25.0,1
1610,3.0,3.0,2.0,1.0,2.0,6.0,2.0,2.0,3.0,3.0,7.0,7.0,26.0,26.0,75.0,75.0,7.123e-11,5.499e-11,6.311e-11,25.0,1
1611,3.0,3.0,2.0,1.0,2.0,6.0,2.0,2.0,3.0,3.0,7.0,7.0,26.0,26.0,79.0,79.0,7.126e-11,5.506e-11,6.316e-11,25.0,1
1612,3.0,3.0,2.0,1.0,2.0,6.0,2.0,2.0,3.0,3.0,8.0,8.0,22.0,22.0,71.0,71.0,7.091e-11,5.487e-11,6.289e-11,25.0,1
1613,3.0,3.0,2.0,1.0,2.0,6.0,2.0,2.0,3.0,3.0,8.0,8.0,22.0,22.0,75.0,75.0,7.094e-11,5.495e-11,6.295e-11,25.0,1
1614,3.0,3.0,2.0,1.0,2.0,6.0,2.0,2.0,3.0,3.0,8.0,8.0,22.0,22.0,79.0,79.0,7.1e-11,5.504e-11,6.302e-11,25.0,1
1615,3.0,3.0,2.0,1.0,2.0,6.0,2.0,2.0,3.0,3.0,8.0,8.0,24.0,24.0,71.0,71.0,7.093e-11,5.482e-11,6.287e-11,25.0,1
1616,3.0,3.0,2.0,1.0,2.0,6.0,2.0,2.0,3.0,3.0,8.0,8.0,24.0,24.0,75.0,75.0,7.095e-11,5.488e-11,6.292e-11,25.0,1
1617,3.0,3.0,2.0,1.0,2.0,6.0,2.0,2.0,3.0,3.0,8.0,8.0,24.0,24.0,79.0,79.0,7.098e-11,5.496e-11,6.297e-11,25.0,1
1618,3.0,3.0,2.0,1.0,2.0,6.0,2.0,2.0,3.0,3.0,8.0,8.0,26.0,26.0,71.0,71.0,7.099e-11,5.483e-11,6.291e-11,25.0,1
1619,3.0,3.0,2.0,1.0,2.0,6.0,2.0,2.0,3.0,3.0,8.0,8.0,26.0,26.0,75.0,75.0,7.1e-11,5.488e-11,6.294e-11,25.0,1
1620,3.0,3.0,2.0,1.0,2.0,6.0,2.0,2.0,3.0,3.0,8.0,8.0,26.0,26.0,79.0,79.0,7.101e-11,5.494e-11,6.297e-11,25.0,1
1621,3.0,3.0,3.0,2.0,1.0,3.0,1.0,1.0,1.0,1.0,6.0,6.0,22.0,22.0,71.0,71.0,5.635e-11,5.259e-11,5.447e-11,25.0,1
1622,3.0,3.0,3.0,2.0,1.0,3.0,1.0,1.0,1.0,1.0,6.0,6.0,22.0,22.0,75.0,75.0,5.638e-11,5.266e-11,5.452e-11,25.0,1
1623,3.0,3.0,3.0,2.0,1.0,3.0,1.0,1.0,1.0,1.0,6.0,6.0,22.0,22.0,79.0,79.0,5.644e-11,5.276e-11,5.46e-11,25.0,1
1624,3.0,3.0,3.0,2.0,1.0,3.0,1.0,1.0,1.0,1.0,6.0,6.0,24.0,24.0,71.0,71.0,5.649e-11,5.267e-11,5.458e-11,25.0,1
1625,3.0,3.0,3.0,2.0,1.0,3.0,1.0,1.0,1.0,1.0,6.0,6.0,24.0,24.0,75.0,75.0,5.651e-11,5.274e-11,5.462e-11,25.0,1
1626,3.0,3.0,3.0,2.0,1.0,3.0,1.0,1.0,1.0,1.0,6.0,6.0,24.0,24.0,79.0,79.0,5.655e-11,5.281e-11,5.468e-11,25.0,1
1627,3.0,3.0,3.0,2.0,1.0,3.0,1.0,1.0,1.0,1.0,6.0,6.0,26.0,26.0,71.0,71.0,5.668e-11,5.281e-11,5.474e-11,25.0,1
1628,3.0,3.0,3.0,2.0,1.0,3.0,1.0,1.0,1.0,1.0,6.0,6.0,26.0,26.0,75.0,75.0,5.668e-11,5.286e-11,5.477e-11,25.0,1
1629,3.0,3.0,3.0,2.0,1.0,3.0,1.0,1.0,1.0,1.0,6.0,6.0,26.0,26.0,79.0,79.0,5.671e-11,5.292e-11,5.482e-11,25.0,1
1630,3.0,3.0,3.0,2.0,1.0,3.0,1.0,1.0,1.0,1.0,7.0,7.0,22.0,22.0,71.0,71.0,5.68e-11,5.325e-11,5.502e-11,25.0,1
1631,3.0,3.0,3.0,2.0,1.0,3.0,1.0,1.0,1.0,1.0,7.0,7.0,22.0,22.0,75.0,75.0,5.682e-11,5.333e-11,5.508e-11,25.0,1
1632,3.0,3.0,3.0,2.0,1.0,3.0,1.0,1.0,1.0,1.0,7.0,7.0,22.0,22.0,79.0,79.0,5.689e-11,5.342e-11,5.515e-11,25.0,1
1633,3.0,3.0,3.0,2.0,1.0,3.0,1.0,1.0,1.0,1.0,7.0,7.0,24.0,24.0,71.0,71.0,5.689e-11,5.329e-11,5.509e-11,25.0,1
1634,3.0,3.0,3.0,2.0,1.0,3.0,1.0,1.0,1.0,1.0,7.0,7.0,24.0,24.0,75.0,75.0,5.691e-11,5.335e-11,5.513e-11,25.0,1
1635,3.0,3.0,3.0,2.0,1.0,3.0,1.0,1.0,1.0,1.0,7.0,7.0,24.0,24.0,79.0,79.0,5.694e-11,5.343e-11,5.519e-11,25.0,1
1636,3.0,3.0,3.0,2.0,1.0,3.0,1.0,1.0,1.0,1.0,7.0,7.0,26.0,26.0,71.0,71.0,5.701e-11,5.337e-11,5.519e-11,25.0,1
1637,3.0,3.0,3.0,2.0,1.0,3.0,1.0,1.0,1.0,1.0,7.0,7.0,26.0,26.0,75.0,75.0,5.702e-11,5.342e-11,5.522e-11,25.0,1
1638,3.0,3.0,3.0,2.0,1.0,3.0,1.0,1.0,1.0,1.0,7.0,7.0,26.0,26.0,79.0,79.0,5.705e-11,5.348e-11,5.527e-11,25.0,1
1639,3.0,3.0,3.0,2.0,1.0,3.0,1.0,1.0,1.0,1.0,8.0,8.0,22.0,22.0,71.0,71.0,5.741e-11,5.407e-11,5.574e-11,25.0,1
1640,3.0,3.0,3.0,2.0,1.0,3.0,1.0,1.0,1.0,1.0,8.0,8.0,22.0,22.0,75.0,75.0,5.745e-11,5.415e-11,5.58e-11,25.0,1
1641,3.0,3.0,3.0,2.0,1.0,3.0,1.0,1.0,1.0,1.0,8.0,8.0,22.0,22.0,79.0,79.0,5.75e-11,5.424e-11,5.587e-11,25.0,1
1642,3.0,3.0,3.0,2.0,1.0,3.0,1.0,1.0,1.0,1.0,8.0,8.0,24.0,24.0,71.0,71.0,5.747e-11,5.407e-11,5.577e-11,25.0,1
1643,3.0,3.0,3.0,2.0,1.0,3.0,1.0,1.0,1.0,1.0,8.0,8.0,24.0,24.0,75.0,75.0,5.748e-11,5.413e-11,5.58e-11,25.0,1
1644,3.0,3.0,3.0,2.0,1.0,3.0,1.0,1.0,1.0,1.0,8.0,8.0,24.0,24.0,79.0,79.0,5.752e-11,5.42e-11,5.586e-11,25.0,1
1645,3.0,3.0,3.0,2.0,1.0,3.0,1.0,1.0,1.0,1.0,8.0,8.0,26.0,26.0,71.0,71.0,5.755e-11,5.412e-11,5.584e-11,25.0,1
1646,3.0,3.0,3.0,2.0,1.0,3.0,1.0,1.0,1.0,1.0,8.0,8.0,26.0,26.0,75.0,75.0,5.756e-11,5.417e-11,5.586e-11,25.0,1
1647,3.0,3.0,3.0,2.0,1.0,3.0,1.0,1.0,1.0,1.0,8.0,8.0,26.0,26.0,79.0,79.0,5.758e-11,5.423e-11,5.59e-11,25.0,1
1648,3.0,3.0,3.0,2.0,1.0,3.0,1.0,1.0,2.0,2.0,6.0,6.0,22.0,22.0,71.0,71.0,5.404e-11,4.972e-11,5.188e-11,25.0,1
1649,3.0,3.0,3.0,2.0,1.0,3.0,1.0,1.0,2.0,2.0,6.0,6.0,22.0,22.0,75.0,75.0,5.407e-11,4.981e-11,5.194e-11,25.0,1
1650,3.0,3.0,3.0,2.0,1.0,3.0,1.0,1.0,2.0,2.0,6.0,6.0,22.0,22.0,79.0,79.0,5.413e-11,4.99e-11,5.201e-11,25.0,1
1651,3.0,3.0,3.0,2.0,1.0,3.0,1.0,1.0,2.0,2.0,6.0,6.0,24.0,24.0,71.0,71.0,5.415e-11,4.977e-11,5.196e-11,25.0,1
1652,3.0,3.0,3.0,2.0,1.0,3.0,1.0,1.0,2.0,2.0,6.0,6.0,24.0,24.0,75.0,75.0,5.418e-11,4.985e-11,5.202e-11,25.0,1
1653,3.0,3.0,3.0,2.0,1.0,3.0,1.0,1.0,2.0,2.0,6.0,6.0,24.0,24.0,79.0,79.0,5.422e-11,4.992e-11,5.207e-11,25.0,1
1654,3.0,3.0,3.0,2.0,1.0,3.0,1.0,1.0,2.0,2.0,6.0,6.0,26.0,26.0,71.0,71.0,5.433e-11,4.988e-11,5.21e-11,25.0,1
1655,3.0,3.0,3.0,2.0,1.0,3.0,1.0,1.0,2.0,2.0,6.0,6.0,26.0,26.0,75.0,75.0,5.434e-11,4.993e-11,5.214e-11,25.0,1
1656,3.0,3.0,3.0,2.0,1.0,3.0,1.0,1.0,2.0,2.0,6.0,6.0,26.0,26.0,79.0,79.0,5.437e-11,5e-11,5.219e-11,25.0,1
1657,3.0,3.0,3.0,2.0,1.0,3.0,1.0,1.0,2.0,2.0,7.0,7.0,22.0,22.0,71.0,71.0,5.392e-11,4.976e-11,5.184e-11,25.0,1
1658,3.0,3.0,3.0,2.0,1.0,3.0,1.0,1.0,2.0,2.0,7.0,7.0,22.0,22.0,75.0,75.0,5.395e-11,4.984e-11,5.189e-11,25.0,1
1659,3.0,3.0,3.0,2.0,1.0,3.0,1.0,1.0,2.0,2.0,7.0,7.0,22.0,22.0,79.0,79.0,5.401e-11,4.993e-11,5.197e-11,25.0,1
1660,3.0,3.0,3.0,2.0,1.0,3.0,1.0,1.0,2.0,2.0,7.0,7.0,24.0,24.0,71.0,71.0,5.398e-11,4.976e-11,5.187e-11,25.0,1
1661,3.0,3.0,3.0,2.0,1.0,3.0,1.0,1.0,2.0,2.0,7.0,7.0,24.0,24.0,75.0,75.0,5.4e-11,4.982e-11,5.191e-11,25.0,1
1662,3.0,3.0,3.0,2.0,1.0,3.0,1.0,1.0,2.0,2.0,7.0,7.0,24.0,24.0,79.0,79.0,5.404e-11,4.99e-11,5.197e-11,25.0,1
1663,3.0,3.0,3.0,2.0,1.0,3.0,1.0,1.0,2.0,2.0,7.0,7.0,26.0,26.0,71.0,71.0,5.409e-11,4.982e-11,5.195e-11,25.0,1
1664,3.0,3.0,3.0,2.0,1.0,3.0,1.0,1.0,2.0,2.0,7.0,7.0,26.0,26.0,75.0,75.0,5.41e-11,4.986e-11,5.198e-11,25.0,1
1665,3.0,3.0,3.0,2.0,1.0,3.0,1.0,1.0,2.0,2.0,7.0,7.0,26.0,26.0,79.0,79.0,5.412e-11,4.993e-11,5.203e-11,25.0,1
1666,3.0,3.0,3.0,2.0,1.0,3.0,1.0,1.0,2.0,2.0,8.0,8.0,22.0,22.0,71.0,71.0,5.397e-11,4.994e-11,5.195e-11,25.0,1
1667,3.0,3.0,3.0,2.0,1.0,3.0,1.0,1.0,2.0,2.0,8.0,8.0,22.0,22.0,75.0,75.0,5.401e-11,5.001e-11,5.201e-11,25.0,1
1668,3.0,3.0,3.0,2.0,1.0,3.0,1.0,1.0,2.0,2.0,8.0,8.0,22.0,22.0,79.0,79.0,5.405e-11,5.01e-11,5.208e-11,25.0,1
1669,3.0,3.0,3.0,2.0,1.0,3.0,1.0,1.0,2.0,2.0,8.0,8.0,24.0,24.0,71.0,71.0,5.399e-11,4.99e-11,5.195e-11,25.0,1
1670,3.0,3.0,3.0,2.0,1.0,3.0,1.0,1.0,2.0,2.0,8.0,8.0,24.0,24.0,75.0,75.0,5.401e-11,4.997e-11,5.199e-11,25.0,1
1671,3.0,3.0,3.0,2.0,1.0,3.0,1.0,1.0,2.0,2.0,8.0,8.0,24.0,24.0,79.0,79.0,5.404e-11,5.004e-11,5.204e-11,25.0,1
1672,3.0,3.0,3.0,2.0,1.0,3.0,1.0,1.0,2.0,2.0,8.0,8.0,26.0,26.0,71.0,71.0,5.407e-11,4.992e-11,5.199e-11,25.0,1
1673,3.0,3.0,3.0,2.0,1.0,3.0,1.0,1.0,2.0,2.0,8.0,8.0,26.0,26.0,75.0,75.0,5.407e-11,4.997e-11,5.202e-11,25.0,1
1674,3.0,3.0,3.0,2.0,1.0,3.0,1.0,1.0,2.0,2.0,8.0,8.0,26.0,26.0,79.0,79.0,5.409e-11,5.003e-11,5.206e-11,25.0,1
1675,3.0,3.0,3.0,2.0,1.0,3.0,1.0,1.0,3.0,3.0,6.0,6.0,22.0,22.0,71.0,71.0,5.412e-11,4.962e-11,5.187e-11,25.0,1
1676,3.0,3.0,3.0,2.0,1.0,3.0,1.0,1.0,3.0,3.0,6.0,6.0,22.0,22.0,75.0,75.0,5.417e-11,4.971e-11,5.194e-11,25.0,1
1677,3.0,3.0,3.0,2.0,1.0,3.0,1.0,1.0,3.0,3.0,6.0,6.0,22.0,22.0,79.0,79.0,5.422e-11,4.98e-11,5.201e-11,25.0,1
1678,3.0,3.0,3.0,2.0,1.0,3.0,1.0,1.0,3.0,3.0,6.0,6.0,24.0,24.0,71.0,71.0,5.424e-11,4.966e-11,5.195e-11,25.0,1
1679,3.0,3.0,3.0,2.0,1.0,3.0,1.0,1.0,3.0,3.0,6.0,6.0,24.0,24.0,75.0,75.0,5.427e-11,4.973e-11,5.2e-11,25.0,1
1680,3.0,3.0,3.0,2.0,1.0,3.0,1.0,1.0,3.0,3.0,6.0,6.0,24.0,24.0,79.0,79.0,5.431e-11,4.981e-11,5.206e-11,25.0,1
1681,3.0,3.0,3.0,2.0,1.0,3.0,1.0,1.0,3.0,3.0,6.0,6.0,26.0,26.0,71.0,71.0,5.441e-11,4.976e-11,5.208e-11,25.0,1
1682,3.0,3.0,3.0,2.0,1.0,3.0,1.0,1.0,3.0,3.0,6.0,6.0,26.0,26.0,75.0,75.0,5.441e-11,4.981e-11,5.211e-11,25.0,1
1683,3.0,3.0,3.0,2.0,1.0,3.0,1.0,1.0,3.0,3.0,6.0,6.0,26.0,26.0,79.0,79.0,5.445e-11,4.988e-11,5.217e-11,25.0,1
1684,3.0,3.0,3.0,2.0,1.0,3.0,1.0,1.0,3.0,3.0,7.0,7.0,22.0,22.0,71.0,71.0,5.382e-11,4.945e-11,5.163e-11,25.0,1
1685,3.0,3.0,3.0,2.0,1.0,3.0,1.0,1.0,3.0,3.0,7.0,7.0,22.0,22.0,75.0,75.0,5.386e-11,4.953e-11,5.17e-11,25.0,1
1686,3.0,3.0,3.0,2.0,1.0,3.0,1.0,1.0,3.0,3.0,7.0,7.0,22.0,22.0,79.0,79.0,5.392e-11,4.962e-11,5.177e-11,25.0,1
1687,3.0,3.0,3.0,2.0,1.0,3.0,1.0,1.0,3.0,3.0,7.0,7.0,24.0,24.0,71.0,71.0,5.388e-11,4.944e-11,5.166e-11,25.0,1
1688,3.0,3.0,3.0,2.0,1.0,3.0,1.0,1.0,3.0,3.0,7.0,7.0,24.0,24.0,75.0,75.0,5.39e-11,4.95e-11,5.17e-11,25.0,1
1689,3.0,3.0,3.0,2.0,1.0,3.0,1.0,1.0,3.0,3.0,7.0,7.0,24.0,24.0,79.0,79.0,5.394e-11,4.958e-11,5.176e-11,25.0,1
1690,3.0,3.0,3.0,2.0,1.0,3.0,1.0,1.0,3.0,3.0,7.0,7.0,26.0,26.0,71.0,71.0,5.399e-11,4.948e-11,5.173e-11,25.0,1
1691,3.0,3.0,3.0,2.0,1.0,3.0,1.0,1.0,3.0,3.0,7.0,7.0,26.0,26.0,75.0,75.0,5.4e-11,4.953e-11,5.176e-11,25.0,1
1692,3.0,3.0,3.0,2.0,1.0,3.0,1.0,1.0,3.0,3.0,7.0,7.0,26.0,26.0,79.0,79.0,5.402e-11,4.959e-11,5.181e-11,25.0,1
1693,3.0,3.0,3.0,2.0,1.0,3.0,1.0,1.0,3.0,3.0,8.0,8.0,22.0,22.0,71.0,71.0,5.37e-11,4.943e-11,5.156e-11,25.0,1
1694,3.0,3.0,3.0,2.0,1.0,3.0,1.0,1.0,3.0,3.0,8.0,8.0,22.0,22.0,75.0,75.0,5.373e-11,4.951e-11,5.162e-11,25.0,1
1695,3.0,3.0,3.0,2.0,1.0,3.0,1.0,1.0,3.0,3.0,8.0,8.0,22.0,22.0,79.0,79.0,5.379e-11,4.96e-11,5.169e-11,25.0,1
1696,3.0,3.0,3.0,2.0,1.0,3.0,1.0,1.0,3.0,3.0,8.0,8.0,24.0,24.0,71.0,71.0,5.372e-11,4.938e-11,5.155e-11,25.0,1
1697,3.0,3.0,3.0,2.0,1.0,3.0,1.0,1.0,3.0,3.0,8.0,8.0,24.0,24.0,75.0,75.0,5.373e-11,4.944e-11,5.159e-11,25.0,1
1698,3.0,3.0,3.0,2.0,1.0,3.0,1.0,1.0,3.0,3.0,8.0,8.0,24.0,24.0,79.0,79.0,5.377e-11,4.952e-11,5.165e-11,25.0,1
1699,3.0,3.0,3.0,2.0,1.0,3.0,1.0,1.0,3.0,3.0,8.0,8.0,26.0,26.0,71.0,71.0,5.377e-11,4.938e-11,5.157e-11,25.0,1
1700,3.0,3.0,3.0,2.0,1.0,3.0,1.0,1.0,3.0,3.0,8.0,8.0,26.0,26.0,75.0,75.0,5.378e-11,4.943e-11,5.16e-11,25.0,1
1701,3.0,3.0,3.0,2.0,1.0,3.0,1.0,1.0,3.0,3.0,8.0,8.0,26.0,26.0,79.0,79.0,5.38e-11,4.949e-11,5.165e-11,25.0,1
1702,3.0,3.0,3.0,2.0,1.0,3.0,2.0,2.0,1.0,1.0,6.0,6.0,22.0,22.0,71.0,71.0,5.689e-11,5.296e-11,5.493e-11,25.0,1
1703,3.0,3.0,3.0,2.0,1.0,3.0,2.0,2.0,1.0,1.0,6.0,6.0,22.0,22.0,75.0,75.0,5.693e-11,5.304e-11,5.498e-11,25.0,1
1704,3.0,3.0,3.0,2.0,1.0,3.0,2.0,2.0,1.0,1.0,6.0,6.0,22.0,22.0,79.0,79.0,5.698e-11,5.313e-11,5.506e-11,25.0,1
1705,3.0,3.0,3.0,2.0,1.0,3.0,2.0,2.0,1.0,1.0,6.0,6.0,24.0,24.0,71.0,71.0,5.704e-11,5.305e-11,5.504e-11,25.0,1
1706,3.0,3.0,3.0,2.0,1.0,3.0,2.0,2.0,1.0,1.0,6.0,6.0,24.0,24.0,75.0,75.0,5.706e-11,5.311e-11,5.508e-11,25.0,1
1707,3.0,3.0,3.0,2.0,1.0,3.0,2.0,2.0,1.0,1.0,6.0,6.0,24.0,24.0,79.0,79.0,5.71e-11,5.319e-11,5.514e-11,25.0,1
1708,3.0,3.0,3.0,2.0,1.0,3.0,2.0,2.0,1.0,1.0,6.0,6.0,26.0,26.0,71.0,71.0,5.722e-11,5.318e-11,5.52e-11,25.0,1
1709,3.0,3.0,3.0,2.0,1.0,3.0,2.0,2.0,1.0,1.0,6.0,6.0,26.0,26.0,75.0,75.0,5.722e-11,5.323e-11,5.523e-11,25.0,1
1710,3.0,3.0,3.0,2.0,1.0,3.0,2.0,2.0,1.0,1.0,6.0,6.0,26.0,26.0,79.0,79.0,5.726e-11,5.329e-11,5.528e-11,25.0,1
1711,3.0,3.0,3.0,2.0,1.0,3.0,2.0,2.0,1.0,1.0,7.0,7.0,22.0,22.0,71.0,71.0,5.733e-11,5.363e-11,5.548e-11,25.0,1
1712,3.0,3.0,3.0,2.0,1.0,3.0,2.0,2.0,1.0,1.0,7.0,7.0,22.0,22.0,75.0,75.0,5.737e-11,5.37e-11,5.553e-11,25.0,1
1713,3.0,3.0,3.0,2.0,1.0,3.0,2.0,2.0,1.0,1.0,7.0,7.0,22.0,22.0,79.0,79.0,5.742e-11,5.379e-11,5.561e-11,25.0,1
1714,3.0,3.0,3.0,2.0,1.0,3.0,2.0,2.0,1.0,1.0,7.0,7.0,24.0,24.0,71.0,71.0,5.743e-11,5.366e-11,5.554e-11,25.0,1
1715,3.0,3.0,3.0,2.0,1.0,3.0,2.0,2.0,1.0,1.0,7.0,7.0,24.0,24.0,75.0,75.0,5.745e-11,5.372e-11,5.558e-11,25.0,1
1716,3.0,3.0,3.0,2.0,1.0,3.0,2.0,2.0,1.0,1.0,7.0,7.0,24.0,24.0,79.0,79.0,5.748e-11,5.38e-11,5.564e-11,25.0,1
1717,3.0,3.0,3.0,2.0,1.0,3.0,2.0,2.0,1.0,1.0,7.0,7.0,26.0,26.0,71.0,71.0,5.756e-11,5.375e-11,5.565e-11,25.0,1
1718,3.0,3.0,3.0,2.0,1.0,3.0,2.0,2.0,1.0,1.0,7.0,7.0,26.0,26.0,75.0,75.0,5.756e-11,5.38e-11,5.568e-11,25.0,1
1719,3.0,3.0,3.0,2.0,1.0,3.0,2.0,2.0,1.0,1.0,7.0,7.0,26.0,26.0,79.0,79.0,5.759e-11,5.386e-11,5.572e-11,25.0,1
1720,3.0,3.0,3.0,2.0,1.0,3.0,2.0,2.0,1.0,1.0,8.0,8.0,22.0,22.0,71.0,71.0,5.795e-11,5.444e-11,5.62e-11,25.0,1
1721,3.0,3.0,3.0,2.0,1.0,3.0,2.0,2.0,1.0,1.0,8.0,8.0,22.0,22.0,75.0,75.0,5.798e-11,5.452e-11,5.625e-11,25.0,1
1722,3.0,3.0,3.0,2.0,1.0,3.0,2.0,2.0,1.0,1.0,8.0,8.0,22.0,22.0,79.0,79.0,5.804e-11,5.461e-11,5.632e-11,25.0,1
1723,3.0,3.0,3.0,2.0,1.0,3.0,2.0,2.0,1.0,1.0,8.0,8.0,24.0,24.0,71.0,71.0,5.801e-11,5.444e-11,5.623e-11,25.0,1
1724,3.0,3.0,3.0,2.0,1.0,3.0,2.0,2.0,1.0,1.0,8.0,8.0,24.0,24.0,75.0,75.0,5.802e-11,5.45e-11,5.626e-11,25.0,1
1725,3.0,3.0,3.0,2.0,1.0,3.0,2.0,2.0,1.0,1.0,8.0,8.0,24.0,24.0,79.0,79.0,5.805e-11,5.458e-11,5.632e-11,25.0,1
1726,3.0,3.0,3.0,2.0,1.0,3.0,2.0,2.0,1.0,1.0,8.0,8.0,26.0,26.0,71.0,71.0,5.809e-11,5.45e-11,5.629e-11,25.0,1
1727,3.0,3.0,3.0,2.0,1.0,3.0,2.0,2.0,1.0,1.0,8.0,8.0,26.0,26.0,75.0,75.0,5.81e-11,5.454e-11,5.632e-11,25.0,1
1728,3.0,3.0,3.0,2.0,1.0,3.0,2.0,2.0,1.0,1.0,8.0,8.0,26.0,26.0,79.0,79.0,5.812e-11,5.46e-11,5.636e-11,25.0,1
1729,3.0,3.0,3.0,2.0,1.0,3.0,2.0,2.0,2.0,2.0,6.0,6.0,22.0,22.0,71.0,71.0,5.389e-11,4.941e-11,5.165e-11,25.0,1
1730,3.0,3.0,3.0,2.0,1.0,3.0,2.0,2.0,2.0,2.0,6.0,6.0,22.0,22.0,75.0,75.0,5.392e-11,4.949e-11,5.171e-11,25.0,1
1731,3.0,3.0,3.0,2.0,1.0,3.0,2.0,2.0,2.0,2.0,6.0,6.0,22.0,22.0,79.0,79.0,5.399e-11,4.959e-11,5.179e-11,25.0,1
1732,3.0,3.0,3.0,2.0,1.0,3.0,2.0,2.0,2.0,2.0,6.0,6.0,24.0,24.0,71.0,71.0,5.402e-11,4.946e-11,5.174e-11,25.0,1
1733,3.0,3.0,3.0,2.0,1.0,3.0,2.0,2.0,2.0,2.0,6.0,6.0,24.0,24.0,75.0,75.0,5.404e-11,4.953e-11,5.179e-11,25.0,1
1734,3.0,3.0,3.0,2.0,1.0,3.0,2.0,2.0,2.0,2.0,6.0,6.0,24.0,24.0,79.0,79.0,5.408e-11,4.961e-11,5.184e-11,25.0,1
1735,3.0,3.0,3.0,2.0,1.0,3.0,2.0,2.0,2.0,2.0,6.0,6.0,26.0,26.0,71.0,71.0,5.418e-11,4.957e-11,5.187e-11,25.0,1
1736,3.0,3.0,3.0,2.0,1.0,3.0,2.0,2.0,2.0,2.0,6.0,6.0,26.0,26.0,75.0,75.0,5.42e-11,4.962e-11,5.191e-11,25.0,1
1737,3.0,3.0,3.0,2.0,1.0,3.0,2.0,2.0,2.0,2.0,6.0,6.0,26.0,26.0,79.0,79.0,5.422e-11,4.968e-11,5.195e-11,25.0,1
1738,3.0,3.0,3.0,2.0,1.0,3.0,2.0,2.0,2.0,2.0,7.0,7.0,22.0,22.0,71.0,71.0,5.375e-11,4.944e-11,5.159e-11,25.0,1
1739,3.0,3.0,3.0,2.0,1.0,3.0,2.0,2.0,2.0,2.0,7.0,7.0,22.0,22.0,75.0,75.0,5.379e-11,4.952e-11,5.165e-11,25.0,1
1740,3.0,3.0,3.0,2.0,1.0,3.0,2.0,2.0,2.0,2.0,7.0,7.0,22.0,22.0,79.0,79.0,5.384e-11,4.961e-11,5.173e-11,25.0,1
1741,3.0,3.0,3.0,2.0,1.0,3.0,2.0,2.0,2.0,2.0,7.0,7.0,24.0,24.0,71.0,71.0,5.382e-11,4.944e-11,5.163e-11,25.0,1
1742,3.0,3.0,3.0,2.0,1.0,3.0,2.0,2.0,2.0,2.0,7.0,7.0,24.0,24.0,75.0,75.0,5.384e-11,4.95e-11,5.167e-11,25.0,1
1743,3.0,3.0,3.0,2.0,1.0,3.0,2.0,2.0,2.0,2.0,7.0,7.0,24.0,24.0,79.0,79.0,5.388e-11,4.958e-11,5.173e-11,25.0,1
1744,3.0,3.0,3.0,2.0,1.0,3.0,2.0,2.0,2.0,2.0,7.0,7.0,26.0,26.0,71.0,71.0,5.393e-11,4.949e-11,5.171e-11,25.0,1
1745,3.0,3.0,3.0,2.0,1.0,3.0,2.0,2.0,2.0,2.0,7.0,7.0,26.0,26.0,75.0,75.0,5.394e-11,4.954e-11,5.174e-11,25.0,1
1746,3.0,3.0,3.0,2.0,1.0,3.0,2.0,2.0,2.0,2.0,7.0,7.0,26.0,26.0,79.0,79.0,5.396e-11,4.961e-11,5.179e-11,25.0,1
1747,3.0,3.0,3.0,2.0,1.0,3.0,2.0,2.0,2.0,2.0,8.0,8.0,22.0,22.0,71.0,71.0,5.379e-11,4.961e-11,5.17e-11,25.0,1
1748,3.0,3.0,3.0,2.0,1.0,3.0,2.0,2.0,2.0,2.0,8.0,8.0,22.0,22.0,75.0,75.0,5.383e-11,4.969e-11,5.176e-11,25.0,1
1749,3.0,3.0,3.0,2.0,1.0,3.0,2.0,2.0,2.0,2.0,8.0,8.0,22.0,22.0,79.0,79.0,5.388e-11,4.978e-11,5.183e-11,25.0,1
1750,3.0,3.0,3.0,2.0,1.0,3.0,2.0,2.0,2.0,2.0,8.0,8.0,24.0,24.0,71.0,71.0,5.382e-11,4.958e-11,5.17e-11,25.0,1
1751,3.0,3.0,3.0,2.0,1.0,3.0,2.0,2.0,2.0,2.0,8.0,8.0,24.0,24.0,75.0,75.0,5.384e-11,4.964e-11,5.174e-11,25.0,1
1752,3.0,3.0,3.0,2.0,1.0,3.0,2.0,2.0,2.0,2.0,8.0,8.0,24.0,24.0,79.0,79.0,5.387e-11,4.972e-11,5.179e-11,25.0,1
1753,3.0,3.0,3.0,2.0,1.0,3.0,2.0,2.0,2.0,2.0,8.0,8.0,26.0,26.0,71.0,71.0,5.388e-11,4.96e-11,5.174e-11,25.0,1
1754,3.0,3.0,3.0,2.0,1.0,3.0,2.0,2.0,2.0,2.0,8.0,8.0,26.0,26.0,75.0,75.0,5.389e-11,4.965e-11,5.177e-11,25.0,1
1755,3.0,3.0,3.0,2.0,1.0,3.0,2.0,2.0,2.0,2.0,8.0,8.0,26.0,26.0,79.0,79.0,5.392e-11,4.971e-11,5.181e-11,25.0,1
1756,3.0,3.0,3.0,2.0,1.0,3.0,2.0,2.0,3.0,3.0,6.0,6.0,22.0,22.0,71.0,71.0,5.336e-11,4.871e-11,5.104e-11,25.0,1
1757,3.0,3.0,3.0,2.0,1.0,3.0,2.0,2.0,3.0,3.0,6.0,6.0,22.0,22.0,75.0,75.0,5.34e-11,4.879e-11,5.11e-11,25.0,1
1758,3.0,3.0,3.0,2.0,1.0,3.0,2.0,2.0,3.0,3.0,6.0,6.0,22.0,22.0,79.0,79.0,5.346e-11,4.889e-11,5.117e-11,25.0,1
1759,3.0,3.0,3.0,2.0,1.0,3.0,2.0,2.0,3.0,3.0,6.0,6.0,24.0,24.0,71.0,71.0,5.349e-11,4.875e-11,5.112e-11,25.0,1
1760,3.0,3.0,3.0,2.0,1.0,3.0,2.0,2.0,3.0,3.0,6.0,6.0,24.0,24.0,75.0,75.0,5.351e-11,4.882e-11,5.116e-11,25.0,1
1761,3.0,3.0,3.0,2.0,1.0,3.0,2.0,2.0,3.0,3.0,6.0,6.0,24.0,24.0,79.0,79.0,5.355e-11,4.89e-11,5.123e-11,25.0,1
1762,3.0,3.0,3.0,2.0,1.0,3.0,2.0,2.0,3.0,3.0,6.0,6.0,26.0,26.0,71.0,71.0,5.364e-11,4.885e-11,5.124e-11,25.0,1
1763,3.0,3.0,3.0,2.0,1.0,3.0,2.0,2.0,3.0,3.0,6.0,6.0,26.0,26.0,75.0,75.0,5.365e-11,4.89e-11,5.128e-11,25.0,1
1764,3.0,3.0,3.0,2.0,1.0,3.0,2.0,2.0,3.0,3.0,6.0,6.0,26.0,26.0,79.0,79.0,5.369e-11,4.897e-11,5.133e-11,25.0,1
1765,3.0,3.0,3.0,2.0,1.0,3.0,2.0,2.0,3.0,3.0,7.0,7.0,22.0,22.0,71.0,71.0,5.303e-11,4.852e-11,5.078e-11,25.0,1
1766,3.0,3.0,3.0,2.0,1.0,3.0,2.0,2.0,3.0,3.0,7.0,7.0,22.0,22.0,75.0,75.0,5.307e-11,4.86e-11,5.083e-11,25.0,1
1767,3.0,3.0,3.0,2.0,1.0,3.0,2.0,2.0,3.0,3.0,7.0,7.0,22.0,22.0,79.0,79.0,5.313e-11,4.87e-11,5.092e-11,25.0,1
1768,3.0,3.0,3.0,2.0,1.0,3.0,2.0,2.0,3.0,3.0,7.0,7.0,24.0,24.0,71.0,71.0,5.31e-11,4.851e-11,5.08e-11,25.0,1
1769,3.0,3.0,3.0,2.0,1.0,3.0,2.0,2.0,3.0,3.0,7.0,7.0,24.0,24.0,75.0,75.0,5.312e-11,4.858e-11,5.085e-11,25.0,1
1770,3.0,3.0,3.0,2.0,1.0,3.0,2.0,2.0,3.0,3.0,7.0,7.0,24.0,24.0,79.0,79.0,5.315e-11,4.866e-11,5.09e-11,25.0,1
1771,3.0,3.0,3.0,2.0,1.0,3.0,2.0,2.0,3.0,3.0,7.0,7.0,26.0,26.0,71.0,71.0,5.32e-11,4.855e-11,5.087e-11,25.0,1
1772,3.0,3.0,3.0,2.0,1.0,3.0,2.0,2.0,3.0,3.0,7.0,7.0,26.0,26.0,75.0,75.0,5.321e-11,4.861e-11,5.091e-11,25.0,1
1773,3.0,3.0,3.0,2.0,1.0,3.0,2.0,2.0,3.0,3.0,7.0,7.0,26.0,26.0,79.0,79.0,5.324e-11,4.868e-11,5.096e-11,25.0,1
1774,3.0,3.0,3.0,2.0,1.0,3.0,2.0,2.0,3.0,3.0,8.0,8.0,22.0,22.0,71.0,71.0,5.288e-11,4.849e-11,5.069e-11,25.0,1
1775,3.0,3.0,3.0,2.0,1.0,3.0,2.0,2.0,3.0,3.0,8.0,8.0,22.0,22.0,75.0,75.0,5.292e-11,4.856e-11,5.074e-11,25.0,1
1776,3.0,3.0,3.0,2.0,1.0,3.0,2.0,2.0,3.0,3.0,8.0,8.0,22.0,22.0,79.0,79.0,5.297e-11,4.866e-11,5.081e-11,25.0,1
1777,3.0,3.0,3.0,2.0,1.0,3.0,2.0,2.0,3.0,3.0,8.0,8.0,24.0,24.0,71.0,71.0,5.29e-11,4.844e-11,5.067e-11,25.0,1
1778,3.0,3.0,3.0,2.0,1.0,3.0,2.0,2.0,3.0,3.0,8.0,8.0,24.0,24.0,75.0,75.0,5.292e-11,4.85e-11,5.071e-11,25.0,1
1779,3.0,3.0,3.0,2.0,1.0,3.0,2.0,2.0,3.0,3.0,8.0,8.0,24.0,24.0,79.0,79.0,5.296e-11,4.858e-11,5.077e-11,25.0,1
1780,3.0,3.0,3.0,2.0,1.0,3.0,2.0,2.0,3.0,3.0,8.0,8.0,26.0,26.0,71.0,71.0,5.296e-11,4.844e-11,5.07e-11,25.0,1
1781,3.0,3.0,3.0,2.0,1.0,3.0,2.0,2.0,3.0,3.0,8.0,8.0,26.0,26.0,75.0,75.0,5.297e-11,4.849e-11,5.073e-11,25.0,1
1782,3.0,3.0,3.0,2.0,1.0,3.0,2.0,2.0,3.0,3.0,8.0,8.0,26.0,26.0,79.0,79.0,5.3e-11,4.856e-11,5.078e-11,25.0,1
1783,3.0,3.0,3.0,2.0,2.0,6.0,1.0,1.0,1.0,1.0,6.0,6.0,22.0,22.0,71.0,71.0,6.309e-11,5.752e-11,6.03e-11,25.0,1
1784,3.0,3.0,3.0,2.0,2.0,6.0,1.0,1.0,1.0,1.0,6.0,6.0,22.0,22.0,75.0,75.0,6.313e-11,5.76e-11,6.036e-11,25.0,1
1785,3.0,3.0,3.0,2.0,2.0,6.0,1.0,1.0,1.0,1.0,6.0,6.0,22.0,22.0,79.0,79.0,6.318e-11,5.769e-11,6.043e-11,25.0,1
1786,3.0,3.0,3.0,2.0,2.0,6.0,1.0,1.0,1.0,1.0,6.0,6.0,24.0,24.0,71.0,71.0,6.324e-11,5.761e-11,6.042e-11,25.0,1
1787,3.0,3.0,3.0,2.0,2.0,6.0,1.0,1.0,1.0,1.0,6.0,6.0,24.0,24.0,75.0,75.0,6.326e-11,5.767e-11,6.046e-11,25.0,1
1788,3.0,3.0,3.0,2.0,2.0,6.0,1.0,1.0,1.0,1.0,6.0,6.0,24.0,24.0,79.0,79.0,6.33e-11,5.775e-11,6.052e-11,25.0,1
1789,3.0,3.0,3.0,2.0,2.0,6.0,1.0,1.0,1.0,1.0,6.0,6.0,26.0,26.0,71.0,71.0,6.341e-11,5.774e-11,6.057e-11,25.0,1
1790,3.0,3.0,3.0,2.0,2.0,6.0,1.0,1.0,1.0,1.0,6.0,6.0,26.0,26.0,75.0,75.0,6.343e-11,5.779e-11,6.061e-11,25.0,1
1791,3.0,3.0,3.0,2.0,2.0,6.0,1.0,1.0,1.0,1.0,6.0,6.0,26.0,26.0,79.0,79.0,6.346e-11,5.785e-11,6.066e-11,25.0,1
1792,3.0,3.0,3.0,2.0,2.0,6.0,1.0,1.0,1.0,1.0,7.0,7.0,22.0,22.0,71.0,71.0,6.353e-11,5.818e-11,6.086e-11,25.0,1
1793,3.0,3.0,3.0,2.0,2.0,6.0,1.0,1.0,1.0,1.0,7.0,7.0,22.0,22.0,75.0,75.0,6.357e-11,5.826e-11,6.091e-11,25.0,1
1794,3.0,3.0,3.0,2.0,2.0,6.0,1.0,1.0,1.0,1.0,7.0,7.0,22.0,22.0,79.0,79.0,6.362e-11,5.835e-11,6.099e-11,25.0,1
1795,3.0,3.0,3.0,2.0,2.0,6.0,1.0,1.0,1.0,1.0,7.0,7.0,24.0,24.0,71.0,71.0,6.363e-11,5.822e-11,6.092e-11,25.0,1
1796,3.0,3.0,3.0,2.0,2.0,6.0,1.0,1.0,1.0,1.0,7.0,7.0,24.0,24.0,75.0,75.0,6.365e-11,5.828e-11,6.096e-11,25.0,1
1797,3.0,3.0,3.0,2.0,2.0,6.0,1.0,1.0,1.0,1.0,7.0,7.0,24.0,24.0,79.0,79.0,6.368e-11,5.836e-11,6.102e-11,25.0,1
1798,3.0,3.0,3.0,2.0,2.0,6.0,1.0,1.0,1.0,1.0,7.0,7.0,26.0,26.0,71.0,71.0,6.376e-11,5.831e-11,6.103e-11,25.0,1
1799,3.0,3.0,3.0,2.0,2.0,6.0,1.0,1.0,1.0,1.0,7.0,7.0,26.0,26.0,75.0,75.0,6.376e-11,5.835e-11,6.106e-11,25.0,1
1800,3.0,3.0,3.0,2.0,2.0,6.0,1.0,1.0,1.0,1.0,7.0,7.0,26.0,26.0,79.0,79.0,6.379e-11,5.842e-11,6.11e-11,25.0,1
1801,3.0,3.0,3.0,2.0,2.0,6.0,1.0,1.0,1.0,1.0,8.0,8.0,22.0,22.0,71.0,71.0,6.416e-11,5.9e-11,6.158e-11,25.0,1
1802,3.0,3.0,3.0,2.0,2.0,6.0,1.0,1.0,1.0,1.0,8.0,8.0,22.0,22.0,75.0,75.0,6.419e-11,5.908e-11,6.164e-11,25.0,1
1803,3.0,3.0,3.0,2.0,2.0,6.0,1.0,1.0,1.0,1.0,8.0,8.0,22.0,22.0,79.0,79.0,6.424e-11,5.917e-11,6.171e-11,25.0,1
1804,3.0,3.0,3.0,2.0,2.0,6.0,1.0,1.0,1.0,1.0,8.0,8.0,24.0,24.0,71.0,71.0,6.421e-11,5.9e-11,6.161e-11,25.0,1
1805,3.0,3.0,3.0,2.0,2.0,6.0,1.0,1.0,1.0,1.0,8.0,8.0,24.0,24.0,75.0,75.0,6.423e-11,5.906e-11,6.165e-11,25.0,1
1806,3.0,3.0,3.0,2.0,2.0,6.0,1.0,1.0,1.0,1.0,8.0,8.0,24.0,24.0,79.0,79.0,6.426e-11,5.913e-11,6.17e-11,25.0,1
1807,3.0,3.0,3.0,2.0,2.0,6.0,1.0,1.0,1.0,1.0,8.0,8.0,26.0,26.0,71.0,71.0,6.43e-11,5.905e-11,6.167e-11,25.0,1
1808,3.0,3.0,3.0,2.0,2.0,6.0,1.0,1.0,1.0,1.0,8.0,8.0,26.0,26.0,75.0,75.0,6.431e-11,5.91e-11,6.17e-11,25.0,1
1809,3.0,3.0,3.0,2.0,2.0,6.0,1.0,1.0,1.0,1.0,8.0,8.0,26.0,26.0,79.0,79.0,6.433e-11,5.915e-11,6.174e-11,25.0,1
1810,3.0,3.0,3.0,2.0,2.0,6.0,1.0,1.0,2.0,2.0,6.0,6.0,22.0,22.0,71.0,71.0,6.076e-11,5.462e-11,5.769e-11,25.0,1
1811,3.0,3.0,3.0,2.0,2.0,6.0,1.0,1.0,2.0,2.0,6.0,6.0,22.0,22.0,75.0,75.0,6.08e-11,5.47e-11,5.775e-11,25.0,1
1812,3.0,3.0,3.0,2.0,2.0,6.0,1.0,1.0,2.0,2.0,6.0,6.0,22.0,22.0,79.0,79.0,6.085e-11,5.48e-11,5.783e-11,25.0,1
1813,3.0,3.0,3.0,2.0,2.0,6.0,1.0,1.0,2.0,2.0,6.0,6.0,24.0,24.0,71.0,71.0,6.088e-11,5.467e-11,5.778e-11,25.0,1
1814,3.0,3.0,3.0,2.0,2.0,6.0,1.0,1.0,2.0,2.0,6.0,6.0,24.0,24.0,75.0,75.0,6.091e-11,5.474e-11,5.783e-11,25.0,1
1815,3.0,3.0,3.0,2.0,2.0,6.0,1.0,1.0,2.0,2.0,6.0,6.0,24.0,24.0,79.0,79.0,6.095e-11,5.482e-11,5.789e-11,25.0,1
1816,3.0,3.0,3.0,2.0,2.0,6.0,1.0,1.0,2.0,2.0,6.0,6.0,26.0,26.0,71.0,71.0,6.105e-11,5.478e-11,5.792e-11,25.0,1
1817,3.0,3.0,3.0,2.0,2.0,6.0,1.0,1.0,2.0,2.0,6.0,6.0,26.0,26.0,75.0,75.0,6.106e-11,5.483e-11,5.795e-11,25.0,1
1818,3.0,3.0,3.0,2.0,2.0,6.0,1.0,1.0,2.0,2.0,6.0,6.0,26.0,26.0,79.0,79.0,6.11e-11,5.49e-11,5.8e-11,25.0,1
1819,3.0,3.0,3.0,2.0,2.0,6.0,1.0,1.0,2.0,2.0,7.0,7.0,22.0,22.0,71.0,71.0,6.064e-11,5.465e-11,5.765e-11,25.0,1
1820,3.0,3.0,3.0,2.0,2.0,6.0,1.0,1.0,2.0,2.0,7.0,7.0,22.0,22.0,75.0,75.0,6.068e-11,5.473e-11,5.771e-11,25.0,1
1821,3.0,3.0,3.0,2.0,2.0,6.0,1.0,1.0,2.0,2.0,7.0,7.0,22.0,22.0,79.0,79.0,6.073e-11,5.483e-11,5.778e-11,25.0,1
1822,3.0,3.0,3.0,2.0,2.0,6.0,1.0,1.0,2.0,2.0,7.0,7.0,24.0,24.0,71.0,71.0,6.07e-11,5.466e-11,5.768e-11,25.0,1
1823,3.0,3.0,3.0,2.0,2.0,6.0,1.0,1.0,2.0,2.0,7.0,7.0,24.0,24.0,75.0,75.0,6.072e-11,5.472e-11,5.772e-11,25.0,1
1824,3.0,3.0,3.0,2.0,2.0,6.0,1.0,1.0,2.0,2.0,7.0,7.0,24.0,24.0,79.0,79.0,6.077e-11,5.48e-11,5.778e-11,25.0,1
1825,3.0,3.0,3.0,2.0,2.0,6.0,1.0,1.0,2.0,2.0,7.0,7.0,26.0,26.0,71.0,71.0,6.081e-11,5.471e-11,5.776e-11,25.0,1
1826,3.0,3.0,3.0,2.0,2.0,6.0,1.0,1.0,2.0,2.0,7.0,7.0,26.0,26.0,75.0,75.0,6.083e-11,5.476e-11,5.779e-11,25.0,1
1827,3.0,3.0,3.0,2.0,2.0,6.0,1.0,1.0,2.0,2.0,7.0,7.0,26.0,26.0,79.0,79.0,6.085e-11,5.482e-11,5.784e-11,25.0,1
1828,3.0,3.0,3.0,2.0,2.0,6.0,1.0,1.0,2.0,2.0,8.0,8.0,22.0,22.0,71.0,71.0,6.069e-11,5.483e-11,5.776e-11,25.0,1
1829,3.0,3.0,3.0,2.0,2.0,6.0,1.0,1.0,2.0,2.0,8.0,8.0,22.0,22.0,75.0,75.0,6.072e-11,5.491e-11,5.782e-11,25.0,1
1830,3.0,3.0,3.0,2.0,2.0,6.0,1.0,1.0,2.0,2.0,8.0,8.0,22.0,22.0,79.0,79.0,6.077e-11,5.5e-11,5.789e-11,25.0,1
1831,3.0,3.0,3.0,2.0,2.0,6.0,1.0,1.0,2.0,2.0,8.0,8.0,24.0,24.0,71.0,71.0,6.072e-11,5.48e-11,5.776e-11,25.0,1
1832,3.0,3.0,3.0,2.0,2.0,6.0,1.0,1.0,2.0,2.0,8.0,8.0,24.0,24.0,75.0,75.0,6.073e-11,5.486e-11,5.78e-11,25.0,1
1833,3.0,3.0,3.0,2.0,2.0,6.0,1.0,1.0,2.0,2.0,8.0,8.0,24.0,24.0,79.0,79.0,6.077e-11,5.493e-11,5.785e-11,25.0,1
1834,3.0,3.0,3.0,2.0,2.0,6.0,1.0,1.0,2.0,2.0,8.0,8.0,26.0,26.0,71.0,71.0,6.078e-11,5.482e-11,5.78e-11,25.0,1
1835,3.0,3.0,3.0,2.0,2.0,6.0,1.0,1.0,2.0,2.0,8.0,8.0,26.0,26.0,75.0,75.0,6.079e-11,5.487e-11,5.783e-11,25.0,1
1836,3.0,3.0,3.0,2.0,2.0,6.0,1.0,1.0,2.0,2.0,8.0,8.0,26.0,26.0,79.0,79.0,6.082e-11,5.492e-11,5.787e-11,25.0,1
1837,3.0,3.0,3.0,2.0,2.0,6.0,1.0,1.0,3.0,3.0,6.0,6.0,22.0,22.0,71.0,71.0,6.083e-11,5.449e-11,5.766e-11,25.0,1
1838,3.0,3.0,3.0,2.0,2.0,6.0,1.0,1.0,3.0,3.0,6.0,6.0,22.0,22.0,75.0,75.0,6.088e-11,5.458e-11,5.773e-11,25.0,1
1839,3.0,3.0,3.0,2.0,2.0,6.0,1.0,1.0,3.0,3.0,6.0,6.0,22.0,22.0,79.0,79.0,6.093e-11,5.467e-11,5.78e-11,25.0,1
1840,3.0,3.0,3.0,2.0,2.0,6.0,1.0,1.0,3.0,3.0,6.0,6.0,24.0,24.0,71.0,71.0,6.095e-11,5.453e-11,5.774e-11,25.0,1
1841,3.0,3.0,3.0,2.0,2.0,6.0,1.0,1.0,3.0,3.0,6.0,6.0,24.0,24.0,75.0,75.0,6.097e-11,5.46e-11,5.779e-11,25.0,1
1842,3.0,3.0,3.0,2.0,2.0,6.0,1.0,1.0,3.0,3.0,6.0,6.0,24.0,24.0,79.0,79.0,6.103e-11,5.469e-11,5.786e-11,25.0,1
1843,3.0,3.0,3.0,2.0,2.0,6.0,1.0,1.0,3.0,3.0,6.0,6.0,26.0,26.0,71.0,71.0,6.112e-11,5.463e-11,5.787e-11,25.0,1
1844,3.0,3.0,3.0,2.0,2.0,6.0,1.0,1.0,3.0,3.0,6.0,6.0,26.0,26.0,75.0,75.0,6.113e-11,5.468e-11,5.791e-11,25.0,1
1845,3.0,3.0,3.0,2.0,2.0,6.0,1.0,1.0,3.0,3.0,6.0,6.0,26.0,26.0,79.0,79.0,6.116e-11,5.475e-11,5.795e-11,25.0,1
1846,3.0,3.0,3.0,2.0,2.0,6.0,1.0,1.0,3.0,3.0,7.0,7.0,22.0,22.0,71.0,71.0,6.053e-11,5.432e-11,5.742e-11,25.0,1
1847,3.0,3.0,3.0,2.0,2.0,6.0,1.0,1.0,3.0,3.0,7.0,7.0,22.0,22.0,75.0,75.0,6.056e-11,5.44e-11,5.748e-11,25.0,1
1848,3.0,3.0,3.0,2.0,2.0,6.0,1.0,1.0,3.0,3.0,7.0,7.0,22.0,22.0,79.0,79.0,6.062e-11,5.449e-11,5.755e-11,25.0,1
1849,3.0,3.0,3.0,2.0,2.0,6.0,1.0,1.0,3.0,3.0,7.0,7.0,24.0,24.0,71.0,71.0,6.058e-11,5.431e-11,5.745e-11,25.0,1
1850,3.0,3.0,3.0,2.0,2.0,6.0,1.0,1.0,3.0,3.0,7.0,7.0,24.0,24.0,75.0,75.0,6.061e-11,5.437e-11,5.749e-11,25.0,1
1851,3.0,3.0,3.0,2.0,2.0,6.0,1.0,1.0,3.0,3.0,7.0,7.0,24.0,24.0,79.0,79.0,6.066e-11,5.445e-11,5.755e-11,25.0,1
1852,3.0,3.0,3.0,2.0,2.0,6.0,1.0,1.0,3.0,3.0,7.0,7.0,26.0,26.0,71.0,71.0,6.07e-11,5.435e-11,5.752e-11,25.0,1
1853,3.0,3.0,3.0,2.0,2.0,6.0,1.0,1.0,3.0,3.0,7.0,7.0,26.0,26.0,75.0,75.0,6.07e-11,5.44e-11,5.755e-11,25.0,1
1854,3.0,3.0,3.0,2.0,2.0,6.0,1.0,1.0,3.0,3.0,7.0,7.0,26.0,26.0,79.0,79.0,6.073e-11,5.447e-11,5.76e-11,25.0,1
1855,3.0,3.0,3.0,2.0,2.0,6.0,1.0,1.0,3.0,3.0,8.0,8.0,22.0,22.0,71.0,71.0,6.04e-11,5.429e-11,5.735e-11,25.0,1
1856,3.0,3.0,3.0,2.0,2.0,6.0,1.0,1.0,3.0,3.0,8.0,8.0,22.0,22.0,75.0,75.0,6.044e-11,5.438e-11,5.741e-11,25.0,1
1857,3.0,3.0,3.0,2.0,2.0,6.0,1.0,1.0,3.0,3.0,8.0,8.0,22.0,22.0,79.0,79.0,6.049e-11,5.447e-11,5.748e-11,25.0,1
1858,3.0,3.0,3.0,2.0,2.0,6.0,1.0,1.0,3.0,3.0,8.0,8.0,24.0,24.0,71.0,71.0,6.042e-11,5.424e-11,5.733e-11,25.0,1
1859,3.0,3.0,3.0,2.0,2.0,6.0,1.0,1.0,3.0,3.0,8.0,8.0,24.0,24.0,75.0,75.0,6.044e-11,5.431e-11,5.737e-11,25.0,1
1860,3.0,3.0,3.0,2.0,2.0,6.0,1.0,1.0,3.0,3.0,8.0,8.0,24.0,24.0,79.0,79.0,6.048e-11,5.439e-11,5.743e-11,25.0,1
1861,3.0,3.0,3.0,2.0,2.0,6.0,1.0,1.0,3.0,3.0,8.0,8.0,26.0,26.0,71.0,71.0,6.049e-11,5.425e-11,5.737e-11,25.0,1
1862,3.0,3.0,3.0,2.0,2.0,6.0,1.0,1.0,3.0,3.0,8.0,8.0,26.0,26.0,75.0,75.0,6.049e-11,5.43e-11,5.739e-11,25.0,1
1863,3.0,3.0,3.0,2.0,2.0,6.0,1.0,1.0,3.0,3.0,8.0,8.0,26.0,26.0,79.0,79.0,6.051e-11,5.436e-11,5.743e-11,25.0,1
1864,3.0,3.0,3.0,2.0,2.0,6.0,2.0,2.0,1.0,1.0,6.0,6.0,22.0,22.0,71.0,71.0,6.308e-11,5.741e-11,6.024e-11,25.0,1
1865,3.0,3.0,3.0,2.0,2.0,6.0,2.0,2.0,1.0,1.0,6.0,6.0,22.0,22.0,75.0,75.0,6.311e-11,5.749e-11,6.03e-11,25.0,1
1866,3.0,3.0,3.0,2.0,2.0,6.0,2.0,2.0,1.0,1.0,6.0,6.0,22.0,22.0,79.0,79.0,6.317e-11,5.759e-11,6.038e-11,25.0,1
1867,3.0,3.0,3.0,2.0,2.0,6.0,2.0,2.0,1.0,1.0,6.0,6.0,24.0,24.0,71.0,71.0,6.321e-11,5.75e-11,6.035e-11,25.0,1
1868,3.0,3.0,3.0,2.0,2.0,6.0,2.0,2.0,1.0,1.0,6.0,6.0,24.0,24.0,75.0,75.0,6.324e-11,5.756e-11,6.04e-11,25.0,1
1869,3.0,3.0,3.0,2.0,2.0,6.0,2.0,2.0,1.0,1.0,6.0,6.0,24.0,24.0,79.0,79.0,6.328e-11,5.764e-11,6.046e-11,25.0,1
1870,3.0,3.0,3.0,2.0,2.0,6.0,2.0,2.0,1.0,1.0,6.0,6.0,26.0,26.0,71.0,71.0,6.34e-11,5.764e-11,6.052e-11,25.0,1
1871,3.0,3.0,3.0,2.0,2.0,6.0,2.0,2.0,1.0,1.0,6.0,6.0,26.0,26.0,75.0,75.0,6.341e-11,5.768e-11,6.055e-11,25.0,1
1872,3.0,3.0,3.0,2.0,2.0,6.0,2.0,2.0,1.0,1.0,6.0,6.0,26.0,26.0,79.0,79.0,6.345e-11,5.775e-11,6.06e-11,25.0,1
1873,3.0,3.0,3.0,2.0,2.0,6.0,2.0,2.0,1.0,1.0,7.0,7.0,22.0,22.0,71.0,71.0,6.352e-11,5.808e-11,6.08e-11,25.0,1
1874,3.0,3.0,3.0,2.0,2.0,6.0,2.0,2.0,1.0,1.0,7.0,7.0,22.0,22.0,75.0,75.0,6.355e-11,5.815e-11,6.085e-11,25.0,1
1875,3.0,3.0,3.0,2.0,2.0,6.0,2.0,2.0,1.0,1.0,7.0,7.0,22.0,22.0,79.0,79.0,6.36e-11,5.824e-11,6.092e-11,25.0,1
1876,3.0,3.0,3.0,2.0,2.0,6.0,2.0,2.0,1.0,1.0,7.0,7.0,24.0,24.0,71.0,71.0,6.361e-11,5.811e-11,6.086e-11,25.0,1
1877,3.0,3.0,3.0,2.0,2.0,6.0,2.0,2.0,1.0,1.0,7.0,7.0,24.0,24.0,75.0,75.0,6.363e-11,5.817e-11,6.09e-11,25.0,1
1878,3.0,3.0,3.0,2.0,2.0,6.0,2.0,2.0,1.0,1.0,7.0,7.0,24.0,24.0,79.0,79.0,6.367e-11,5.825e-11,6.096e-11,25.0,1
1879,3.0,3.0,3.0,2.0,2.0,6.0,2.0,2.0,1.0,1.0,7.0,7.0,26.0,26.0,71.0,71.0,6.374e-11,5.82e-11,6.097e-11,25.0,1
1880,3.0,3.0,3.0,2.0,2.0,6.0,2.0,2.0,1.0,1.0,7.0,7.0,26.0,26.0,75.0,75.0,6.375e-11,5.825e-11,6.1e-11,25.0,1
1881,3.0,3.0,3.0,2.0,2.0,6.0,2.0,2.0,1.0,1.0,7.0,7.0,26.0,26.0,79.0,79.0,6.377e-11,5.831e-11,6.104e-11,25.0,1
1882,3.0,3.0,3.0,2.0,2.0,6.0,2.0,2.0,1.0,1.0,8.0,8.0,22.0,22.0,71.0,71.0,6.414e-11,5.89e-11,6.152e-11,25.0,1
1883,3.0,3.0,3.0,2.0,2.0,6.0,2.0,2.0,1.0,1.0,8.0,8.0,22.0,22.0,75.0,75.0,6.417e-11,5.897e-11,6.157e-11,25.0,1
1884,3.0,3.0,3.0,2.0,2.0,6.0,2.0,2.0,1.0,1.0,8.0,8.0,22.0,22.0,79.0,79.0,6.422e-11,5.906e-11,6.164e-11,25.0,1
1885,3.0,3.0,3.0,2.0,2.0,6.0,2.0,2.0,1.0,1.0,8.0,8.0,24.0,24.0,71.0,71.0,6.419e-11,5.89e-11,6.154e-11,25.0,1
1886,3.0,3.0,3.0,2.0,2.0,6.0,2.0,2.0,1.0,1.0,8.0,8.0,24.0,24.0,75.0,75.0,6.42e-11,5.896e-11,6.158e-11,25.0,1
1887,3.0,3.0,3.0,2.0,2.0,6.0,2.0,2.0,1.0,1.0,8.0,8.0,24.0,24.0,79.0,79.0,6.424e-11,5.903e-11,6.163e-11,25.0,1
1888,3.0,3.0,3.0,2.0,2.0,6.0,2.0,2.0,1.0,1.0,8.0,8.0,26.0,26.0,71.0,71.0,6.427e-11,5.895e-11,6.161e-11,25.0,1
1889,3.0,3.0,3.0,2.0,2.0,6.0,2.0,2.0,1.0,1.0,8.0,8.0,26.0,26.0,75.0,75.0,6.428e-11,5.899e-11,6.164e-11,25.0,1
1890,3.0,3.0,3.0,2.0,2.0,6.0,2.0,2.0,1.0,1.0,8.0,8.0,26.0,26.0,79.0,79.0,6.43e-11,5.905e-11,6.167e-11,25.0,1
1891,3.0,3.0,3.0,2.0,2.0,6.0,2.0,2.0,2.0,2.0,6.0,6.0,22.0,22.0,71.0,71.0,6.006e-11,5.384e-11,5.695e-11,25.0,1
1892,3.0,3.0,3.0,2.0,2.0,6.0,2.0,2.0,2.0,2.0,6.0,6.0,22.0,22.0,75.0,75.0,6.01e-11,5.392e-11,5.701e-11,25.0,1
1893,3.0,3.0,3.0,2.0,2.0,6.0,2.0,2.0,2.0,2.0,6.0,6.0,22.0,22.0,79.0,79.0,6.016e-11,5.401e-11,5.709e-11,25.0,1
1894,3.0,3.0,3.0,2.0,2.0,6.0,2.0,2.0,2.0,2.0,6.0,6.0,24.0,24.0,71.0,71.0,6.019e-11,5.389e-11,5.704e-11,25.0,1
1895,3.0,3.0,3.0,2.0,2.0,6.0,2.0,2.0,2.0,2.0,6.0,6.0,24.0,24.0,75.0,75.0,6.021e-11,5.396e-11,5.708e-11,25.0,1
1896,3.0,3.0,3.0,2.0,2.0,6.0,2.0,2.0,2.0,2.0,6.0,6.0,24.0,24.0,79.0,79.0,6.025e-11,5.404e-11,5.714e-11,25.0,1
1897,3.0,3.0,3.0,2.0,2.0,6.0,2.0,2.0,2.0,2.0,6.0,6.0,26.0,26.0,71.0,71.0,6.035e-11,5.4e-11,5.718e-11,25.0,1
1898,3.0,3.0,3.0,2.0,2.0,6.0,2.0,2.0,2.0,2.0,6.0,6.0,26.0,26.0,75.0,75.0,6.037e-11,5.405e-11,5.721e-11,25.0,1
1899,3.0,3.0,3.0,2.0,2.0,6.0,2.0,2.0,2.0,2.0,6.0,6.0,26.0,26.0,79.0,79.0,6.04e-11,5.411e-11,5.726e-11,25.0,1
1900,3.0,3.0,3.0,2.0,2.0,6.0,2.0,2.0,2.0,2.0,7.0,7.0,22.0,22.0,71.0,71.0,5.992e-11,5.386e-11,5.689e-11,25.0,1
1901,3.0,3.0,3.0,2.0,2.0,6.0,2.0,2.0,2.0,2.0,7.0,7.0,22.0,22.0,75.0,75.0,5.996e-11,5.394e-11,5.695e-11,25.0,1
1902,3.0,3.0,3.0,2.0,2.0,6.0,2.0,2.0,2.0,2.0,7.0,7.0,22.0,22.0,79.0,79.0,6.001e-11,5.403e-11,5.702e-11,25.0,1
1903,3.0,3.0,3.0,2.0,2.0,6.0,2.0,2.0,2.0,2.0,7.0,7.0,24.0,24.0,71.0,71.0,5.998e-11,5.386e-11,5.692e-11,25.0,1
1904,3.0,3.0,3.0,2.0,2.0,6.0,2.0,2.0,2.0,2.0,7.0,7.0,24.0,24.0,75.0,75.0,6.001e-11,5.393e-11,5.697e-11,25.0,1
1905,3.0,3.0,3.0,2.0,2.0,6.0,2.0,2.0,2.0,2.0,7.0,7.0,24.0,24.0,79.0,79.0,6.005e-11,5.401e-11,5.703e-11,25.0,1
1906,3.0,3.0,3.0,2.0,2.0,6.0,2.0,2.0,2.0,2.0,7.0,7.0,26.0,26.0,71.0,71.0,6.01e-11,5.392e-11,5.701e-11,25.0,1
1907,3.0,3.0,3.0,2.0,2.0,6.0,2.0,2.0,2.0,2.0,7.0,7.0,26.0,26.0,75.0,75.0,6.011e-11,5.397e-11,5.704e-11,25.0,1
1908,3.0,3.0,3.0,2.0,2.0,6.0,2.0,2.0,2.0,2.0,7.0,7.0,26.0,26.0,79.0,79.0,6.014e-11,5.404e-11,5.709e-11,25.0,1
1909,3.0,3.0,3.0,2.0,2.0,6.0,2.0,2.0,2.0,2.0,8.0,8.0,22.0,22.0,71.0,71.0,5.996e-11,5.403e-11,5.7e-11,25.0,1
1910,3.0,3.0,3.0,2.0,2.0,6.0,2.0,2.0,2.0,2.0,8.0,8.0,22.0,22.0,75.0,75.0,6e-11,5.412e-11,5.706e-11,25.0,1
1911,3.0,3.0,3.0,2.0,2.0,6.0,2.0,2.0,2.0,2.0,8.0,8.0,22.0,22.0,79.0,79.0,6.004e-11,5.421e-11,5.713e-11,25.0,1
1912,3.0,3.0,3.0,2.0,2.0,6.0,2.0,2.0,2.0,2.0,8.0,8.0,24.0,24.0,71.0,71.0,5.999e-11,5.4e-11,5.7e-11,25.0,1
1913,3.0,3.0,3.0,2.0,2.0,6.0,2.0,2.0,2.0,2.0,8.0,8.0,24.0,24.0,75.0,75.0,6e-11,5.406e-11,5.703e-11,25.0,1
1914,3.0,3.0,3.0,2.0,2.0,6.0,2.0,2.0,2.0,2.0,8.0,8.0,24.0,24.0,79.0,79.0,6.004e-11,5.414e-11,5.709e-11,25.0,1
1915,3.0,3.0,3.0,2.0,2.0,6.0,2.0,2.0,2.0,2.0,8.0,8.0,26.0,26.0,71.0,71.0,6.006e-11,5.402e-11,5.704e-11,25.0,1
1916,3.0,3.0,3.0,2.0,2.0,6.0,2.0,2.0,2.0,2.0,8.0,8.0,26.0,26.0,75.0,75.0,6.006e-11,5.407e-11,5.706e-11,25.0,1
1917,3.0,3.0,3.0,2.0,2.0,6.0,2.0,2.0,2.0,2.0,8.0,8.0,26.0,26.0,79.0,79.0,6.008e-11,5.413e-11,5.711e-11,25.0,1
1918,3.0,3.0,3.0,2.0,2.0,6.0,2.0,2.0,3.0,3.0,6.0,6.0,22.0,22.0,71.0,71.0,5.951e-11,5.31e-11,5.631e-11,25.0,1
1919,3.0,3.0,3.0,2.0,2.0,6.0,2.0,2.0,3.0,3.0,6.0,6.0,22.0,22.0,75.0,75.0,5.955e-11,5.318e-11,5.636e-11,25.0,1
1920,3.0,3.0,3.0,2.0,2.0,6.0,2.0,2.0,3.0,3.0,6.0,6.0,22.0,22.0,79.0,79.0,5.961e-11,5.328e-11,5.644e-11,25.0,1
1921,3.0,3.0,3.0,2.0,2.0,6.0,2.0,2.0,3.0,3.0,6.0,6.0,24.0,24.0,71.0,71.0,5.963e-11,5.315e-11,5.639e-11,25.0,1
1922,3.0,3.0,3.0,2.0,2.0,6.0,2.0,2.0,3.0,3.0,6.0,6.0,24.0,24.0,75.0,75.0,5.966e-11,5.321e-11,5.643e-11,25.0,1
1923,3.0,3.0,3.0,2.0,2.0,6.0,2.0,2.0,3.0,3.0,6.0,6.0,24.0,24.0,79.0,79.0,5.969e-11,5.329e-11,5.649e-11,25.0,1
1924,3.0,3.0,3.0,2.0,2.0,6.0,2.0,2.0,3.0,3.0,6.0,6.0,26.0,26.0,71.0,71.0,5.98e-11,5.324e-11,5.652e-11,25.0,1
1925,3.0,3.0,3.0,2.0,2.0,6.0,2.0,2.0,3.0,3.0,6.0,6.0,26.0,26.0,75.0,75.0,5.981e-11,5.329e-11,5.655e-11,25.0,1
1926,3.0,3.0,3.0,2.0,2.0,6.0,2.0,2.0,3.0,3.0,6.0,6.0,26.0,26.0,79.0,79.0,5.984e-11,5.336e-11,5.66e-11,25.0,1
1927,3.0,3.0,3.0,2.0,2.0,6.0,2.0,2.0,3.0,3.0,7.0,7.0,22.0,22.0,71.0,71.0,5.918e-11,5.291e-11,5.605e-11,25.0,1
1928,3.0,3.0,3.0,2.0,2.0,6.0,2.0,2.0,3.0,3.0,7.0,7.0,22.0,22.0,75.0,75.0,5.922e-11,5.299e-11,5.611e-11,25.0,1
1929,3.0,3.0,3.0,2.0,2.0,6.0,2.0,2.0,3.0,3.0,7.0,7.0,22.0,22.0,79.0,79.0,5.928e-11,5.309e-11,5.618e-11,25.0,1
1930,3.0,3.0,3.0,2.0,2.0,6.0,2.0,2.0,3.0,3.0,7.0,7.0,24.0,24.0,71.0,71.0,5.924e-11,5.29e-11,5.607e-11,25.0,1
1931,3.0,3.0,3.0,2.0,2.0,6.0,2.0,2.0,3.0,3.0,7.0,7.0,24.0,24.0,75.0,75.0,5.926e-11,5.297e-11,5.611e-11,25.0,1
1932,3.0,3.0,3.0,2.0,2.0,6.0,2.0,2.0,3.0,3.0,7.0,7.0,24.0,24.0,79.0,79.0,5.93e-11,5.304e-11,5.617e-11,25.0,1
1933,3.0,3.0,3.0,2.0,2.0,6.0,2.0,2.0,3.0,3.0,7.0,7.0,26.0,26.0,71.0,71.0,5.934e-11,5.294e-11,5.614e-11,25.0,1
1934,3.0,3.0,3.0,2.0,2.0,6.0,2.0,2.0,3.0,3.0,7.0,7.0,26.0,26.0,75.0,75.0,5.936e-11,5.299e-11,5.618e-11,25.0,1
1935,3.0,3.0,3.0,2.0,2.0,6.0,2.0,2.0,3.0,3.0,7.0,7.0,26.0,26.0,79.0,79.0,5.938e-11,5.306e-11,5.622e-11,25.0,1
1936,3.0,3.0,3.0,2.0,2.0,6.0,2.0,2.0,3.0,3.0,8.0,8.0,22.0,22.0,71.0,71.0,5.903e-11,5.288e-11,5.595e-11,25.0,1
1937,3.0,3.0,3.0,2.0,2.0,6.0,2.0,2.0,3.0,3.0,8.0,8.0,22.0,22.0,75.0,75.0,5.906e-11,5.296e-11,5.601e-11,25.0,1
1938,3.0,3.0,3.0,2.0,2.0,6.0,2.0,2.0,3.0,3.0,8.0,8.0,22.0,22.0,79.0,79.0,5.912e-11,5.305e-11,5.608e-11,25.0,1
1939,3.0,3.0,3.0,2.0,2.0,6.0,2.0,2.0,3.0,3.0,8.0,8.0,24.0,24.0,71.0,71.0,5.905e-11,5.283e-11,5.594e-11,25.0,1
1940,3.0,3.0,3.0,2.0,2.0,6.0,2.0,2.0,3.0,3.0,8.0,8.0,24.0,24.0,75.0,75.0,5.906e-11,5.289e-11,5.598e-11,25.0,1
1941,3.0,3.0,3.0,2.0,2.0,6.0,2.0,2.0,3.0,3.0,8.0,8.0,24.0,24.0,79.0,79.0,5.91e-11,5.296e-11,5.603e-11,25.0,1
1942,3.0,3.0,3.0,2.0,2.0,6.0,2.0,2.0,3.0,3.0,8.0,8.0,26.0,26.0,71.0,71.0,5.911e-11,5.283e-11,5.597e-11,25.0,1
1943,3.0,3.0,3.0,2.0,2.0,6.0,2.0,2.0,3.0,3.0,8.0,8.0,26.0,26.0,75.0,75.0,5.912e-11,5.288e-11,5.6e-11,25.0,1
1944,3.0,3.0,3.0,2.0,2.0,6.0,2.0,2.0,3.0,3.0,8.0,8.0,26.0,26.0,79.0,79.0,5.914e-11,5.295e-11,5.604e-11,25.0,1
