index,sn_xinvpa0,sp_xinvpa0,sn_nand2,sp_nand2,sn_nor3,sp_nor3,sn_buffer_0,sp_buffer_0,sn_buffer_1,sp_buffer_1,sn_buffer_2,sp_buffer_2,sn_buffer_3,sp_buffer_3,tplh,tphl,tp,temper,alter#
1,3.0,3.0,4.0,2.0,1.0,3.0,1.0,1.0,4.0,4.0,18.0,18.0,67.0,67.0,9.079e-11,9.161e-11,9.12e-11,25.0,1
2,3.0,3.0,4.0,2.0,1.0,3.0,1.0,1.0,4.0,4.0,18.0,18.0,69.0,69.0,9.082e-11,9.167e-11,9.125e-11,25.0,1
3,3.0,3.0,4.0,2.0,1.0,3.0,1.0,1.0,4.0,4.0,18.0,18.0,71.0,71.0,9.086e-11,9.174e-11,9.13e-11,25.0,1
4,3.0,3.0,4.0,2.0,1.0,3.0,1.0,1.0,4.0,4.0,18.0,18.0,73.0,73.0,9.09e-11,9.18e-11,9.135e-11,25.0,1
5,3.0,3.0,4.0,2.0,1.0,3.0,1.0,1.0,4.0,4.0,18.0,18.0,75.0,75.0,9.095e-11,9.187e-11,9.141e-11,25.0,1
6,3.0,3.0,4.0,2.0,1.0,3.0,1.0,1.0,4.0,4.0,20.0,20.0,67.0,67.0,9.101e-11,9.175e-11,9.138e-11,25.0,1
7,3.0,3.0,4.0,2.0,1.0,3.0,1.0,1.0,4.0,4.0,20.0,20.0,69.0,69.0,9.104e-11,9.179e-11,9.141e-11,25.0,1
8,3.0,3.0,4.0,2.0,1.0,3.0,1.0,1.0,4.0,4.0,20.0,20.0,71.0,71.0,9.106e-11,9.185e-11,9.146e-11,25.0,1
9,3.0,3.0,4.0,2.0,1.0,3.0,1.0,1.0,4.0,4.0,20.0,20.0,73.0,73.0,9.11e-11,9.189e-11,9.15e-11,25.0,1
10,3.0,3.0,4.0,2.0,1.0,3.0,1.0,1.0,4.0,4.0,20.0,20.0,75.0,75.0,9.114e-11,9.194e-11,9.154e-11,25.0,1
11,3.0,3.0,4.0,2.0,1.0,3.0,1.0,1.0,4.0,4.0,22.0,22.0,67.0,67.0,9.131e-11,9.195e-11,9.163e-11,25.0,1
12,3.0,3.0,4.0,2.0,1.0,3.0,1.0,1.0,4.0,4.0,22.0,22.0,69.0,69.0,9.132e-11,9.2e-11,9.166e-11,25.0,1
13,3.0,3.0,4.0,2.0,1.0,3.0,1.0,1.0,4.0,4.0,22.0,22.0,71.0,71.0,9.134e-11,9.203e-11,9.168e-11,25.0,1
14,3.0,3.0,4.0,2.0,1.0,3.0,1.0,1.0,4.0,4.0,22.0,22.0,73.0,73.0,9.137e-11,9.207e-11,9.172e-11,25.0,1
15,3.0,3.0,4.0,2.0,1.0,3.0,1.0,1.0,4.0,4.0,22.0,22.0,75.0,75.0,9.139e-11,9.212e-11,9.176e-11,25.0,1
16,3.0,3.0,4.0,2.0,1.0,3.0,1.0,1.0,5.0,5.0,18.0,18.0,67.0,67.0,9.08e-11,9.185e-11,9.133e-11,25.0,1
17,3.0,3.0,4.0,2.0,1.0,3.0,1.0,1.0,5.0,5.0,18.0,18.0,69.0,69.0,9.083e-11,9.191e-11,9.137e-11,25.0,1
18,3.0,3.0,4.0,2.0,1.0,3.0,1.0,1.0,5.0,5.0,18.0,18.0,71.0,71.0,9.087e-11,9.197e-11,9.142e-11,25.0,1
19,3.0,3.0,4.0,2.0,1.0,3.0,1.0,1.0,5.0,5.0,18.0,18.0,73.0,73.0,9.091e-11,9.203e-11,9.147e-11,25.0,1
20,3.0,3.0,4.0,2.0,1.0,3.0,1.0,1.0,5.0,5.0,18.0,18.0,75.0,75.0,9.095e-11,9.209e-11,9.152e-11,25.0,1
21,3.0,3.0,4.0,2.0,1.0,3.0,1.0,1.0,5.0,5.0,20.0,20.0,67.0,67.0,9.091e-11,9.189e-11,9.14e-11,25.0,1
22,3.0,3.0,4.0,2.0,1.0,3.0,1.0,1.0,5.0,5.0,20.0,20.0,69.0,69.0,9.093e-11,9.192e-11,9.143e-11,25.0,1
23,3.0,3.0,4.0,2.0,1.0,3.0,1.0,1.0,5.0,5.0,20.0,20.0,71.0,71.0,9.095e-11,9.198e-11,9.146e-11,25.0,1
24,3.0,3.0,4.0,2.0,1.0,3.0,1.0,1.0,5.0,5.0,20.0,20.0,73.0,73.0,9.097e-11,9.202e-11,9.15e-11,25.0,1
25,3.0,3.0,4.0,2.0,1.0,3.0,1.0,1.0,5.0,5.0,20.0,20.0,75.0,75.0,9.101e-11,9.208e-11,9.154e-11,25.0,1
26,3.0,3.0,4.0,2.0,1.0,3.0,1.0,1.0,5.0,5.0,22.0,22.0,67.0,67.0,9.108e-11,9.199e-11,9.154e-11,25.0,1
27,3.0,3.0,4.0,2.0,1.0,3.0,1.0,1.0,5.0,5.0,22.0,22.0,69.0,69.0,9.109e-11,9.203e-11,9.156e-11,25.0,1
28,3.0,3.0,4.0,2.0,1.0,3.0,1.0,1.0,5.0,5.0,22.0,22.0,71.0,71.0,9.111e-11,9.207e-11,9.159e-11,25.0,1
29,3.0,3.0,4.0,2.0,1.0,3.0,1.0,1.0,5.0,5.0,22.0,22.0,73.0,73.0,9.113e-11,9.211e-11,9.162e-11,25.0,1
30,3.0,3.0,4.0,2.0,1.0,3.0,1.0,1.0,5.0,5.0,22.0,22.0,75.0,75.0,9.116e-11,9.215e-11,9.165e-11,25.0,1
31,3.0,3.0,4.0,2.0,1.0,3.0,1.0,1.0,6.0,6.0,18.0,18.0,67.0,67.0,9.12e-11,9.245e-11,9.182e-11,25.0,1
32,3.0,3.0,4.0,2.0,1.0,3.0,1.0,1.0,6.0,6.0,18.0,18.0,69.0,69.0,9.123e-11,9.25e-11,9.186e-11,25.0,1
33,3.0,3.0,4.0,2.0,1.0,3.0,1.0,1.0,6.0,6.0,18.0,18.0,71.0,71.0,9.125e-11,9.256e-11,9.19e-11,25.0,1
34,3.0,3.0,4.0,2.0,1.0,3.0,1.0,1.0,6.0,6.0,18.0,18.0,73.0,73.0,9.129e-11,9.261e-11,9.195e-11,25.0,1
35,3.0,3.0,4.0,2.0,1.0,3.0,1.0,1.0,6.0,6.0,18.0,18.0,75.0,75.0,9.133e-11,9.267e-11,9.2e-11,25.0,1
36,3.0,3.0,4.0,2.0,1.0,3.0,1.0,1.0,6.0,6.0,20.0,20.0,67.0,67.0,9.123e-11,9.24e-11,9.182e-11,25.0,1
37,3.0,3.0,4.0,2.0,1.0,3.0,1.0,1.0,6.0,6.0,20.0,20.0,69.0,69.0,9.124e-11,9.244e-11,9.184e-11,25.0,1
38,3.0,3.0,4.0,2.0,1.0,3.0,1.0,1.0,6.0,6.0,20.0,20.0,71.0,71.0,9.126e-11,9.249e-11,9.188e-11,25.0,1
39,3.0,3.0,4.0,2.0,1.0,3.0,1.0,1.0,6.0,6.0,20.0,20.0,73.0,73.0,9.128e-11,9.253e-11,9.191e-11,25.0,1
40,3.0,3.0,4.0,2.0,1.0,3.0,1.0,1.0,6.0,6.0,20.0,20.0,75.0,75.0,9.132e-11,9.258e-11,9.195e-11,25.0,1
41,3.0,3.0,4.0,2.0,1.0,3.0,1.0,1.0,6.0,6.0,22.0,22.0,67.0,67.0,9.132e-11,9.244e-11,9.188e-11,25.0,1
42,3.0,3.0,4.0,2.0,1.0,3.0,1.0,1.0,6.0,6.0,22.0,22.0,69.0,69.0,9.133e-11,9.247e-11,9.19e-11,25.0,1
43,3.0,3.0,4.0,2.0,1.0,3.0,1.0,1.0,6.0,6.0,22.0,22.0,71.0,71.0,9.135e-11,9.251e-11,9.193e-11,25.0,1
44,3.0,3.0,4.0,2.0,1.0,3.0,1.0,1.0,6.0,6.0,22.0,22.0,73.0,73.0,9.136e-11,9.254e-11,9.195e-11,25.0,1
45,3.0,3.0,4.0,2.0,1.0,3.0,1.0,1.0,6.0,6.0,22.0,22.0,75.0,75.0,9.138e-11,9.258e-11,9.198e-11,25.0,1
46,3.0,3.0,4.0,2.0,1.0,3.0,2.0,2.0,4.0,4.0,18.0,18.0,67.0,67.0,8.923e-11,9.001e-11,8.962e-11,25.0,1
47,3.0,3.0,4.0,2.0,1.0,3.0,2.0,2.0,4.0,4.0,18.0,18.0,69.0,69.0,8.926e-11,9.007e-11,8.967e-11,25.0,1
48,3.0,3.0,4.0,2.0,1.0,3.0,2.0,2.0,4.0,4.0,18.0,18.0,71.0,71.0,8.929e-11,9.013e-11,8.971e-11,25.0,1
49,3.0,3.0,4.0,2.0,1.0,3.0,2.0,2.0,4.0,4.0,18.0,18.0,73.0,73.0,8.934e-11,9.019e-11,8.977e-11,25.0,1
50,3.0,3.0,4.0,2.0,1.0,3.0,2.0,2.0,4.0,4.0,18.0,18.0,75.0,75.0,8.938e-11,9.026e-11,8.982e-11,25.0,1
51,3.0,3.0,4.0,2.0,1.0,3.0,2.0,2.0,4.0,4.0,20.0,20.0,67.0,67.0,8.944e-11,9.011e-11,8.977e-11,25.0,1
52,3.0,3.0,4.0,2.0,1.0,3.0,2.0,2.0,4.0,4.0,20.0,20.0,69.0,69.0,8.946e-11,9.016e-11,8.981e-11,25.0,1
53,3.0,3.0,4.0,2.0,1.0,3.0,2.0,2.0,4.0,4.0,20.0,20.0,71.0,71.0,8.949e-11,9.021e-11,8.985e-11,25.0,1
54,3.0,3.0,4.0,2.0,1.0,3.0,2.0,2.0,4.0,4.0,20.0,20.0,73.0,73.0,8.952e-11,9.026e-11,8.989e-11,25.0,1
55,3.0,3.0,4.0,2.0,1.0,3.0,2.0,2.0,4.0,4.0,20.0,20.0,75.0,75.0,8.956e-11,9.032e-11,8.994e-11,25.0,1
56,3.0,3.0,4.0,2.0,1.0,3.0,2.0,2.0,4.0,4.0,22.0,22.0,67.0,67.0,8.973e-11,9.03e-11,9.001e-11,25.0,1
57,3.0,3.0,4.0,2.0,1.0,3.0,2.0,2.0,4.0,4.0,22.0,22.0,69.0,69.0,8.974e-11,9.034e-11,9.004e-11,25.0,1
58,3.0,3.0,4.0,2.0,1.0,3.0,2.0,2.0,4.0,4.0,22.0,22.0,71.0,71.0,8.975e-11,9.037e-11,9.006e-11,25.0,1
59,3.0,3.0,4.0,2.0,1.0,3.0,2.0,2.0,4.0,4.0,22.0,22.0,73.0,73.0,8.977e-11,9.042e-11,9.01e-11,25.0,1
60,3.0,3.0,4.0,2.0,1.0,3.0,2.0,2.0,4.0,4.0,22.0,22.0,75.0,75.0,8.981e-11,9.047e-11,9.014e-11,25.0,1
61,3.0,3.0,4.0,2.0,1.0,3.0,2.0,2.0,5.0,5.0,18.0,18.0,67.0,67.0,8.867e-11,8.961e-11,8.914e-11,25.0,1
62,3.0,3.0,4.0,2.0,1.0,3.0,2.0,2.0,5.0,5.0,18.0,18.0,69.0,69.0,8.869e-11,8.967e-11,8.918e-11,25.0,1
63,3.0,3.0,4.0,2.0,1.0,3.0,2.0,2.0,5.0,5.0,18.0,18.0,71.0,71.0,8.873e-11,8.973e-11,8.923e-11,25.0,1
64,3.0,3.0,4.0,2.0,1.0,3.0,2.0,2.0,5.0,5.0,18.0,18.0,73.0,73.0,8.877e-11,8.979e-11,8.928e-11,25.0,1
65,3.0,3.0,4.0,2.0,1.0,3.0,2.0,2.0,5.0,5.0,18.0,18.0,75.0,75.0,8.881e-11,8.986e-11,8.934e-11,25.0,1
66,3.0,3.0,4.0,2.0,1.0,3.0,2.0,2.0,5.0,5.0,20.0,20.0,67.0,67.0,8.875e-11,8.961e-11,8.918e-11,25.0,1
67,3.0,3.0,4.0,2.0,1.0,3.0,2.0,2.0,5.0,5.0,20.0,20.0,69.0,69.0,8.877e-11,8.965e-11,8.921e-11,25.0,1
68,3.0,3.0,4.0,2.0,1.0,3.0,2.0,2.0,5.0,5.0,20.0,20.0,71.0,71.0,8.879e-11,8.97e-11,8.924e-11,25.0,1
69,3.0,3.0,4.0,2.0,1.0,3.0,2.0,2.0,5.0,5.0,20.0,20.0,73.0,73.0,8.882e-11,8.975e-11,8.929e-11,25.0,1
70,3.0,3.0,4.0,2.0,1.0,3.0,2.0,2.0,5.0,5.0,20.0,20.0,75.0,75.0,8.886e-11,8.98e-11,8.933e-11,25.0,1
71,3.0,3.0,4.0,2.0,1.0,3.0,2.0,2.0,5.0,5.0,22.0,22.0,67.0,67.0,8.891e-11,8.969e-11,8.93e-11,25.0,1
72,3.0,3.0,4.0,2.0,1.0,3.0,2.0,2.0,5.0,5.0,22.0,22.0,69.0,69.0,8.892e-11,8.972e-11,8.932e-11,25.0,1
73,3.0,3.0,4.0,2.0,1.0,3.0,2.0,2.0,5.0,5.0,22.0,22.0,71.0,71.0,8.894e-11,8.976e-11,8.935e-11,25.0,1
74,3.0,3.0,4.0,2.0,1.0,3.0,2.0,2.0,5.0,5.0,22.0,22.0,73.0,73.0,8.896e-11,8.98e-11,8.938e-11,25.0,1
75,3.0,3.0,4.0,2.0,1.0,3.0,2.0,2.0,5.0,5.0,22.0,22.0,75.0,75.0,8.898e-11,8.984e-11,8.941e-11,25.0,1
76,3.0,3.0,4.0,2.0,1.0,3.0,2.0,2.0,6.0,6.0,18.0,18.0,67.0,67.0,8.851e-11,8.957e-11,8.904e-11,25.0,1
77,3.0,3.0,4.0,2.0,1.0,3.0,2.0,2.0,6.0,6.0,18.0,18.0,69.0,69.0,8.854e-11,8.962e-11,8.908e-11,25.0,1
78,3.0,3.0,4.0,2.0,1.0,3.0,2.0,2.0,6.0,6.0,18.0,18.0,71.0,71.0,8.857e-11,8.968e-11,8.912e-11,25.0,1
79,3.0,3.0,4.0,2.0,1.0,3.0,2.0,2.0,6.0,6.0,18.0,18.0,73.0,73.0,8.86e-11,8.974e-11,8.917e-11,25.0,1
80,3.0,3.0,4.0,2.0,1.0,3.0,2.0,2.0,6.0,6.0,18.0,18.0,75.0,75.0,8.864e-11,8.981e-11,8.922e-11,25.0,1
81,3.0,3.0,4.0,2.0,1.0,3.0,2.0,2.0,6.0,6.0,20.0,20.0,67.0,67.0,8.851e-11,8.949e-11,8.9e-11,25.0,1
82,3.0,3.0,4.0,2.0,1.0,3.0,2.0,2.0,6.0,6.0,20.0,20.0,69.0,69.0,8.852e-11,8.953e-11,8.903e-11,25.0,1
83,3.0,3.0,4.0,2.0,1.0,3.0,2.0,2.0,6.0,6.0,20.0,20.0,71.0,71.0,8.855e-11,8.958e-11,8.906e-11,25.0,1
84,3.0,3.0,4.0,2.0,1.0,3.0,2.0,2.0,6.0,6.0,20.0,20.0,73.0,73.0,8.858e-11,8.963e-11,8.91e-11,25.0,1
85,3.0,3.0,4.0,2.0,1.0,3.0,2.0,2.0,6.0,6.0,20.0,20.0,75.0,75.0,8.861e-11,8.968e-11,8.914e-11,25.0,1
86,3.0,3.0,4.0,2.0,1.0,3.0,2.0,2.0,6.0,6.0,22.0,22.0,67.0,67.0,8.859e-11,8.949e-11,8.904e-11,25.0,1
87,3.0,3.0,4.0,2.0,1.0,3.0,2.0,2.0,6.0,6.0,22.0,22.0,69.0,69.0,8.859e-11,8.953e-11,8.906e-11,25.0,1
88,3.0,3.0,4.0,2.0,1.0,3.0,2.0,2.0,6.0,6.0,22.0,22.0,71.0,71.0,8.86e-11,8.956e-11,8.908e-11,25.0,1
89,3.0,3.0,4.0,2.0,1.0,3.0,2.0,2.0,6.0,6.0,22.0,22.0,73.0,73.0,8.863e-11,8.961e-11,8.912e-11,25.0,1
90,3.0,3.0,4.0,2.0,1.0,3.0,2.0,2.0,6.0,6.0,22.0,22.0,75.0,75.0,8.864e-11,8.965e-11,8.915e-11,25.0,1
91,3.0,3.0,4.0,2.0,2.0,6.0,1.0,1.0,4.0,4.0,18.0,18.0,67.0,67.0,1.41e-10,1.414e-10,1.412e-10,25.0,1
92,3.0,3.0,4.0,2.0,2.0,6.0,1.0,1.0,4.0,4.0,18.0,18.0,69.0,69.0,1.41e-10,1.414e-10,1.412e-10,25.0,1
93,3.0,3.0,4.0,2.0,2.0,6.0,1.0,1.0,4.0,4.0,18.0,18.0,71.0,71.0,1.411e-10,1.415e-10,1.413e-10,25.0,1
94,3.0,3.0,4.0,2.0,2.0,6.0,1.0,1.0,4.0,4.0,18.0,18.0,73.0,73.0,1.411e-10,1.415e-10,1.413e-10,25.0,1
95,3.0,3.0,4.0,2.0,2.0,6.0,1.0,1.0,4.0,4.0,18.0,18.0,75.0,75.0,1.411e-10,1.416e-10,1.414e-10,25.0,1
96,3.0,3.0,4.0,2.0,2.0,6.0,1.0,1.0,4.0,4.0,20.0,20.0,67.0,67.0,1.412e-10,1.415e-10,1.413e-10,25.0,1
97,3.0,3.0,4.0,2.0,2.0,6.0,1.0,1.0,4.0,4.0,20.0,20.0,69.0,69.0,1.412e-10,1.415e-10,1.414e-10,25.0,1
98,3.0,3.0,4.0,2.0,2.0,6.0,1.0,1.0,4.0,4.0,20.0,20.0,71.0,71.0,1.413e-10,1.416e-10,1.414e-10,25.0,1
99,3.0,3.0,4.0,2.0,2.0,6.0,1.0,1.0,4.0,4.0,20.0,20.0,73.0,73.0,1.413e-10,1.416e-10,1.415e-10,25.0,1
100,3.0,3.0,4.0,2.0,2.0,6.0,1.0,1.0,4.0,4.0,20.0,20.0,75.0,75.0,1.413e-10,1.417e-10,1.415e-10,25.0,1
101,3.0,3.0,4.0,2.0,2.0,6.0,1.0,1.0,4.0,4.0,22.0,22.0,67.0,67.0,1.415e-10,1.417e-10,1.416e-10,25.0,1
102,3.0,3.0,4.0,2.0,2.0,6.0,1.0,1.0,4.0,4.0,22.0,22.0,69.0,69.0,1.415e-10,1.417e-10,1.416e-10,25.0,1
103,3.0,3.0,4.0,2.0,2.0,6.0,1.0,1.0,4.0,4.0,22.0,22.0,71.0,71.0,1.415e-10,1.418e-10,1.417e-10,25.0,1
104,3.0,3.0,4.0,2.0,2.0,6.0,1.0,1.0,4.0,4.0,22.0,22.0,73.0,73.0,1.416e-10,1.418e-10,1.417e-10,25.0,1
105,3.0,3.0,4.0,2.0,2.0,6.0,1.0,1.0,4.0,4.0,22.0,22.0,75.0,75.0,1.416e-10,1.418e-10,1.417e-10,25.0,1
106,3.0,3.0,4.0,2.0,2.0,6.0,1.0,1.0,5.0,5.0,18.0,18.0,67.0,67.0,1.411e-10,1.416e-10,1.413e-10,25.0,1
107,3.0,3.0,4.0,2.0,2.0,6.0,1.0,1.0,5.0,5.0,18.0,18.0,69.0,69.0,1.411e-10,1.416e-10,1.414e-10,25.0,1
108,3.0,3.0,4.0,2.0,2.0,6.0,1.0,1.0,5.0,5.0,18.0,18.0,71.0,71.0,1.411e-10,1.417e-10,1.414e-10,25.0,1
109,3.0,3.0,4.0,2.0,2.0,6.0,1.0,1.0,5.0,5.0,18.0,18.0,73.0,73.0,1.412e-10,1.418e-10,1.415e-10,25.0,1
110,3.0,3.0,4.0,2.0,2.0,6.0,1.0,1.0,5.0,5.0,18.0,18.0,75.0,75.0,1.412e-10,1.418e-10,1.415e-10,25.0,1
111,3.0,3.0,4.0,2.0,2.0,6.0,1.0,1.0,5.0,5.0,20.0,20.0,67.0,67.0,1.412e-10,1.416e-10,1.414e-10,25.0,1
112,3.0,3.0,4.0,2.0,2.0,6.0,1.0,1.0,5.0,5.0,20.0,20.0,69.0,69.0,1.412e-10,1.416e-10,1.414e-10,25.0,1
113,3.0,3.0,4.0,2.0,2.0,6.0,1.0,1.0,5.0,5.0,20.0,20.0,71.0,71.0,1.412e-10,1.417e-10,1.414e-10,25.0,1
114,3.0,3.0,4.0,2.0,2.0,6.0,1.0,1.0,5.0,5.0,20.0,20.0,73.0,73.0,1.412e-10,1.417e-10,1.415e-10,25.0,1
115,3.0,3.0,4.0,2.0,2.0,6.0,1.0,1.0,5.0,5.0,20.0,20.0,75.0,75.0,1.412e-10,1.418e-10,1.415e-10,25.0,1
116,3.0,3.0,4.0,2.0,2.0,6.0,1.0,1.0,5.0,5.0,22.0,22.0,67.0,67.0,1.413e-10,1.417e-10,1.415e-10,25.0,1
117,3.0,3.0,4.0,2.0,2.0,6.0,1.0,1.0,5.0,5.0,22.0,22.0,69.0,69.0,1.413e-10,1.417e-10,1.415e-10,25.0,1
118,3.0,3.0,4.0,2.0,2.0,6.0,1.0,1.0,5.0,5.0,22.0,22.0,71.0,71.0,1.413e-10,1.418e-10,1.416e-10,25.0,1
119,3.0,3.0,4.0,2.0,2.0,6.0,1.0,1.0,5.0,5.0,22.0,22.0,73.0,73.0,1.414e-10,1.418e-10,1.416e-10,25.0,1
120,3.0,3.0,4.0,2.0,2.0,6.0,1.0,1.0,5.0,5.0,22.0,22.0,75.0,75.0,1.414e-10,1.419e-10,1.416e-10,25.0,1
121,3.0,3.0,4.0,2.0,2.0,6.0,1.0,1.0,6.0,6.0,18.0,18.0,67.0,67.0,1.415e-10,1.421e-10,1.418e-10,25.0,1
122,3.0,3.0,4.0,2.0,2.0,6.0,1.0,1.0,6.0,6.0,18.0,18.0,69.0,69.0,1.415e-10,1.422e-10,1.419e-10,25.0,1
123,3.0,3.0,4.0,2.0,2.0,6.0,1.0,1.0,6.0,6.0,18.0,18.0,71.0,71.0,1.415e-10,1.423e-10,1.419e-10,25.0,1
124,3.0,3.0,4.0,2.0,2.0,6.0,1.0,1.0,6.0,6.0,18.0,18.0,73.0,73.0,1.416e-10,1.423e-10,1.42e-10,25.0,1
125,3.0,3.0,4.0,2.0,2.0,6.0,1.0,1.0,6.0,6.0,18.0,18.0,75.0,75.0,1.416e-10,1.424e-10,1.42e-10,25.0,1
126,3.0,3.0,4.0,2.0,2.0,6.0,1.0,1.0,6.0,6.0,20.0,20.0,67.0,67.0,1.415e-10,1.421e-10,1.418e-10,25.0,1
127,3.0,3.0,4.0,2.0,2.0,6.0,1.0,1.0,6.0,6.0,20.0,20.0,69.0,69.0,1.415e-10,1.422e-10,1.418e-10,25.0,1
128,3.0,3.0,4.0,2.0,2.0,6.0,1.0,1.0,6.0,6.0,20.0,20.0,71.0,71.0,1.415e-10,1.422e-10,1.419e-10,25.0,1
129,3.0,3.0,4.0,2.0,2.0,6.0,1.0,1.0,6.0,6.0,20.0,20.0,73.0,73.0,1.416e-10,1.422e-10,1.419e-10,25.0,1
130,3.0,3.0,4.0,2.0,2.0,6.0,1.0,1.0,6.0,6.0,20.0,20.0,75.0,75.0,1.416e-10,1.423e-10,1.419e-10,25.0,1
131,3.0,3.0,4.0,2.0,2.0,6.0,1.0,1.0,6.0,6.0,22.0,22.0,67.0,67.0,1.416e-10,1.421e-10,1.419e-10,25.0,1
132,3.0,3.0,4.0,2.0,2.0,6.0,1.0,1.0,6.0,6.0,22.0,22.0,69.0,69.0,1.416e-10,1.422e-10,1.419e-10,25.0,1
133,3.0,3.0,4.0,2.0,2.0,6.0,1.0,1.0,6.0,6.0,22.0,22.0,71.0,71.0,1.416e-10,1.422e-10,1.419e-10,25.0,1
134,3.0,3.0,4.0,2.0,2.0,6.0,1.0,1.0,6.0,6.0,22.0,22.0,73.0,73.0,1.416e-10,1.423e-10,1.42e-10,25.0,1
135,3.0,3.0,4.0,2.0,2.0,6.0,1.0,1.0,6.0,6.0,22.0,22.0,75.0,75.0,1.417e-10,1.423e-10,1.42e-10,25.0,1
136,3.0,3.0,4.0,2.0,2.0,6.0,2.0,2.0,4.0,4.0,18.0,18.0,67.0,67.0,1.389e-10,1.392e-10,1.39e-10,25.0,1
137,3.0,3.0,4.0,2.0,2.0,6.0,2.0,2.0,4.0,4.0,18.0,18.0,69.0,69.0,1.389e-10,1.393e-10,1.391e-10,25.0,1
138,3.0,3.0,4.0,2.0,2.0,6.0,2.0,2.0,4.0,4.0,18.0,18.0,71.0,71.0,1.389e-10,1.393e-10,1.391e-10,25.0,1
139,3.0,3.0,4.0,2.0,2.0,6.0,2.0,2.0,4.0,4.0,18.0,18.0,73.0,73.0,1.39e-10,1.394e-10,1.392e-10,25.0,1
140,3.0,3.0,4.0,2.0,2.0,6.0,2.0,2.0,4.0,4.0,18.0,18.0,75.0,75.0,1.39e-10,1.395e-10,1.392e-10,25.0,1
141,3.0,3.0,4.0,2.0,2.0,6.0,2.0,2.0,4.0,4.0,20.0,20.0,67.0,67.0,1.391e-10,1.393e-10,1.392e-10,25.0,1
142,3.0,3.0,4.0,2.0,2.0,6.0,2.0,2.0,4.0,4.0,20.0,20.0,69.0,69.0,1.391e-10,1.394e-10,1.392e-10,25.0,1
143,3.0,3.0,4.0,2.0,2.0,6.0,2.0,2.0,4.0,4.0,20.0,20.0,71.0,71.0,1.391e-10,1.394e-10,1.393e-10,25.0,1
144,3.0,3.0,4.0,2.0,2.0,6.0,2.0,2.0,4.0,4.0,20.0,20.0,73.0,73.0,1.392e-10,1.395e-10,1.393e-10,25.0,1
145,3.0,3.0,4.0,2.0,2.0,6.0,2.0,2.0,4.0,4.0,20.0,20.0,75.0,75.0,1.392e-10,1.395e-10,1.394e-10,25.0,1
146,3.0,3.0,4.0,2.0,2.0,6.0,2.0,2.0,4.0,4.0,22.0,22.0,67.0,67.0,1.394e-10,1.395e-10,1.394e-10,25.0,1
147,3.0,3.0,4.0,2.0,2.0,6.0,2.0,2.0,4.0,4.0,22.0,22.0,69.0,69.0,1.394e-10,1.395e-10,1.395e-10,25.0,1
148,3.0,3.0,4.0,2.0,2.0,6.0,2.0,2.0,4.0,4.0,22.0,22.0,71.0,71.0,1.394e-10,1.396e-10,1.395e-10,25.0,1
149,3.0,3.0,4.0,2.0,2.0,6.0,2.0,2.0,4.0,4.0,22.0,22.0,73.0,73.0,1.394e-10,1.396e-10,1.395e-10,25.0,1
150,3.0,3.0,4.0,2.0,2.0,6.0,2.0,2.0,4.0,4.0,22.0,22.0,75.0,75.0,1.394e-10,1.397e-10,1.396e-10,25.0,1
151,3.0,3.0,4.0,2.0,2.0,6.0,2.0,2.0,5.0,5.0,18.0,18.0,67.0,67.0,1.383e-10,1.388e-10,1.386e-10,25.0,1
152,3.0,3.0,4.0,2.0,2.0,6.0,2.0,2.0,5.0,5.0,18.0,18.0,69.0,69.0,1.384e-10,1.389e-10,1.386e-10,25.0,1
153,3.0,3.0,4.0,2.0,2.0,6.0,2.0,2.0,5.0,5.0,18.0,18.0,71.0,71.0,1.384e-10,1.389e-10,1.387e-10,25.0,1
154,3.0,3.0,4.0,2.0,2.0,6.0,2.0,2.0,5.0,5.0,18.0,18.0,73.0,73.0,1.385e-10,1.39e-10,1.387e-10,25.0,1
155,3.0,3.0,4.0,2.0,2.0,6.0,2.0,2.0,5.0,5.0,18.0,18.0,75.0,75.0,1.385e-10,1.39e-10,1.388e-10,25.0,1
156,3.0,3.0,4.0,2.0,2.0,6.0,2.0,2.0,5.0,5.0,20.0,20.0,67.0,67.0,1.384e-10,1.388e-10,1.386e-10,25.0,1
157,3.0,3.0,4.0,2.0,2.0,6.0,2.0,2.0,5.0,5.0,20.0,20.0,69.0,69.0,1.384e-10,1.388e-10,1.386e-10,25.0,1
158,3.0,3.0,4.0,2.0,2.0,6.0,2.0,2.0,5.0,5.0,20.0,20.0,71.0,71.0,1.385e-10,1.389e-10,1.387e-10,25.0,1
159,3.0,3.0,4.0,2.0,2.0,6.0,2.0,2.0,5.0,5.0,20.0,20.0,73.0,73.0,1.385e-10,1.389e-10,1.387e-10,25.0,1
160,3.0,3.0,4.0,2.0,2.0,6.0,2.0,2.0,5.0,5.0,20.0,20.0,75.0,75.0,1.385e-10,1.39e-10,1.387e-10,25.0,1
161,3.0,3.0,4.0,2.0,2.0,6.0,2.0,2.0,5.0,5.0,22.0,22.0,67.0,67.0,1.386e-10,1.389e-10,1.387e-10,25.0,1
162,3.0,3.0,4.0,2.0,2.0,6.0,2.0,2.0,5.0,5.0,22.0,22.0,69.0,69.0,1.386e-10,1.389e-10,1.387e-10,25.0,1
163,3.0,3.0,4.0,2.0,2.0,6.0,2.0,2.0,5.0,5.0,22.0,22.0,71.0,71.0,1.386e-10,1.389e-10,1.388e-10,25.0,1
164,3.0,3.0,4.0,2.0,2.0,6.0,2.0,2.0,5.0,5.0,22.0,22.0,73.0,73.0,1.386e-10,1.39e-10,1.388e-10,25.0,1
165,3.0,3.0,4.0,2.0,2.0,6.0,2.0,2.0,5.0,5.0,22.0,22.0,75.0,75.0,1.387e-10,1.39e-10,1.388e-10,25.0,1
166,3.0,3.0,4.0,2.0,2.0,6.0,2.0,2.0,6.0,6.0,18.0,18.0,67.0,67.0,1.382e-10,1.387e-10,1.385e-10,25.0,1
167,3.0,3.0,4.0,2.0,2.0,6.0,2.0,2.0,6.0,6.0,18.0,18.0,69.0,69.0,1.382e-10,1.388e-10,1.385e-10,25.0,1
168,3.0,3.0,4.0,2.0,2.0,6.0,2.0,2.0,6.0,6.0,18.0,18.0,71.0,71.0,1.383e-10,1.389e-10,1.386e-10,25.0,1
169,3.0,3.0,4.0,2.0,2.0,6.0,2.0,2.0,6.0,6.0,18.0,18.0,73.0,73.0,1.383e-10,1.389e-10,1.386e-10,25.0,1
170,3.0,3.0,4.0,2.0,2.0,6.0,2.0,2.0,6.0,6.0,18.0,18.0,75.0,75.0,1.383e-10,1.39e-10,1.387e-10,25.0,1
171,3.0,3.0,4.0,2.0,2.0,6.0,2.0,2.0,6.0,6.0,20.0,20.0,67.0,67.0,1.382e-10,1.387e-10,1.384e-10,25.0,1
172,3.0,3.0,4.0,2.0,2.0,6.0,2.0,2.0,6.0,6.0,20.0,20.0,69.0,69.0,1.382e-10,1.387e-10,1.385e-10,25.0,1
173,3.0,3.0,4.0,2.0,2.0,6.0,2.0,2.0,6.0,6.0,20.0,20.0,71.0,71.0,1.382e-10,1.387e-10,1.385e-10,25.0,1
174,3.0,3.0,4.0,2.0,2.0,6.0,2.0,2.0,6.0,6.0,20.0,20.0,73.0,73.0,1.383e-10,1.388e-10,1.385e-10,25.0,1
175,3.0,3.0,4.0,2.0,2.0,6.0,2.0,2.0,6.0,6.0,20.0,20.0,75.0,75.0,1.383e-10,1.388e-10,1.386e-10,25.0,1
176,3.0,3.0,4.0,2.0,2.0,6.0,2.0,2.0,6.0,6.0,22.0,22.0,67.0,67.0,1.383e-10,1.387e-10,1.385e-10,25.0,1
177,3.0,3.0,4.0,2.0,2.0,6.0,2.0,2.0,6.0,6.0,22.0,22.0,69.0,69.0,1.383e-10,1.387e-10,1.385e-10,25.0,1
178,3.0,3.0,4.0,2.0,2.0,6.0,2.0,2.0,6.0,6.0,22.0,22.0,71.0,71.0,1.383e-10,1.387e-10,1.385e-10,25.0,1
179,3.0,3.0,4.0,2.0,2.0,6.0,2.0,2.0,6.0,6.0,22.0,22.0,73.0,73.0,1.383e-10,1.388e-10,1.385e-10,25.0,1
180,3.0,3.0,4.0,2.0,2.0,6.0,2.0,2.0,6.0,6.0,22.0,22.0,75.0,75.0,1.383e-10,1.388e-10,1.386e-10,25.0,1
181,3.0,3.0,5.0,3.0,1.0,3.0,1.0,1.0,4.0,4.0,18.0,18.0,67.0,67.0,9.08e-11,9.163e-11,9.122e-11,25.0,1
182,3.0,3.0,5.0,3.0,1.0,3.0,1.0,1.0,4.0,4.0,18.0,18.0,69.0,69.0,9.084e-11,9.168e-11,9.126e-11,25.0,1
183,3.0,3.0,5.0,3.0,1.0,3.0,1.0,1.0,4.0,4.0,18.0,18.0,71.0,71.0,9.088e-11,9.174e-11,9.131e-11,25.0,1
184,3.0,3.0,5.0,3.0,1.0,3.0,1.0,1.0,4.0,4.0,18.0,18.0,73.0,73.0,9.092e-11,9.181e-11,9.137e-11,25.0,1
185,3.0,3.0,5.0,3.0,1.0,3.0,1.0,1.0,4.0,4.0,18.0,18.0,75.0,75.0,9.096e-11,9.187e-11,9.142e-11,25.0,1
186,3.0,3.0,5.0,3.0,1.0,3.0,1.0,1.0,4.0,4.0,20.0,20.0,67.0,67.0,9.103e-11,9.176e-11,9.139e-11,25.0,1
187,3.0,3.0,5.0,3.0,1.0,3.0,1.0,1.0,4.0,4.0,20.0,20.0,69.0,69.0,9.105e-11,9.18e-11,9.143e-11,25.0,1
188,3.0,3.0,5.0,3.0,1.0,3.0,1.0,1.0,4.0,4.0,20.0,20.0,71.0,71.0,9.108e-11,9.185e-11,9.147e-11,25.0,1
189,3.0,3.0,5.0,3.0,1.0,3.0,1.0,1.0,4.0,4.0,20.0,20.0,73.0,73.0,9.112e-11,9.19e-11,9.151e-11,25.0,1
190,3.0,3.0,5.0,3.0,1.0,3.0,1.0,1.0,4.0,4.0,20.0,20.0,75.0,75.0,9.115e-11,9.196e-11,9.156e-11,25.0,1
191,3.0,3.0,5.0,3.0,1.0,3.0,1.0,1.0,4.0,4.0,22.0,22.0,67.0,67.0,9.133e-11,9.197e-11,9.165e-11,25.0,1
192,3.0,3.0,5.0,3.0,1.0,3.0,1.0,1.0,4.0,4.0,22.0,22.0,69.0,69.0,9.134e-11,9.2e-11,9.167e-11,25.0,1
193,3.0,3.0,5.0,3.0,1.0,3.0,1.0,1.0,4.0,4.0,22.0,22.0,71.0,71.0,9.136e-11,9.204e-11,9.17e-11,25.0,1
194,3.0,3.0,5.0,3.0,1.0,3.0,1.0,1.0,4.0,4.0,22.0,22.0,73.0,73.0,9.139e-11,9.208e-11,9.174e-11,25.0,1
195,3.0,3.0,5.0,3.0,1.0,3.0,1.0,1.0,4.0,4.0,22.0,22.0,75.0,75.0,9.141e-11,9.213e-11,9.177e-11,25.0,1
196,3.0,3.0,5.0,3.0,1.0,3.0,1.0,1.0,5.0,5.0,18.0,18.0,67.0,67.0,9.082e-11,9.187e-11,9.135e-11,25.0,1
197,3.0,3.0,5.0,3.0,1.0,3.0,1.0,1.0,5.0,5.0,18.0,18.0,69.0,69.0,9.085e-11,9.192e-11,9.139e-11,25.0,1
198,3.0,3.0,5.0,3.0,1.0,3.0,1.0,1.0,5.0,5.0,18.0,18.0,71.0,71.0,9.089e-11,9.198e-11,9.144e-11,25.0,1
199,3.0,3.0,5.0,3.0,1.0,3.0,1.0,1.0,5.0,5.0,18.0,18.0,73.0,73.0,9.092e-11,9.203e-11,9.148e-11,25.0,1
200,3.0,3.0,5.0,3.0,1.0,3.0,1.0,1.0,5.0,5.0,18.0,18.0,75.0,75.0,9.097e-11,9.21e-11,9.154e-11,25.0,1
201,3.0,3.0,5.0,3.0,1.0,3.0,1.0,1.0,5.0,5.0,20.0,20.0,67.0,67.0,9.093e-11,9.19e-11,9.141e-11,25.0,1
202,3.0,3.0,5.0,3.0,1.0,3.0,1.0,1.0,5.0,5.0,20.0,20.0,69.0,69.0,9.095e-11,9.193e-11,9.144e-11,25.0,1
203,3.0,3.0,5.0,3.0,1.0,3.0,1.0,1.0,5.0,5.0,20.0,20.0,71.0,71.0,9.097e-11,9.199e-11,9.148e-11,25.0,1
204,3.0,3.0,5.0,3.0,1.0,3.0,1.0,1.0,5.0,5.0,20.0,20.0,73.0,73.0,9.1e-11,9.203e-11,9.151e-11,25.0,1
205,3.0,3.0,5.0,3.0,1.0,3.0,1.0,1.0,5.0,5.0,20.0,20.0,75.0,75.0,9.103e-11,9.208e-11,9.156e-11,25.0,1
206,3.0,3.0,5.0,3.0,1.0,3.0,1.0,1.0,5.0,5.0,22.0,22.0,67.0,67.0,9.11e-11,9.2e-11,9.155e-11,25.0,1
207,3.0,3.0,5.0,3.0,1.0,3.0,1.0,1.0,5.0,5.0,22.0,22.0,69.0,69.0,9.111e-11,9.204e-11,9.158e-11,25.0,1
208,3.0,3.0,5.0,3.0,1.0,3.0,1.0,1.0,5.0,5.0,22.0,22.0,71.0,71.0,9.113e-11,9.207e-11,9.16e-11,25.0,1
209,3.0,3.0,5.0,3.0,1.0,3.0,1.0,1.0,5.0,5.0,22.0,22.0,73.0,73.0,9.115e-11,9.211e-11,9.163e-11,25.0,1
210,3.0,3.0,5.0,3.0,1.0,3.0,1.0,1.0,5.0,5.0,22.0,22.0,75.0,75.0,9.117e-11,9.215e-11,9.166e-11,25.0,1
211,3.0,3.0,5.0,3.0,1.0,3.0,1.0,1.0,6.0,6.0,18.0,18.0,67.0,67.0,9.121e-11,9.245e-11,9.183e-11,25.0,1
212,3.0,3.0,5.0,3.0,1.0,3.0,1.0,1.0,6.0,6.0,18.0,18.0,69.0,69.0,9.124e-11,9.25e-11,9.187e-11,25.0,1
213,3.0,3.0,5.0,3.0,1.0,3.0,1.0,1.0,6.0,6.0,18.0,18.0,71.0,71.0,9.127e-11,9.256e-11,9.192e-11,25.0,1
214,3.0,3.0,5.0,3.0,1.0,3.0,1.0,1.0,6.0,6.0,18.0,18.0,73.0,73.0,9.131e-11,9.261e-11,9.196e-11,25.0,1
215,3.0,3.0,5.0,3.0,1.0,3.0,1.0,1.0,6.0,6.0,18.0,18.0,75.0,75.0,9.135e-11,9.268e-11,9.201e-11,25.0,1
216,3.0,3.0,5.0,3.0,1.0,3.0,1.0,1.0,6.0,6.0,20.0,20.0,67.0,67.0,9.125e-11,9.24e-11,9.183e-11,25.0,1
217,3.0,3.0,5.0,3.0,1.0,3.0,1.0,1.0,6.0,6.0,20.0,20.0,69.0,69.0,9.125e-11,9.244e-11,9.185e-11,25.0,1
218,3.0,3.0,5.0,3.0,1.0,3.0,1.0,1.0,6.0,6.0,20.0,20.0,71.0,71.0,9.128e-11,9.249e-11,9.189e-11,25.0,1
219,3.0,3.0,5.0,3.0,1.0,3.0,1.0,1.0,6.0,6.0,20.0,20.0,73.0,73.0,9.13e-11,9.253e-11,9.192e-11,25.0,1
220,3.0,3.0,5.0,3.0,1.0,3.0,1.0,1.0,6.0,6.0,20.0,20.0,75.0,75.0,9.134e-11,9.258e-11,9.196e-11,25.0,1
221,3.0,3.0,5.0,3.0,1.0,3.0,1.0,1.0,6.0,6.0,22.0,22.0,67.0,67.0,9.135e-11,9.245e-11,9.19e-11,25.0,1
222,3.0,3.0,5.0,3.0,1.0,3.0,1.0,1.0,6.0,6.0,22.0,22.0,69.0,69.0,9.136e-11,9.248e-11,9.192e-11,25.0,1
223,3.0,3.0,5.0,3.0,1.0,3.0,1.0,1.0,6.0,6.0,22.0,22.0,71.0,71.0,9.136e-11,9.251e-11,9.194e-11,25.0,1
224,3.0,3.0,5.0,3.0,1.0,3.0,1.0,1.0,6.0,6.0,22.0,22.0,73.0,73.0,9.138e-11,9.255e-11,9.197e-11,25.0,1
225,3.0,3.0,5.0,3.0,1.0,3.0,1.0,1.0,6.0,6.0,22.0,22.0,75.0,75.0,9.14e-11,9.259e-11,9.199e-11,25.0,1
226,3.0,3.0,5.0,3.0,1.0,3.0,2.0,2.0,4.0,4.0,18.0,18.0,67.0,67.0,8.924e-11,9.002e-11,8.963e-11,25.0,1
227,3.0,3.0,5.0,3.0,1.0,3.0,2.0,2.0,4.0,4.0,18.0,18.0,69.0,69.0,8.927e-11,9.007e-11,8.967e-11,25.0,1
228,3.0,3.0,5.0,3.0,1.0,3.0,2.0,2.0,4.0,4.0,18.0,18.0,71.0,71.0,8.931e-11,9.013e-11,8.972e-11,25.0,1
229,3.0,3.0,5.0,3.0,1.0,3.0,2.0,2.0,4.0,4.0,18.0,18.0,73.0,73.0,8.936e-11,9.02e-11,8.978e-11,25.0,1
230,3.0,3.0,5.0,3.0,1.0,3.0,2.0,2.0,4.0,4.0,18.0,18.0,75.0,75.0,8.94e-11,9.027e-11,8.983e-11,25.0,1
231,3.0,3.0,5.0,3.0,1.0,3.0,2.0,2.0,4.0,4.0,20.0,20.0,67.0,67.0,8.945e-11,9.012e-11,8.979e-11,25.0,1
232,3.0,3.0,5.0,3.0,1.0,3.0,2.0,2.0,4.0,4.0,20.0,20.0,69.0,69.0,8.947e-11,9.017e-11,8.982e-11,25.0,1
233,3.0,3.0,5.0,3.0,1.0,3.0,2.0,2.0,4.0,4.0,20.0,20.0,71.0,71.0,8.95e-11,9.022e-11,8.986e-11,25.0,1
234,3.0,3.0,5.0,3.0,1.0,3.0,2.0,2.0,4.0,4.0,20.0,20.0,73.0,73.0,8.954e-11,9.027e-11,8.99e-11,25.0,1
235,3.0,3.0,5.0,3.0,1.0,3.0,2.0,2.0,4.0,4.0,20.0,20.0,75.0,75.0,8.957e-11,9.032e-11,8.994e-11,25.0,1
236,3.0,3.0,5.0,3.0,1.0,3.0,2.0,2.0,4.0,4.0,22.0,22.0,67.0,67.0,8.974e-11,9.03e-11,9.002e-11,25.0,1
237,3.0,3.0,5.0,3.0,1.0,3.0,2.0,2.0,4.0,4.0,22.0,22.0,69.0,69.0,8.975e-11,9.035e-11,9.005e-11,25.0,1
238,3.0,3.0,5.0,3.0,1.0,3.0,2.0,2.0,4.0,4.0,22.0,22.0,71.0,71.0,8.977e-11,9.039e-11,9.008e-11,25.0,1
239,3.0,3.0,5.0,3.0,1.0,3.0,2.0,2.0,4.0,4.0,22.0,22.0,73.0,73.0,8.98e-11,9.042e-11,9.011e-11,25.0,1
240,3.0,3.0,5.0,3.0,1.0,3.0,2.0,2.0,4.0,4.0,22.0,22.0,75.0,75.0,8.982e-11,9.047e-11,9.015e-11,25.0,1
241,3.0,3.0,5.0,3.0,1.0,3.0,2.0,2.0,5.0,5.0,18.0,18.0,67.0,67.0,8.868e-11,8.962e-11,8.915e-11,25.0,1
242,3.0,3.0,5.0,3.0,1.0,3.0,2.0,2.0,5.0,5.0,18.0,18.0,69.0,69.0,8.87e-11,8.968e-11,8.919e-11,25.0,1
243,3.0,3.0,5.0,3.0,1.0,3.0,2.0,2.0,5.0,5.0,18.0,18.0,71.0,71.0,8.874e-11,8.974e-11,8.924e-11,25.0,1
244,3.0,3.0,5.0,3.0,1.0,3.0,2.0,2.0,5.0,5.0,18.0,18.0,73.0,73.0,8.879e-11,8.98e-11,8.929e-11,25.0,1
245,3.0,3.0,5.0,3.0,1.0,3.0,2.0,2.0,5.0,5.0,18.0,18.0,75.0,75.0,8.883e-11,8.986e-11,8.935e-11,25.0,1
246,3.0,3.0,5.0,3.0,1.0,3.0,2.0,2.0,5.0,5.0,20.0,20.0,67.0,67.0,8.878e-11,8.962e-11,8.92e-11,25.0,1
247,3.0,3.0,5.0,3.0,1.0,3.0,2.0,2.0,5.0,5.0,20.0,20.0,69.0,69.0,8.878e-11,8.966e-11,8.922e-11,25.0,1
248,3.0,3.0,5.0,3.0,1.0,3.0,2.0,2.0,5.0,5.0,20.0,20.0,71.0,71.0,8.88e-11,8.971e-11,8.925e-11,25.0,1
249,3.0,3.0,5.0,3.0,1.0,3.0,2.0,2.0,5.0,5.0,20.0,20.0,73.0,73.0,8.883e-11,8.975e-11,8.929e-11,25.0,1
250,3.0,3.0,5.0,3.0,1.0,3.0,2.0,2.0,5.0,5.0,20.0,20.0,75.0,75.0,8.887e-11,8.981e-11,8.934e-11,25.0,1
251,3.0,3.0,5.0,3.0,1.0,3.0,2.0,2.0,5.0,5.0,22.0,22.0,67.0,67.0,8.892e-11,8.97e-11,8.931e-11,25.0,1
252,3.0,3.0,5.0,3.0,1.0,3.0,2.0,2.0,5.0,5.0,22.0,22.0,69.0,69.0,8.894e-11,8.973e-11,8.933e-11,25.0,1
253,3.0,3.0,5.0,3.0,1.0,3.0,2.0,2.0,5.0,5.0,22.0,22.0,71.0,71.0,8.895e-11,8.976e-11,8.936e-11,25.0,1
254,3.0,3.0,5.0,3.0,1.0,3.0,2.0,2.0,5.0,5.0,22.0,22.0,73.0,73.0,8.897e-11,8.98e-11,8.939e-11,25.0,1
255,3.0,3.0,5.0,3.0,1.0,3.0,2.0,2.0,5.0,5.0,22.0,22.0,75.0,75.0,8.899e-11,8.985e-11,8.942e-11,25.0,1
256,3.0,3.0,5.0,3.0,1.0,3.0,2.0,2.0,6.0,6.0,18.0,18.0,67.0,67.0,8.853e-11,8.958e-11,8.905e-11,25.0,1
257,3.0,3.0,5.0,3.0,1.0,3.0,2.0,2.0,6.0,6.0,18.0,18.0,69.0,69.0,8.855e-11,8.963e-11,8.909e-11,25.0,1
258,3.0,3.0,5.0,3.0,1.0,3.0,2.0,2.0,6.0,6.0,18.0,18.0,71.0,71.0,8.858e-11,8.969e-11,8.913e-11,25.0,1
259,3.0,3.0,5.0,3.0,1.0,3.0,2.0,2.0,6.0,6.0,18.0,18.0,73.0,73.0,8.862e-11,8.975e-11,8.919e-11,25.0,1
260,3.0,3.0,5.0,3.0,1.0,3.0,2.0,2.0,6.0,6.0,18.0,18.0,75.0,75.0,8.865e-11,8.982e-11,8.924e-11,25.0,1
261,3.0,3.0,5.0,3.0,1.0,3.0,2.0,2.0,6.0,6.0,20.0,20.0,67.0,67.0,8.853e-11,8.95e-11,8.901e-11,25.0,1
262,3.0,3.0,5.0,3.0,1.0,3.0,2.0,2.0,6.0,6.0,20.0,20.0,69.0,69.0,8.854e-11,8.955e-11,8.904e-11,25.0,1
263,3.0,3.0,5.0,3.0,1.0,3.0,2.0,2.0,6.0,6.0,20.0,20.0,71.0,71.0,8.855e-11,8.959e-11,8.907e-11,25.0,1
264,3.0,3.0,5.0,3.0,1.0,3.0,2.0,2.0,6.0,6.0,20.0,20.0,73.0,73.0,8.859e-11,8.964e-11,8.911e-11,25.0,1
265,3.0,3.0,5.0,3.0,1.0,3.0,2.0,2.0,6.0,6.0,20.0,20.0,75.0,75.0,8.862e-11,8.969e-11,8.916e-11,25.0,1
266,3.0,3.0,5.0,3.0,1.0,3.0,2.0,2.0,6.0,6.0,22.0,22.0,67.0,67.0,8.861e-11,8.95e-11,8.905e-11,25.0,1
267,3.0,3.0,5.0,3.0,1.0,3.0,2.0,2.0,6.0,6.0,22.0,22.0,69.0,69.0,8.862e-11,8.954e-11,8.908e-11,25.0,1
268,3.0,3.0,5.0,3.0,1.0,3.0,2.0,2.0,6.0,6.0,22.0,22.0,71.0,71.0,8.862e-11,8.958e-11,8.91e-11,25.0,1
269,3.0,3.0,5.0,3.0,1.0,3.0,2.0,2.0,6.0,6.0,22.0,22.0,73.0,73.0,8.864e-11,8.961e-11,8.913e-11,25.0,1
270,3.0,3.0,5.0,3.0,1.0,3.0,2.0,2.0,6.0,6.0,22.0,22.0,75.0,75.0,8.866e-11,8.966e-11,8.916e-11,25.0,1
271,3.0,3.0,5.0,3.0,2.0,6.0,1.0,1.0,4.0,4.0,18.0,18.0,67.0,67.0,1.41e-10,1.414e-10,1.412e-10,25.0,1
272,3.0,3.0,5.0,3.0,2.0,6.0,1.0,1.0,4.0,4.0,18.0,18.0,69.0,69.0,1.411e-10,1.414e-10,1.412e-10,25.0,1
273,3.0,3.0,5.0,3.0,2.0,6.0,1.0,1.0,4.0,4.0,18.0,18.0,71.0,71.0,1.411e-10,1.415e-10,1.413e-10,25.0,1
274,3.0,3.0,5.0,3.0,2.0,6.0,1.0,1.0,4.0,4.0,18.0,18.0,73.0,73.0,1.411e-10,1.415e-10,1.413e-10,25.0,1
275,3.0,3.0,5.0,3.0,2.0,6.0,1.0,1.0,4.0,4.0,18.0,18.0,75.0,75.0,1.412e-10,1.416e-10,1.414e-10,25.0,1
276,3.0,3.0,5.0,3.0,2.0,6.0,1.0,1.0,4.0,4.0,20.0,20.0,67.0,67.0,1.412e-10,1.415e-10,1.414e-10,25.0,1
277,3.0,3.0,5.0,3.0,2.0,6.0,1.0,1.0,4.0,4.0,20.0,20.0,69.0,69.0,1.413e-10,1.415e-10,1.414e-10,25.0,1
278,3.0,3.0,5.0,3.0,2.0,6.0,1.0,1.0,4.0,4.0,20.0,20.0,71.0,71.0,1.413e-10,1.416e-10,1.414e-10,25.0,1
279,3.0,3.0,5.0,3.0,2.0,6.0,1.0,1.0,4.0,4.0,20.0,20.0,73.0,73.0,1.413e-10,1.416e-10,1.415e-10,25.0,1
280,3.0,3.0,5.0,3.0,2.0,6.0,1.0,1.0,4.0,4.0,20.0,20.0,75.0,75.0,1.414e-10,1.417e-10,1.415e-10,25.0,1
281,3.0,3.0,5.0,3.0,2.0,6.0,1.0,1.0,4.0,4.0,22.0,22.0,67.0,67.0,1.415e-10,1.417e-10,1.416e-10,25.0,1
282,3.0,3.0,5.0,3.0,2.0,6.0,1.0,1.0,4.0,4.0,22.0,22.0,69.0,69.0,1.415e-10,1.417e-10,1.416e-10,25.0,1
283,3.0,3.0,5.0,3.0,2.0,6.0,1.0,1.0,4.0,4.0,22.0,22.0,71.0,71.0,1.416e-10,1.418e-10,1.417e-10,25.0,1
284,3.0,3.0,5.0,3.0,2.0,6.0,1.0,1.0,4.0,4.0,22.0,22.0,73.0,73.0,1.416e-10,1.418e-10,1.417e-10,25.0,1
285,3.0,3.0,5.0,3.0,2.0,6.0,1.0,1.0,4.0,4.0,22.0,22.0,75.0,75.0,1.416e-10,1.419e-10,1.417e-10,25.0,1
286,3.0,3.0,5.0,3.0,2.0,6.0,1.0,1.0,5.0,5.0,18.0,18.0,67.0,67.0,1.411e-10,1.416e-10,1.413e-10,25.0,1
287,3.0,3.0,5.0,3.0,2.0,6.0,1.0,1.0,5.0,5.0,18.0,18.0,69.0,69.0,1.411e-10,1.416e-10,1.414e-10,25.0,1
288,3.0,3.0,5.0,3.0,2.0,6.0,1.0,1.0,5.0,5.0,18.0,18.0,71.0,71.0,1.412e-10,1.417e-10,1.414e-10,25.0,1
289,3.0,3.0,5.0,3.0,2.0,6.0,1.0,1.0,5.0,5.0,18.0,18.0,73.0,73.0,1.412e-10,1.418e-10,1.415e-10,25.0,1
290,3.0,3.0,5.0,3.0,2.0,6.0,1.0,1.0,5.0,5.0,18.0,18.0,75.0,75.0,1.412e-10,1.418e-10,1.415e-10,25.0,1
291,3.0,3.0,5.0,3.0,2.0,6.0,1.0,1.0,5.0,5.0,20.0,20.0,67.0,67.0,1.412e-10,1.416e-10,1.414e-10,25.0,1
292,3.0,3.0,5.0,3.0,2.0,6.0,1.0,1.0,5.0,5.0,20.0,20.0,69.0,69.0,1.412e-10,1.417e-10,1.414e-10,25.0,1
293,3.0,3.0,5.0,3.0,2.0,6.0,1.0,1.0,5.0,5.0,20.0,20.0,71.0,71.0,1.412e-10,1.417e-10,1.415e-10,25.0,1
294,3.0,3.0,5.0,3.0,2.0,6.0,1.0,1.0,5.0,5.0,20.0,20.0,73.0,73.0,1.413e-10,1.418e-10,1.415e-10,25.0,1
295,3.0,3.0,5.0,3.0,2.0,6.0,1.0,1.0,5.0,5.0,20.0,20.0,75.0,75.0,1.413e-10,1.418e-10,1.415e-10,25.0,1
296,3.0,3.0,5.0,3.0,2.0,6.0,1.0,1.0,5.0,5.0,22.0,22.0,67.0,67.0,1.414e-10,1.417e-10,1.415e-10,25.0,1
297,3.0,3.0,5.0,3.0,2.0,6.0,1.0,1.0,5.0,5.0,22.0,22.0,69.0,69.0,1.414e-10,1.418e-10,1.416e-10,25.0,1
298,3.0,3.0,5.0,3.0,2.0,6.0,1.0,1.0,5.0,5.0,22.0,22.0,71.0,71.0,1.414e-10,1.418e-10,1.416e-10,25.0,1
299,3.0,3.0,5.0,3.0,2.0,6.0,1.0,1.0,5.0,5.0,22.0,22.0,73.0,73.0,1.414e-10,1.418e-10,1.416e-10,25.0,1
300,3.0,3.0,5.0,3.0,2.0,6.0,1.0,1.0,5.0,5.0,22.0,22.0,75.0,75.0,1.414e-10,1.419e-10,1.417e-10,25.0,1
301,3.0,3.0,5.0,3.0,2.0,6.0,1.0,1.0,6.0,6.0,18.0,18.0,67.0,67.0,1.415e-10,1.422e-10,1.418e-10,25.0,1
302,3.0,3.0,5.0,3.0,2.0,6.0,1.0,1.0,6.0,6.0,18.0,18.0,69.0,69.0,1.415e-10,1.422e-10,1.419e-10,25.0,1
303,3.0,3.0,5.0,3.0,2.0,6.0,1.0,1.0,6.0,6.0,18.0,18.0,71.0,71.0,1.416e-10,1.423e-10,1.419e-10,25.0,1
304,3.0,3.0,5.0,3.0,2.0,6.0,1.0,1.0,6.0,6.0,18.0,18.0,73.0,73.0,1.416e-10,1.423e-10,1.42e-10,25.0,1
305,3.0,3.0,5.0,3.0,2.0,6.0,1.0,1.0,6.0,6.0,18.0,18.0,75.0,75.0,1.416e-10,1.424e-10,1.42e-10,25.0,1
306,3.0,3.0,5.0,3.0,2.0,6.0,1.0,1.0,6.0,6.0,20.0,20.0,67.0,67.0,1.415e-10,1.421e-10,1.418e-10,25.0,1
307,3.0,3.0,5.0,3.0,2.0,6.0,1.0,1.0,6.0,6.0,20.0,20.0,69.0,69.0,1.416e-10,1.422e-10,1.419e-10,25.0,1
308,3.0,3.0,5.0,3.0,2.0,6.0,1.0,1.0,6.0,6.0,20.0,20.0,71.0,71.0,1.416e-10,1.422e-10,1.419e-10,25.0,1
309,3.0,3.0,5.0,3.0,2.0,6.0,1.0,1.0,6.0,6.0,20.0,20.0,73.0,73.0,1.416e-10,1.422e-10,1.419e-10,25.0,1
310,3.0,3.0,5.0,3.0,2.0,6.0,1.0,1.0,6.0,6.0,20.0,20.0,75.0,75.0,1.416e-10,1.423e-10,1.42e-10,25.0,1
311,3.0,3.0,5.0,3.0,2.0,6.0,1.0,1.0,6.0,6.0,22.0,22.0,67.0,67.0,1.416e-10,1.422e-10,1.419e-10,25.0,1
312,3.0,3.0,5.0,3.0,2.0,6.0,1.0,1.0,6.0,6.0,22.0,22.0,69.0,69.0,1.417e-10,1.422e-10,1.419e-10,25.0,1
313,3.0,3.0,5.0,3.0,2.0,6.0,1.0,1.0,6.0,6.0,22.0,22.0,71.0,71.0,1.417e-10,1.422e-10,1.419e-10,25.0,1
314,3.0,3.0,5.0,3.0,2.0,6.0,1.0,1.0,6.0,6.0,22.0,22.0,73.0,73.0,1.417e-10,1.423e-10,1.42e-10,25.0,1
315,3.0,3.0,5.0,3.0,2.0,6.0,1.0,1.0,6.0,6.0,22.0,22.0,75.0,75.0,1.417e-10,1.423e-10,1.42e-10,25.0,1
316,3.0,3.0,5.0,3.0,2.0,6.0,2.0,2.0,4.0,4.0,18.0,18.0,67.0,67.0,1.389e-10,1.392e-10,1.391e-10,25.0,1
317,3.0,3.0,5.0,3.0,2.0,6.0,2.0,2.0,4.0,4.0,18.0,18.0,69.0,69.0,1.389e-10,1.393e-10,1.391e-10,25.0,1
318,3.0,3.0,5.0,3.0,2.0,6.0,2.0,2.0,4.0,4.0,18.0,18.0,71.0,71.0,1.39e-10,1.393e-10,1.391e-10,25.0,1
319,3.0,3.0,5.0,3.0,2.0,6.0,2.0,2.0,4.0,4.0,18.0,18.0,73.0,73.0,1.39e-10,1.394e-10,1.392e-10,25.0,1
320,3.0,3.0,5.0,3.0,2.0,6.0,2.0,2.0,4.0,4.0,18.0,18.0,75.0,75.0,1.391e-10,1.395e-10,1.393e-10,25.0,1
321,3.0,3.0,5.0,3.0,2.0,6.0,2.0,2.0,4.0,4.0,20.0,20.0,67.0,67.0,1.391e-10,1.393e-10,1.392e-10,25.0,1
322,3.0,3.0,5.0,3.0,2.0,6.0,2.0,2.0,4.0,4.0,20.0,20.0,69.0,69.0,1.391e-10,1.394e-10,1.393e-10,25.0,1
323,3.0,3.0,5.0,3.0,2.0,6.0,2.0,2.0,4.0,4.0,20.0,20.0,71.0,71.0,1.392e-10,1.394e-10,1.393e-10,25.0,1
324,3.0,3.0,5.0,3.0,2.0,6.0,2.0,2.0,4.0,4.0,20.0,20.0,73.0,73.0,1.392e-10,1.395e-10,1.393e-10,25.0,1
325,3.0,3.0,5.0,3.0,2.0,6.0,2.0,2.0,4.0,4.0,20.0,20.0,75.0,75.0,1.392e-10,1.395e-10,1.394e-10,25.0,1
326,3.0,3.0,5.0,3.0,2.0,6.0,2.0,2.0,4.0,4.0,22.0,22.0,67.0,67.0,1.394e-10,1.395e-10,1.395e-10,25.0,1
327,3.0,3.0,5.0,3.0,2.0,6.0,2.0,2.0,4.0,4.0,22.0,22.0,69.0,69.0,1.394e-10,1.395e-10,1.395e-10,25.0,1
328,3.0,3.0,5.0,3.0,2.0,6.0,2.0,2.0,4.0,4.0,22.0,22.0,71.0,71.0,1.394e-10,1.396e-10,1.395e-10,25.0,1
329,3.0,3.0,5.0,3.0,2.0,6.0,2.0,2.0,4.0,4.0,22.0,22.0,73.0,73.0,1.394e-10,1.396e-10,1.395e-10,25.0,1
330,3.0,3.0,5.0,3.0,2.0,6.0,2.0,2.0,4.0,4.0,22.0,22.0,75.0,75.0,1.395e-10,1.397e-10,1.396e-10,25.0,1
331,3.0,3.0,5.0,3.0,2.0,6.0,2.0,2.0,5.0,5.0,18.0,18.0,67.0,67.0,1.384e-10,1.388e-10,1.386e-10,25.0,1
332,3.0,3.0,5.0,3.0,2.0,6.0,2.0,2.0,5.0,5.0,18.0,18.0,69.0,69.0,1.384e-10,1.389e-10,1.386e-10,25.0,1
333,3.0,3.0,5.0,3.0,2.0,6.0,2.0,2.0,5.0,5.0,18.0,18.0,71.0,71.0,1.384e-10,1.389e-10,1.387e-10,25.0,1
334,3.0,3.0,5.0,3.0,2.0,6.0,2.0,2.0,5.0,5.0,18.0,18.0,73.0,73.0,1.385e-10,1.39e-10,1.387e-10,25.0,1
335,3.0,3.0,5.0,3.0,2.0,6.0,2.0,2.0,5.0,5.0,18.0,18.0,75.0,75.0,1.385e-10,1.39e-10,1.388e-10,25.0,1
336,3.0,3.0,5.0,3.0,2.0,6.0,2.0,2.0,5.0,5.0,20.0,20.0,67.0,67.0,1.384e-10,1.388e-10,1.386e-10,25.0,1
337,3.0,3.0,5.0,3.0,2.0,6.0,2.0,2.0,5.0,5.0,20.0,20.0,69.0,69.0,1.385e-10,1.388e-10,1.386e-10,25.0,1
338,3.0,3.0,5.0,3.0,2.0,6.0,2.0,2.0,5.0,5.0,20.0,20.0,71.0,71.0,1.385e-10,1.389e-10,1.387e-10,25.0,1
339,3.0,3.0,5.0,3.0,2.0,6.0,2.0,2.0,5.0,5.0,20.0,20.0,73.0,73.0,1.385e-10,1.389e-10,1.387e-10,25.0,1
340,3.0,3.0,5.0,3.0,2.0,6.0,2.0,2.0,5.0,5.0,20.0,20.0,75.0,75.0,1.385e-10,1.39e-10,1.388e-10,25.0,1
341,3.0,3.0,5.0,3.0,2.0,6.0,2.0,2.0,5.0,5.0,22.0,22.0,67.0,67.0,1.386e-10,1.389e-10,1.387e-10,25.0,1
342,3.0,3.0,5.0,3.0,2.0,6.0,2.0,2.0,5.0,5.0,22.0,22.0,69.0,69.0,1.386e-10,1.389e-10,1.388e-10,25.0,1
343,3.0,3.0,5.0,3.0,2.0,6.0,2.0,2.0,5.0,5.0,22.0,22.0,71.0,71.0,1.386e-10,1.389e-10,1.388e-10,25.0,1
344,3.0,3.0,5.0,3.0,2.0,6.0,2.0,2.0,5.0,5.0,22.0,22.0,73.0,73.0,1.386e-10,1.39e-10,1.388e-10,25.0,1
345,3.0,3.0,5.0,3.0,2.0,6.0,2.0,2.0,5.0,5.0,22.0,22.0,75.0,75.0,1.387e-10,1.39e-10,1.389e-10,25.0,1
346,3.0,3.0,5.0,3.0,2.0,6.0,2.0,2.0,6.0,6.0,18.0,18.0,67.0,67.0,1.382e-10,1.387e-10,1.385e-10,25.0,1
347,3.0,3.0,5.0,3.0,2.0,6.0,2.0,2.0,6.0,6.0,18.0,18.0,69.0,69.0,1.383e-10,1.388e-10,1.385e-10,25.0,1
348,3.0,3.0,5.0,3.0,2.0,6.0,2.0,2.0,6.0,6.0,18.0,18.0,71.0,71.0,1.383e-10,1.388e-10,1.386e-10,25.0,1
349,3.0,3.0,5.0,3.0,2.0,6.0,2.0,2.0,6.0,6.0,18.0,18.0,73.0,73.0,1.383e-10,1.389e-10,1.386e-10,25.0,1
350,3.0,3.0,5.0,3.0,2.0,6.0,2.0,2.0,6.0,6.0,18.0,18.0,75.0,75.0,1.384e-10,1.39e-10,1.387e-10,25.0,1
351,3.0,3.0,5.0,3.0,2.0,6.0,2.0,2.0,6.0,6.0,20.0,20.0,67.0,67.0,1.382e-10,1.387e-10,1.384e-10,25.0,1
352,3.0,3.0,5.0,3.0,2.0,6.0,2.0,2.0,6.0,6.0,20.0,20.0,69.0,69.0,1.382e-10,1.387e-10,1.385e-10,25.0,1
353,3.0,3.0,5.0,3.0,2.0,6.0,2.0,2.0,6.0,6.0,20.0,20.0,71.0,71.0,1.383e-10,1.388e-10,1.385e-10,25.0,1
354,3.0,3.0,5.0,3.0,2.0,6.0,2.0,2.0,6.0,6.0,20.0,20.0,73.0,73.0,1.383e-10,1.388e-10,1.385e-10,25.0,1
355,3.0,3.0,5.0,3.0,2.0,6.0,2.0,2.0,6.0,6.0,20.0,20.0,75.0,75.0,1.383e-10,1.389e-10,1.386e-10,25.0,1
356,3.0,3.0,5.0,3.0,2.0,6.0,2.0,2.0,6.0,6.0,22.0,22.0,67.0,67.0,1.383e-10,1.387e-10,1.385e-10,25.0,1
357,3.0,3.0,5.0,3.0,2.0,6.0,2.0,2.0,6.0,6.0,22.0,22.0,69.0,69.0,1.383e-10,1.387e-10,1.385e-10,25.0,1
358,3.0,3.0,5.0,3.0,2.0,6.0,2.0,2.0,6.0,6.0,22.0,22.0,71.0,71.0,1.383e-10,1.387e-10,1.385e-10,25.0,1
359,3.0,3.0,5.0,3.0,2.0,6.0,2.0,2.0,6.0,6.0,22.0,22.0,73.0,73.0,1.384e-10,1.388e-10,1.386e-10,25.0,1
360,3.0,3.0,5.0,3.0,2.0,6.0,2.0,2.0,6.0,6.0,22.0,22.0,75.0,75.0,1.384e-10,1.388e-10,1.386e-10,25.0,1
361,3.0,3.0,6.0,3.0,1.0,3.0,1.0,1.0,4.0,4.0,18.0,18.0,67.0,67.0,9.083e-11,9.164e-11,9.123e-11,25.0,1
362,3.0,3.0,6.0,3.0,1.0,3.0,1.0,1.0,4.0,4.0,18.0,18.0,69.0,69.0,9.086e-11,9.169e-11,9.128e-11,25.0,1
363,3.0,3.0,6.0,3.0,1.0,3.0,1.0,1.0,4.0,4.0,18.0,18.0,71.0,71.0,9.089e-11,9.175e-11,9.132e-11,25.0,1
364,3.0,3.0,6.0,3.0,1.0,3.0,1.0,1.0,4.0,4.0,18.0,18.0,73.0,73.0,9.094e-11,9.182e-11,9.138e-11,25.0,1
365,3.0,3.0,6.0,3.0,1.0,3.0,1.0,1.0,4.0,4.0,18.0,18.0,75.0,75.0,9.098e-11,9.188e-11,9.143e-11,25.0,1
366,3.0,3.0,6.0,3.0,1.0,3.0,1.0,1.0,4.0,4.0,20.0,20.0,67.0,67.0,9.104e-11,9.176e-11,9.14e-11,25.0,1
367,3.0,3.0,6.0,3.0,1.0,3.0,1.0,1.0,4.0,4.0,20.0,20.0,69.0,69.0,9.108e-11,9.181e-11,9.144e-11,25.0,1
368,3.0,3.0,6.0,3.0,1.0,3.0,1.0,1.0,4.0,4.0,20.0,20.0,71.0,71.0,9.11e-11,9.185e-11,9.148e-11,25.0,1
369,3.0,3.0,6.0,3.0,1.0,3.0,1.0,1.0,4.0,4.0,20.0,20.0,73.0,73.0,9.113e-11,9.19e-11,9.151e-11,25.0,1
370,3.0,3.0,6.0,3.0,1.0,3.0,1.0,1.0,4.0,4.0,20.0,20.0,75.0,75.0,9.116e-11,9.197e-11,9.156e-11,25.0,1
371,3.0,3.0,6.0,3.0,1.0,3.0,1.0,1.0,4.0,4.0,22.0,22.0,67.0,67.0,9.134e-11,9.197e-11,9.166e-11,25.0,1
372,3.0,3.0,6.0,3.0,1.0,3.0,1.0,1.0,4.0,4.0,22.0,22.0,69.0,69.0,9.135e-11,9.201e-11,9.168e-11,25.0,1
373,3.0,3.0,6.0,3.0,1.0,3.0,1.0,1.0,4.0,4.0,22.0,22.0,71.0,71.0,9.138e-11,9.205e-11,9.171e-11,25.0,1
374,3.0,3.0,6.0,3.0,1.0,3.0,1.0,1.0,4.0,4.0,22.0,22.0,73.0,73.0,9.14e-11,9.209e-11,9.174e-11,25.0,1
375,3.0,3.0,6.0,3.0,1.0,3.0,1.0,1.0,4.0,4.0,22.0,22.0,75.0,75.0,9.143e-11,9.213e-11,9.178e-11,25.0,1
376,3.0,3.0,6.0,3.0,1.0,3.0,1.0,1.0,5.0,5.0,18.0,18.0,67.0,67.0,9.083e-11,9.188e-11,9.136e-11,25.0,1
377,3.0,3.0,6.0,3.0,1.0,3.0,1.0,1.0,5.0,5.0,18.0,18.0,69.0,69.0,9.086e-11,9.192e-11,9.139e-11,25.0,1
378,3.0,3.0,6.0,3.0,1.0,3.0,1.0,1.0,5.0,5.0,18.0,18.0,71.0,71.0,9.09e-11,9.199e-11,9.145e-11,25.0,1
379,3.0,3.0,6.0,3.0,1.0,3.0,1.0,1.0,5.0,5.0,18.0,18.0,73.0,73.0,9.094e-11,9.204e-11,9.149e-11,25.0,1
380,3.0,3.0,6.0,3.0,1.0,3.0,1.0,1.0,5.0,5.0,18.0,18.0,75.0,75.0,9.098e-11,9.211e-11,9.155e-11,25.0,1
381,3.0,3.0,6.0,3.0,1.0,3.0,1.0,1.0,5.0,5.0,20.0,20.0,67.0,67.0,9.094e-11,9.19e-11,9.142e-11,25.0,1
382,3.0,3.0,6.0,3.0,1.0,3.0,1.0,1.0,5.0,5.0,20.0,20.0,69.0,69.0,9.097e-11,9.194e-11,9.146e-11,25.0,1
383,3.0,3.0,6.0,3.0,1.0,3.0,1.0,1.0,5.0,5.0,20.0,20.0,71.0,71.0,9.098e-11,9.198e-11,9.148e-11,25.0,1
384,3.0,3.0,6.0,3.0,1.0,3.0,1.0,1.0,5.0,5.0,20.0,20.0,73.0,73.0,9.102e-11,9.204e-11,9.153e-11,25.0,1
385,3.0,3.0,6.0,3.0,1.0,3.0,1.0,1.0,5.0,5.0,20.0,20.0,75.0,75.0,9.104e-11,9.209e-11,9.157e-11,25.0,1
386,3.0,3.0,6.0,3.0,1.0,3.0,1.0,1.0,5.0,5.0,22.0,22.0,67.0,67.0,9.112e-11,9.201e-11,9.157e-11,25.0,1
387,3.0,3.0,6.0,3.0,1.0,3.0,1.0,1.0,5.0,5.0,22.0,22.0,69.0,69.0,9.113e-11,9.205e-11,9.159e-11,25.0,1
388,3.0,3.0,6.0,3.0,1.0,3.0,1.0,1.0,5.0,5.0,22.0,22.0,71.0,71.0,9.115e-11,9.208e-11,9.161e-11,25.0,1
389,3.0,3.0,6.0,3.0,1.0,3.0,1.0,1.0,5.0,5.0,22.0,22.0,73.0,73.0,9.117e-11,9.212e-11,9.164e-11,25.0,1
390,3.0,3.0,6.0,3.0,1.0,3.0,1.0,1.0,5.0,5.0,22.0,22.0,75.0,75.0,9.12e-11,9.216e-11,9.168e-11,25.0,1
391,3.0,3.0,6.0,3.0,1.0,3.0,1.0,1.0,6.0,6.0,18.0,18.0,67.0,67.0,9.123e-11,9.246e-11,9.184e-11,25.0,1
392,3.0,3.0,6.0,3.0,1.0,3.0,1.0,1.0,6.0,6.0,18.0,18.0,69.0,69.0,9.126e-11,9.25e-11,9.188e-11,25.0,1
393,3.0,3.0,6.0,3.0,1.0,3.0,1.0,1.0,6.0,6.0,18.0,18.0,71.0,71.0,9.129e-11,9.256e-11,9.192e-11,25.0,1
394,3.0,3.0,6.0,3.0,1.0,3.0,1.0,1.0,6.0,6.0,18.0,18.0,73.0,73.0,9.133e-11,9.262e-11,9.197e-11,25.0,1
395,3.0,3.0,6.0,3.0,1.0,3.0,1.0,1.0,6.0,6.0,18.0,18.0,75.0,75.0,9.136e-11,9.269e-11,9.202e-11,25.0,1
396,3.0,3.0,6.0,3.0,1.0,3.0,1.0,1.0,6.0,6.0,20.0,20.0,67.0,67.0,9.126e-11,9.241e-11,9.183e-11,25.0,1
397,3.0,3.0,6.0,3.0,1.0,3.0,1.0,1.0,6.0,6.0,20.0,20.0,69.0,69.0,9.127e-11,9.245e-11,9.186e-11,25.0,1
398,3.0,3.0,6.0,3.0,1.0,3.0,1.0,1.0,6.0,6.0,20.0,20.0,71.0,71.0,9.129e-11,9.25e-11,9.19e-11,25.0,1
399,3.0,3.0,6.0,3.0,1.0,3.0,1.0,1.0,6.0,6.0,20.0,20.0,73.0,73.0,9.133e-11,9.254e-11,9.193e-11,25.0,1
400,3.0,3.0,6.0,3.0,1.0,3.0,1.0,1.0,6.0,6.0,20.0,20.0,75.0,75.0,9.134e-11,9.26e-11,9.197e-11,25.0,1
401,3.0,3.0,6.0,3.0,1.0,3.0,1.0,1.0,6.0,6.0,22.0,22.0,67.0,67.0,9.136e-11,9.245e-11,9.191e-11,25.0,1
402,3.0,3.0,6.0,3.0,1.0,3.0,1.0,1.0,6.0,6.0,22.0,22.0,69.0,69.0,9.137e-11,9.248e-11,9.193e-11,25.0,1
403,3.0,3.0,6.0,3.0,1.0,3.0,1.0,1.0,6.0,6.0,22.0,22.0,71.0,71.0,9.138e-11,9.252e-11,9.195e-11,25.0,1
404,3.0,3.0,6.0,3.0,1.0,3.0,1.0,1.0,6.0,6.0,22.0,22.0,73.0,73.0,9.139e-11,9.256e-11,9.198e-11,25.0,1
405,3.0,3.0,6.0,3.0,1.0,3.0,1.0,1.0,6.0,6.0,22.0,22.0,75.0,75.0,9.142e-11,9.259e-11,9.201e-11,25.0,1
406,3.0,3.0,6.0,3.0,1.0,3.0,2.0,2.0,4.0,4.0,18.0,18.0,67.0,67.0,8.925e-11,9.003e-11,8.964e-11,25.0,1
407,3.0,3.0,6.0,3.0,1.0,3.0,2.0,2.0,4.0,4.0,18.0,18.0,69.0,69.0,8.928e-11,9.008e-11,8.968e-11,25.0,1
408,3.0,3.0,6.0,3.0,1.0,3.0,2.0,2.0,4.0,4.0,18.0,18.0,71.0,71.0,8.933e-11,9.015e-11,8.974e-11,25.0,1
409,3.0,3.0,6.0,3.0,1.0,3.0,2.0,2.0,4.0,4.0,18.0,18.0,73.0,73.0,8.937e-11,9.021e-11,8.979e-11,25.0,1
410,3.0,3.0,6.0,3.0,1.0,3.0,2.0,2.0,4.0,4.0,18.0,18.0,75.0,75.0,8.941e-11,9.027e-11,8.984e-11,25.0,1
411,3.0,3.0,6.0,3.0,1.0,3.0,2.0,2.0,4.0,4.0,20.0,20.0,67.0,67.0,8.946e-11,9.013e-11,8.98e-11,25.0,1
412,3.0,3.0,6.0,3.0,1.0,3.0,2.0,2.0,4.0,4.0,20.0,20.0,69.0,69.0,8.949e-11,9.018e-11,8.983e-11,25.0,1
413,3.0,3.0,6.0,3.0,1.0,3.0,2.0,2.0,4.0,4.0,20.0,20.0,71.0,71.0,8.952e-11,9.023e-11,8.987e-11,25.0,1
414,3.0,3.0,6.0,3.0,1.0,3.0,2.0,2.0,4.0,4.0,20.0,20.0,73.0,73.0,8.955e-11,9.028e-11,8.991e-11,25.0,1
415,3.0,3.0,6.0,3.0,1.0,3.0,2.0,2.0,4.0,4.0,20.0,20.0,75.0,75.0,8.959e-11,9.033e-11,8.996e-11,25.0,1
416,3.0,3.0,6.0,3.0,1.0,3.0,2.0,2.0,4.0,4.0,22.0,22.0,67.0,67.0,8.975e-11,9.031e-11,9.003e-11,25.0,1
417,3.0,3.0,6.0,3.0,1.0,3.0,2.0,2.0,4.0,4.0,22.0,22.0,69.0,69.0,8.976e-11,9.035e-11,9.005e-11,25.0,1
418,3.0,3.0,6.0,3.0,1.0,3.0,2.0,2.0,4.0,4.0,22.0,22.0,71.0,71.0,8.979e-11,9.039e-11,9.009e-11,25.0,1
419,3.0,3.0,6.0,3.0,1.0,3.0,2.0,2.0,4.0,4.0,22.0,22.0,73.0,73.0,8.98e-11,9.044e-11,9.012e-11,25.0,1
420,3.0,3.0,6.0,3.0,1.0,3.0,2.0,2.0,4.0,4.0,22.0,22.0,75.0,75.0,8.984e-11,9.048e-11,9.016e-11,25.0,1
421,3.0,3.0,6.0,3.0,1.0,3.0,2.0,2.0,5.0,5.0,18.0,18.0,67.0,67.0,8.869e-11,8.963e-11,8.916e-11,25.0,1
422,3.0,3.0,6.0,3.0,1.0,3.0,2.0,2.0,5.0,5.0,18.0,18.0,69.0,69.0,8.872e-11,8.969e-11,8.92e-11,25.0,1
423,3.0,3.0,6.0,3.0,1.0,3.0,2.0,2.0,5.0,5.0,18.0,18.0,71.0,71.0,8.875e-11,8.975e-11,8.925e-11,25.0,1
424,3.0,3.0,6.0,3.0,1.0,3.0,2.0,2.0,5.0,5.0,18.0,18.0,73.0,73.0,8.879e-11,8.981e-11,8.93e-11,25.0,1
425,3.0,3.0,6.0,3.0,1.0,3.0,2.0,2.0,5.0,5.0,18.0,18.0,75.0,75.0,8.884e-11,8.987e-11,8.936e-11,25.0,1
426,3.0,3.0,6.0,3.0,1.0,3.0,2.0,2.0,5.0,5.0,20.0,20.0,67.0,67.0,8.879e-11,8.963e-11,8.921e-11,25.0,1
427,3.0,3.0,6.0,3.0,1.0,3.0,2.0,2.0,5.0,5.0,20.0,20.0,69.0,69.0,8.88e-11,8.967e-11,8.924e-11,25.0,1
428,3.0,3.0,6.0,3.0,1.0,3.0,2.0,2.0,5.0,5.0,20.0,20.0,71.0,71.0,8.882e-11,8.972e-11,8.927e-11,25.0,1
429,3.0,3.0,6.0,3.0,1.0,3.0,2.0,2.0,5.0,5.0,20.0,20.0,73.0,73.0,8.885e-11,8.977e-11,8.931e-11,25.0,1
430,3.0,3.0,6.0,3.0,1.0,3.0,2.0,2.0,5.0,5.0,20.0,20.0,75.0,75.0,8.889e-11,8.982e-11,8.935e-11,25.0,1
431,3.0,3.0,6.0,3.0,1.0,3.0,2.0,2.0,5.0,5.0,22.0,22.0,67.0,67.0,8.894e-11,8.97e-11,8.932e-11,25.0,1
432,3.0,3.0,6.0,3.0,1.0,3.0,2.0,2.0,5.0,5.0,22.0,22.0,69.0,69.0,8.894e-11,8.974e-11,8.934e-11,25.0,1
433,3.0,3.0,6.0,3.0,1.0,3.0,2.0,2.0,5.0,5.0,22.0,22.0,71.0,71.0,8.897e-11,8.977e-11,8.937e-11,25.0,1
434,3.0,3.0,6.0,3.0,1.0,3.0,2.0,2.0,5.0,5.0,22.0,22.0,73.0,73.0,8.899e-11,8.982e-11,8.94e-11,25.0,1
435,3.0,3.0,6.0,3.0,1.0,3.0,2.0,2.0,5.0,5.0,22.0,22.0,75.0,75.0,8.901e-11,8.986e-11,8.944e-11,25.0,1
436,3.0,3.0,6.0,3.0,1.0,3.0,2.0,2.0,6.0,6.0,18.0,18.0,67.0,67.0,8.854e-11,8.958e-11,8.906e-11,25.0,1
437,3.0,3.0,6.0,3.0,1.0,3.0,2.0,2.0,6.0,6.0,18.0,18.0,69.0,69.0,8.856e-11,8.964e-11,8.91e-11,25.0,1
438,3.0,3.0,6.0,3.0,1.0,3.0,2.0,2.0,6.0,6.0,18.0,18.0,71.0,71.0,8.859e-11,8.97e-11,8.914e-11,25.0,1
439,3.0,3.0,6.0,3.0,1.0,3.0,2.0,2.0,6.0,6.0,18.0,18.0,73.0,73.0,8.862e-11,8.976e-11,8.919e-11,25.0,1
440,3.0,3.0,6.0,3.0,1.0,3.0,2.0,2.0,6.0,6.0,18.0,18.0,75.0,75.0,8.867e-11,8.982e-11,8.925e-11,25.0,1
441,3.0,3.0,6.0,3.0,1.0,3.0,2.0,2.0,6.0,6.0,20.0,20.0,67.0,67.0,8.854e-11,8.95e-11,8.902e-11,25.0,1
442,3.0,3.0,6.0,3.0,1.0,3.0,2.0,2.0,6.0,6.0,20.0,20.0,69.0,69.0,8.855e-11,8.955e-11,8.905e-11,25.0,1
443,3.0,3.0,6.0,3.0,1.0,3.0,2.0,2.0,6.0,6.0,20.0,20.0,71.0,71.0,8.857e-11,8.96e-11,8.908e-11,25.0,1
444,3.0,3.0,6.0,3.0,1.0,3.0,2.0,2.0,6.0,6.0,20.0,20.0,73.0,73.0,8.86e-11,8.964e-11,8.912e-11,25.0,1
445,3.0,3.0,6.0,3.0,1.0,3.0,2.0,2.0,6.0,6.0,20.0,20.0,75.0,75.0,8.863e-11,8.969e-11,8.916e-11,25.0,1
446,3.0,3.0,6.0,3.0,1.0,3.0,2.0,2.0,6.0,6.0,22.0,22.0,67.0,67.0,8.862e-11,8.95e-11,8.906e-11,25.0,1
447,3.0,3.0,6.0,3.0,1.0,3.0,2.0,2.0,6.0,6.0,22.0,22.0,69.0,69.0,8.861e-11,8.955e-11,8.908e-11,25.0,1
448,3.0,3.0,6.0,3.0,1.0,3.0,2.0,2.0,6.0,6.0,22.0,22.0,71.0,71.0,8.864e-11,8.958e-11,8.911e-11,25.0,1
449,3.0,3.0,6.0,3.0,1.0,3.0,2.0,2.0,6.0,6.0,22.0,22.0,73.0,73.0,8.865e-11,8.962e-11,8.914e-11,25.0,1
450,3.0,3.0,6.0,3.0,1.0,3.0,2.0,2.0,6.0,6.0,22.0,22.0,75.0,75.0,8.867e-11,8.967e-11,8.917e-11,25.0,1
451,3.0,3.0,6.0,3.0,2.0,6.0,1.0,1.0,4.0,4.0,18.0,18.0,67.0,67.0,1.41e-10,1.414e-10,1.412e-10,25.0,1
452,3.0,3.0,6.0,3.0,2.0,6.0,1.0,1.0,4.0,4.0,18.0,18.0,69.0,69.0,1.411e-10,1.414e-10,1.412e-10,25.0,1
453,3.0,3.0,6.0,3.0,2.0,6.0,1.0,1.0,4.0,4.0,18.0,18.0,71.0,71.0,1.411e-10,1.415e-10,1.413e-10,25.0,1
454,3.0,3.0,6.0,3.0,2.0,6.0,1.0,1.0,4.0,4.0,18.0,18.0,73.0,73.0,1.412e-10,1.415e-10,1.413e-10,25.0,1
455,3.0,3.0,6.0,3.0,2.0,6.0,1.0,1.0,4.0,4.0,18.0,18.0,75.0,75.0,1.412e-10,1.416e-10,1.414e-10,25.0,1
456,3.0,3.0,6.0,3.0,2.0,6.0,1.0,1.0,4.0,4.0,20.0,20.0,67.0,67.0,1.413e-10,1.415e-10,1.414e-10,25.0,1
457,3.0,3.0,6.0,3.0,2.0,6.0,1.0,1.0,4.0,4.0,20.0,20.0,69.0,69.0,1.413e-10,1.415e-10,1.414e-10,25.0,1
458,3.0,3.0,6.0,3.0,2.0,6.0,1.0,1.0,4.0,4.0,20.0,20.0,71.0,71.0,1.413e-10,1.416e-10,1.414e-10,25.0,1
459,3.0,3.0,6.0,3.0,2.0,6.0,1.0,1.0,4.0,4.0,20.0,20.0,73.0,73.0,1.414e-10,1.416e-10,1.415e-10,25.0,1
460,3.0,3.0,6.0,3.0,2.0,6.0,1.0,1.0,4.0,4.0,20.0,20.0,75.0,75.0,1.414e-10,1.417e-10,1.415e-10,25.0,1
461,3.0,3.0,6.0,3.0,2.0,6.0,1.0,1.0,4.0,4.0,22.0,22.0,67.0,67.0,1.416e-10,1.417e-10,1.416e-10,25.0,1
462,3.0,3.0,6.0,3.0,2.0,6.0,1.0,1.0,4.0,4.0,22.0,22.0,69.0,69.0,1.416e-10,1.417e-10,1.416e-10,25.0,1
463,3.0,3.0,6.0,3.0,2.0,6.0,1.0,1.0,4.0,4.0,22.0,22.0,71.0,71.0,1.416e-10,1.418e-10,1.417e-10,25.0,1
464,3.0,3.0,6.0,3.0,2.0,6.0,1.0,1.0,4.0,4.0,22.0,22.0,73.0,73.0,1.416e-10,1.418e-10,1.417e-10,25.0,1
465,3.0,3.0,6.0,3.0,2.0,6.0,1.0,1.0,4.0,4.0,22.0,22.0,75.0,75.0,1.416e-10,1.419e-10,1.417e-10,25.0,1
466,3.0,3.0,6.0,3.0,2.0,6.0,1.0,1.0,5.0,5.0,18.0,18.0,67.0,67.0,1.411e-10,1.416e-10,1.413e-10,25.0,1
467,3.0,3.0,6.0,3.0,2.0,6.0,1.0,1.0,5.0,5.0,18.0,18.0,69.0,69.0,1.411e-10,1.417e-10,1.414e-10,25.0,1
468,3.0,3.0,6.0,3.0,2.0,6.0,1.0,1.0,5.0,5.0,18.0,18.0,71.0,71.0,1.412e-10,1.417e-10,1.414e-10,25.0,1
469,3.0,3.0,6.0,3.0,2.0,6.0,1.0,1.0,5.0,5.0,18.0,18.0,73.0,73.0,1.412e-10,1.418e-10,1.415e-10,25.0,1
470,3.0,3.0,6.0,3.0,2.0,6.0,1.0,1.0,5.0,5.0,18.0,18.0,75.0,75.0,1.413e-10,1.418e-10,1.415e-10,25.0,1
471,3.0,3.0,6.0,3.0,2.0,6.0,1.0,1.0,5.0,5.0,20.0,20.0,67.0,67.0,1.412e-10,1.416e-10,1.414e-10,25.0,1
472,3.0,3.0,6.0,3.0,2.0,6.0,1.0,1.0,5.0,5.0,20.0,20.0,69.0,69.0,1.412e-10,1.417e-10,1.414e-10,25.0,1
473,3.0,3.0,6.0,3.0,2.0,6.0,1.0,1.0,5.0,5.0,20.0,20.0,71.0,71.0,1.412e-10,1.417e-10,1.415e-10,25.0,1
474,3.0,3.0,6.0,3.0,2.0,6.0,1.0,1.0,5.0,5.0,20.0,20.0,73.0,73.0,1.413e-10,1.417e-10,1.415e-10,25.0,1
475,3.0,3.0,6.0,3.0,2.0,6.0,1.0,1.0,5.0,5.0,20.0,20.0,75.0,75.0,1.413e-10,1.418e-10,1.416e-10,25.0,1
476,3.0,3.0,6.0,3.0,2.0,6.0,1.0,1.0,5.0,5.0,22.0,22.0,67.0,67.0,1.414e-10,1.417e-10,1.416e-10,25.0,1
477,3.0,3.0,6.0,3.0,2.0,6.0,1.0,1.0,5.0,5.0,22.0,22.0,69.0,69.0,1.414e-10,1.418e-10,1.416e-10,25.0,1
478,3.0,3.0,6.0,3.0,2.0,6.0,1.0,1.0,5.0,5.0,22.0,22.0,71.0,71.0,1.414e-10,1.418e-10,1.416e-10,25.0,1
479,3.0,3.0,6.0,3.0,2.0,6.0,1.0,1.0,5.0,5.0,22.0,22.0,73.0,73.0,1.414e-10,1.418e-10,1.416e-10,25.0,1
480,3.0,3.0,6.0,3.0,2.0,6.0,1.0,1.0,5.0,5.0,22.0,22.0,75.0,75.0,1.415e-10,1.419e-10,1.417e-10,25.0,1
481,3.0,3.0,6.0,3.0,2.0,6.0,1.0,1.0,6.0,6.0,18.0,18.0,67.0,67.0,1.415e-10,1.422e-10,1.419e-10,25.0,1
482,3.0,3.0,6.0,3.0,2.0,6.0,1.0,1.0,6.0,6.0,18.0,18.0,69.0,69.0,1.416e-10,1.422e-10,1.419e-10,25.0,1
483,3.0,3.0,6.0,3.0,2.0,6.0,1.0,1.0,6.0,6.0,18.0,18.0,71.0,71.0,1.416e-10,1.423e-10,1.419e-10,25.0,1
484,3.0,3.0,6.0,3.0,2.0,6.0,1.0,1.0,6.0,6.0,18.0,18.0,73.0,73.0,1.416e-10,1.423e-10,1.42e-10,25.0,1
485,3.0,3.0,6.0,3.0,2.0,6.0,1.0,1.0,6.0,6.0,18.0,18.0,75.0,75.0,1.417e-10,1.424e-10,1.42e-10,25.0,1
486,3.0,3.0,6.0,3.0,2.0,6.0,1.0,1.0,6.0,6.0,20.0,20.0,67.0,67.0,1.416e-10,1.421e-10,1.418e-10,25.0,1
487,3.0,3.0,6.0,3.0,2.0,6.0,1.0,1.0,6.0,6.0,20.0,20.0,69.0,69.0,1.416e-10,1.422e-10,1.419e-10,25.0,1
488,3.0,3.0,6.0,3.0,2.0,6.0,1.0,1.0,6.0,6.0,20.0,20.0,71.0,71.0,1.416e-10,1.422e-10,1.419e-10,25.0,1
489,3.0,3.0,6.0,3.0,2.0,6.0,1.0,1.0,6.0,6.0,20.0,20.0,73.0,73.0,1.416e-10,1.423e-10,1.419e-10,25.0,1
490,3.0,3.0,6.0,3.0,2.0,6.0,1.0,1.0,6.0,6.0,20.0,20.0,75.0,75.0,1.417e-10,1.423e-10,1.42e-10,25.0,1
491,3.0,3.0,6.0,3.0,2.0,6.0,1.0,1.0,6.0,6.0,22.0,22.0,67.0,67.0,1.417e-10,1.422e-10,1.419e-10,25.0,1
492,3.0,3.0,6.0,3.0,2.0,6.0,1.0,1.0,6.0,6.0,22.0,22.0,69.0,69.0,1.417e-10,1.422e-10,1.419e-10,25.0,1
493,3.0,3.0,6.0,3.0,2.0,6.0,1.0,1.0,6.0,6.0,22.0,22.0,71.0,71.0,1.417e-10,1.422e-10,1.42e-10,25.0,1
494,3.0,3.0,6.0,3.0,2.0,6.0,1.0,1.0,6.0,6.0,22.0,22.0,73.0,73.0,1.417e-10,1.423e-10,1.42e-10,25.0,1
495,3.0,3.0,6.0,3.0,2.0,6.0,1.0,1.0,6.0,6.0,22.0,22.0,75.0,75.0,1.417e-10,1.423e-10,1.42e-10,25.0,1
496,3.0,3.0,6.0,3.0,2.0,6.0,2.0,2.0,4.0,4.0,18.0,18.0,67.0,67.0,1.389e-10,1.392e-10,1.391e-10,25.0,1
497,3.0,3.0,6.0,3.0,2.0,6.0,2.0,2.0,4.0,4.0,18.0,18.0,69.0,69.0,1.389e-10,1.393e-10,1.391e-10,25.0,1
498,3.0,3.0,6.0,3.0,2.0,6.0,2.0,2.0,4.0,4.0,18.0,18.0,71.0,71.0,1.39e-10,1.393e-10,1.392e-10,25.0,1
499,3.0,3.0,6.0,3.0,2.0,6.0,2.0,2.0,4.0,4.0,18.0,18.0,73.0,73.0,1.39e-10,1.394e-10,1.392e-10,25.0,1
500,3.0,3.0,6.0,3.0,2.0,6.0,2.0,2.0,4.0,4.0,18.0,18.0,75.0,75.0,1.391e-10,1.395e-10,1.393e-10,25.0,1
501,3.0,3.0,6.0,3.0,2.0,6.0,2.0,2.0,4.0,4.0,20.0,20.0,67.0,67.0,1.391e-10,1.393e-10,1.392e-10,25.0,1
502,3.0,3.0,6.0,3.0,2.0,6.0,2.0,2.0,4.0,4.0,20.0,20.0,69.0,69.0,1.391e-10,1.394e-10,1.393e-10,25.0,1
503,3.0,3.0,6.0,3.0,2.0,6.0,2.0,2.0,4.0,4.0,20.0,20.0,71.0,71.0,1.392e-10,1.394e-10,1.393e-10,25.0,1
504,3.0,3.0,6.0,3.0,2.0,6.0,2.0,2.0,4.0,4.0,20.0,20.0,73.0,73.0,1.392e-10,1.395e-10,1.393e-10,25.0,1
505,3.0,3.0,6.0,3.0,2.0,6.0,2.0,2.0,4.0,4.0,20.0,20.0,75.0,75.0,1.392e-10,1.395e-10,1.394e-10,25.0,1
506,3.0,3.0,6.0,3.0,2.0,6.0,2.0,2.0,4.0,4.0,22.0,22.0,67.0,67.0,1.394e-10,1.395e-10,1.395e-10,25.0,1
507,3.0,3.0,6.0,3.0,2.0,6.0,2.0,2.0,4.0,4.0,22.0,22.0,69.0,69.0,1.394e-10,1.395e-10,1.395e-10,25.0,1
508,3.0,3.0,6.0,3.0,2.0,6.0,2.0,2.0,4.0,4.0,22.0,22.0,71.0,71.0,1.394e-10,1.396e-10,1.395e-10,25.0,1
509,3.0,3.0,6.0,3.0,2.0,6.0,2.0,2.0,4.0,4.0,22.0,22.0,73.0,73.0,1.395e-10,1.396e-10,1.395e-10,25.0,1
510,3.0,3.0,6.0,3.0,2.0,6.0,2.0,2.0,4.0,4.0,22.0,22.0,75.0,75.0,1.395e-10,1.397e-10,1.396e-10,25.0,1
511,3.0,3.0,6.0,3.0,2.0,6.0,2.0,2.0,5.0,5.0,18.0,18.0,67.0,67.0,1.384e-10,1.388e-10,1.386e-10,25.0,1
512,3.0,3.0,6.0,3.0,2.0,6.0,2.0,2.0,5.0,5.0,18.0,18.0,69.0,69.0,1.384e-10,1.389e-10,1.386e-10,25.0,1
513,3.0,3.0,6.0,3.0,2.0,6.0,2.0,2.0,5.0,5.0,18.0,18.0,71.0,71.0,1.384e-10,1.389e-10,1.387e-10,25.0,1
514,3.0,3.0,6.0,3.0,2.0,6.0,2.0,2.0,5.0,5.0,18.0,18.0,73.0,73.0,1.385e-10,1.39e-10,1.387e-10,25.0,1
515,3.0,3.0,6.0,3.0,2.0,6.0,2.0,2.0,5.0,5.0,18.0,18.0,75.0,75.0,1.385e-10,1.39e-10,1.388e-10,25.0,1
516,3.0,3.0,6.0,3.0,2.0,6.0,2.0,2.0,5.0,5.0,20.0,20.0,67.0,67.0,1.385e-10,1.388e-10,1.386e-10,25.0,1
517,3.0,3.0,6.0,3.0,2.0,6.0,2.0,2.0,5.0,5.0,20.0,20.0,69.0,69.0,1.385e-10,1.388e-10,1.387e-10,25.0,1
518,3.0,3.0,6.0,3.0,2.0,6.0,2.0,2.0,5.0,5.0,20.0,20.0,71.0,71.0,1.385e-10,1.389e-10,1.387e-10,25.0,1
519,3.0,3.0,6.0,3.0,2.0,6.0,2.0,2.0,5.0,5.0,20.0,20.0,73.0,73.0,1.385e-10,1.389e-10,1.387e-10,25.0,1
520,3.0,3.0,6.0,3.0,2.0,6.0,2.0,2.0,5.0,5.0,20.0,20.0,75.0,75.0,1.386e-10,1.39e-10,1.388e-10,25.0,1
521,3.0,3.0,6.0,3.0,2.0,6.0,2.0,2.0,5.0,5.0,22.0,22.0,67.0,67.0,1.386e-10,1.389e-10,1.388e-10,25.0,1
522,3.0,3.0,6.0,3.0,2.0,6.0,2.0,2.0,5.0,5.0,22.0,22.0,69.0,69.0,1.386e-10,1.389e-10,1.388e-10,25.0,1
523,3.0,3.0,6.0,3.0,2.0,6.0,2.0,2.0,5.0,5.0,22.0,22.0,71.0,71.0,1.386e-10,1.389e-10,1.388e-10,25.0,1
524,3.0,3.0,6.0,3.0,2.0,6.0,2.0,2.0,5.0,5.0,22.0,22.0,73.0,73.0,1.387e-10,1.39e-10,1.388e-10,25.0,1
525,3.0,3.0,6.0,3.0,2.0,6.0,2.0,2.0,5.0,5.0,22.0,22.0,75.0,75.0,1.387e-10,1.39e-10,1.389e-10,25.0,1
526,3.0,3.0,6.0,3.0,2.0,6.0,2.0,2.0,6.0,6.0,18.0,18.0,67.0,67.0,1.383e-10,1.387e-10,1.385e-10,25.0,1
527,3.0,3.0,6.0,3.0,2.0,6.0,2.0,2.0,6.0,6.0,18.0,18.0,69.0,69.0,1.383e-10,1.388e-10,1.385e-10,25.0,1
528,3.0,3.0,6.0,3.0,2.0,6.0,2.0,2.0,6.0,6.0,18.0,18.0,71.0,71.0,1.383e-10,1.389e-10,1.386e-10,25.0,1
529,3.0,3.0,6.0,3.0,2.0,6.0,2.0,2.0,6.0,6.0,18.0,18.0,73.0,73.0,1.384e-10,1.389e-10,1.386e-10,25.0,1
530,3.0,3.0,6.0,3.0,2.0,6.0,2.0,2.0,6.0,6.0,18.0,18.0,75.0,75.0,1.384e-10,1.39e-10,1.387e-10,25.0,1
531,3.0,3.0,6.0,3.0,2.0,6.0,2.0,2.0,6.0,6.0,20.0,20.0,67.0,67.0,1.383e-10,1.387e-10,1.385e-10,25.0,1
532,3.0,3.0,6.0,3.0,2.0,6.0,2.0,2.0,6.0,6.0,20.0,20.0,69.0,69.0,1.383e-10,1.387e-10,1.385e-10,25.0,1
533,3.0,3.0,6.0,3.0,2.0,6.0,2.0,2.0,6.0,6.0,20.0,20.0,71.0,71.0,1.383e-10,1.388e-10,1.385e-10,25.0,1
534,3.0,3.0,6.0,3.0,2.0,6.0,2.0,2.0,6.0,6.0,20.0,20.0,73.0,73.0,1.383e-10,1.388e-10,1.386e-10,25.0,1
535,3.0,3.0,6.0,3.0,2.0,6.0,2.0,2.0,6.0,6.0,20.0,20.0,75.0,75.0,1.384e-10,1.389e-10,1.386e-10,25.0,1
536,3.0,3.0,6.0,3.0,2.0,6.0,2.0,2.0,6.0,6.0,22.0,22.0,67.0,67.0,1.383e-10,1.387e-10,1.385e-10,25.0,1
537,3.0,3.0,6.0,3.0,2.0,6.0,2.0,2.0,6.0,6.0,22.0,22.0,69.0,69.0,1.383e-10,1.387e-10,1.385e-10,25.0,1
538,3.0,3.0,6.0,3.0,2.0,6.0,2.0,2.0,6.0,6.0,22.0,22.0,71.0,71.0,1.383e-10,1.387e-10,1.385e-10,25.0,1
539,3.0,3.0,6.0,3.0,2.0,6.0,2.0,2.0,6.0,6.0,22.0,22.0,73.0,73.0,1.384e-10,1.388e-10,1.386e-10,25.0,1
540,3.0,3.0,6.0,3.0,2.0,6.0,2.0,2.0,6.0,6.0,22.0,22.0,75.0,75.0,1.384e-10,1.388e-10,1.386e-10,25.0,1
541,4.0,4.0,4.0,2.0,1.0,3.0,1.0,1.0,4.0,4.0,18.0,18.0,67.0,67.0,8.878e-11,8.803e-11,8.84e-11,25.0,1
542,4.0,4.0,4.0,2.0,1.0,3.0,1.0,1.0,4.0,4.0,18.0,18.0,69.0,69.0,8.881e-11,8.809e-11,8.845e-11,25.0,1
543,4.0,4.0,4.0,2.0,1.0,3.0,1.0,1.0,4.0,4.0,18.0,18.0,71.0,71.0,8.885e-11,8.814e-11,8.85e-11,25.0,1
544,4.0,4.0,4.0,2.0,1.0,3.0,1.0,1.0,4.0,4.0,18.0,18.0,73.0,73.0,8.889e-11,8.822e-11,8.855e-11,25.0,1
545,4.0,4.0,4.0,2.0,1.0,3.0,1.0,1.0,4.0,4.0,18.0,18.0,75.0,75.0,8.894e-11,8.829e-11,8.861e-11,25.0,1
546,4.0,4.0,4.0,2.0,1.0,3.0,1.0,1.0,4.0,4.0,20.0,20.0,67.0,67.0,8.9e-11,8.816e-11,8.858e-11,25.0,1
547,4.0,4.0,4.0,2.0,1.0,3.0,1.0,1.0,4.0,4.0,20.0,20.0,69.0,69.0,8.902e-11,8.821e-11,8.862e-11,25.0,1
548,4.0,4.0,4.0,2.0,1.0,3.0,1.0,1.0,4.0,4.0,20.0,20.0,71.0,71.0,8.905e-11,8.826e-11,8.865e-11,25.0,1
549,4.0,4.0,4.0,2.0,1.0,3.0,1.0,1.0,4.0,4.0,20.0,20.0,73.0,73.0,8.909e-11,8.832e-11,8.87e-11,25.0,1
550,4.0,4.0,4.0,2.0,1.0,3.0,1.0,1.0,4.0,4.0,20.0,20.0,75.0,75.0,8.912e-11,8.837e-11,8.874e-11,25.0,1
551,4.0,4.0,4.0,2.0,1.0,3.0,1.0,1.0,4.0,4.0,22.0,22.0,67.0,67.0,8.93e-11,8.837e-11,8.883e-11,25.0,1
552,4.0,4.0,4.0,2.0,1.0,3.0,1.0,1.0,4.0,4.0,22.0,22.0,69.0,69.0,8.931e-11,8.841e-11,8.886e-11,25.0,1
553,4.0,4.0,4.0,2.0,1.0,3.0,1.0,1.0,4.0,4.0,22.0,22.0,71.0,71.0,8.933e-11,8.845e-11,8.889e-11,25.0,1
554,4.0,4.0,4.0,2.0,1.0,3.0,1.0,1.0,4.0,4.0,22.0,22.0,73.0,73.0,8.935e-11,8.848e-11,8.892e-11,25.0,1
555,4.0,4.0,4.0,2.0,1.0,3.0,1.0,1.0,4.0,4.0,22.0,22.0,75.0,75.0,8.938e-11,8.854e-11,8.896e-11,25.0,1
556,4.0,4.0,4.0,2.0,1.0,3.0,1.0,1.0,5.0,5.0,18.0,18.0,67.0,67.0,8.879e-11,8.827e-11,8.853e-11,25.0,1
557,4.0,4.0,4.0,2.0,1.0,3.0,1.0,1.0,5.0,5.0,18.0,18.0,69.0,69.0,8.881e-11,8.833e-11,8.857e-11,25.0,1
558,4.0,4.0,4.0,2.0,1.0,3.0,1.0,1.0,5.0,5.0,18.0,18.0,71.0,71.0,8.885e-11,8.838e-11,8.862e-11,25.0,1
559,4.0,4.0,4.0,2.0,1.0,3.0,1.0,1.0,5.0,5.0,18.0,18.0,73.0,73.0,8.889e-11,8.845e-11,8.867e-11,25.0,1
560,4.0,4.0,4.0,2.0,1.0,3.0,1.0,1.0,5.0,5.0,18.0,18.0,75.0,75.0,8.893e-11,8.852e-11,8.872e-11,25.0,1
561,4.0,4.0,4.0,2.0,1.0,3.0,1.0,1.0,5.0,5.0,20.0,20.0,67.0,67.0,8.889e-11,8.83e-11,8.86e-11,25.0,1
562,4.0,4.0,4.0,2.0,1.0,3.0,1.0,1.0,5.0,5.0,20.0,20.0,69.0,69.0,8.891e-11,8.834e-11,8.863e-11,25.0,1
563,4.0,4.0,4.0,2.0,1.0,3.0,1.0,1.0,5.0,5.0,20.0,20.0,71.0,71.0,8.893e-11,8.839e-11,8.866e-11,25.0,1
564,4.0,4.0,4.0,2.0,1.0,3.0,1.0,1.0,5.0,5.0,20.0,20.0,73.0,73.0,8.897e-11,8.844e-11,8.87e-11,25.0,1
565,4.0,4.0,4.0,2.0,1.0,3.0,1.0,1.0,5.0,5.0,20.0,20.0,75.0,75.0,8.899e-11,8.85e-11,8.875e-11,25.0,1
566,4.0,4.0,4.0,2.0,1.0,3.0,1.0,1.0,5.0,5.0,22.0,22.0,67.0,67.0,8.908e-11,8.841e-11,8.874e-11,25.0,1
567,4.0,4.0,4.0,2.0,1.0,3.0,1.0,1.0,5.0,5.0,22.0,22.0,69.0,69.0,8.908e-11,8.844e-11,8.876e-11,25.0,1
568,4.0,4.0,4.0,2.0,1.0,3.0,1.0,1.0,5.0,5.0,22.0,22.0,71.0,71.0,8.91e-11,8.848e-11,8.879e-11,25.0,1
569,4.0,4.0,4.0,2.0,1.0,3.0,1.0,1.0,5.0,5.0,22.0,22.0,73.0,73.0,8.911e-11,8.852e-11,8.882e-11,25.0,1
570,4.0,4.0,4.0,2.0,1.0,3.0,1.0,1.0,5.0,5.0,22.0,22.0,75.0,75.0,8.914e-11,8.857e-11,8.885e-11,25.0,1
571,4.0,4.0,4.0,2.0,1.0,3.0,1.0,1.0,6.0,6.0,18.0,18.0,67.0,67.0,8.918e-11,8.885e-11,8.901e-11,25.0,1
572,4.0,4.0,4.0,2.0,1.0,3.0,1.0,1.0,6.0,6.0,18.0,18.0,69.0,69.0,8.92e-11,8.891e-11,8.905e-11,25.0,1
573,4.0,4.0,4.0,2.0,1.0,3.0,1.0,1.0,6.0,6.0,18.0,18.0,71.0,71.0,8.924e-11,8.897e-11,8.91e-11,25.0,1
574,4.0,4.0,4.0,2.0,1.0,3.0,1.0,1.0,6.0,6.0,18.0,18.0,73.0,73.0,8.927e-11,8.902e-11,8.915e-11,25.0,1
575,4.0,4.0,4.0,2.0,1.0,3.0,1.0,1.0,6.0,6.0,18.0,18.0,75.0,75.0,8.931e-11,8.909e-11,8.92e-11,25.0,1
576,4.0,4.0,4.0,2.0,1.0,3.0,1.0,1.0,6.0,6.0,20.0,20.0,67.0,67.0,8.92e-11,8.881e-11,8.901e-11,25.0,1
577,4.0,4.0,4.0,2.0,1.0,3.0,1.0,1.0,6.0,6.0,20.0,20.0,69.0,69.0,8.922e-11,8.885e-11,8.904e-11,25.0,1
578,4.0,4.0,4.0,2.0,1.0,3.0,1.0,1.0,6.0,6.0,20.0,20.0,71.0,71.0,8.925e-11,8.89e-11,8.907e-11,25.0,1
579,4.0,4.0,4.0,2.0,1.0,3.0,1.0,1.0,6.0,6.0,20.0,20.0,73.0,73.0,8.926e-11,8.894e-11,8.91e-11,25.0,1
580,4.0,4.0,4.0,2.0,1.0,3.0,1.0,1.0,6.0,6.0,20.0,20.0,75.0,75.0,8.93e-11,8.9e-11,8.915e-11,25.0,1
581,4.0,4.0,4.0,2.0,1.0,3.0,1.0,1.0,6.0,6.0,22.0,22.0,67.0,67.0,8.93e-11,8.885e-11,8.908e-11,25.0,1
582,4.0,4.0,4.0,2.0,1.0,3.0,1.0,1.0,6.0,6.0,22.0,22.0,69.0,69.0,8.932e-11,8.888e-11,8.91e-11,25.0,1
583,4.0,4.0,4.0,2.0,1.0,3.0,1.0,1.0,6.0,6.0,22.0,22.0,71.0,71.0,8.933e-11,8.892e-11,8.913e-11,25.0,1
584,4.0,4.0,4.0,2.0,1.0,3.0,1.0,1.0,6.0,6.0,22.0,22.0,73.0,73.0,8.934e-11,8.896e-11,8.915e-11,25.0,1
585,4.0,4.0,4.0,2.0,1.0,3.0,1.0,1.0,6.0,6.0,22.0,22.0,75.0,75.0,8.936e-11,8.9e-11,8.918e-11,25.0,1
586,4.0,4.0,4.0,2.0,1.0,3.0,2.0,2.0,4.0,4.0,18.0,18.0,67.0,67.0,8.717e-11,8.635e-11,8.676e-11,25.0,1
587,4.0,4.0,4.0,2.0,1.0,3.0,2.0,2.0,4.0,4.0,18.0,18.0,69.0,69.0,8.72e-11,8.64e-11,8.68e-11,25.0,1
588,4.0,4.0,4.0,2.0,1.0,3.0,2.0,2.0,4.0,4.0,18.0,18.0,71.0,71.0,8.724e-11,8.646e-11,8.685e-11,25.0,1
589,4.0,4.0,4.0,2.0,1.0,3.0,2.0,2.0,4.0,4.0,18.0,18.0,73.0,73.0,8.728e-11,8.653e-11,8.691e-11,25.0,1
590,4.0,4.0,4.0,2.0,1.0,3.0,2.0,2.0,4.0,4.0,18.0,18.0,75.0,75.0,8.733e-11,8.66e-11,8.696e-11,25.0,1
591,4.0,4.0,4.0,2.0,1.0,3.0,2.0,2.0,4.0,4.0,20.0,20.0,67.0,67.0,8.739e-11,8.646e-11,8.692e-11,25.0,1
592,4.0,4.0,4.0,2.0,1.0,3.0,2.0,2.0,4.0,4.0,20.0,20.0,69.0,69.0,8.741e-11,8.65e-11,8.695e-11,25.0,1
593,4.0,4.0,4.0,2.0,1.0,3.0,2.0,2.0,4.0,4.0,20.0,20.0,71.0,71.0,8.743e-11,8.654e-11,8.699e-11,25.0,1
594,4.0,4.0,4.0,2.0,1.0,3.0,2.0,2.0,4.0,4.0,20.0,20.0,73.0,73.0,8.747e-11,8.66e-11,8.703e-11,25.0,1
595,4.0,4.0,4.0,2.0,1.0,3.0,2.0,2.0,4.0,4.0,20.0,20.0,75.0,75.0,8.751e-11,8.665e-11,8.708e-11,25.0,1
596,4.0,4.0,4.0,2.0,1.0,3.0,2.0,2.0,4.0,4.0,22.0,22.0,67.0,67.0,8.767e-11,8.664e-11,8.716e-11,25.0,1
597,4.0,4.0,4.0,2.0,1.0,3.0,2.0,2.0,4.0,4.0,22.0,22.0,69.0,69.0,8.768e-11,8.667e-11,8.718e-11,25.0,1
598,4.0,4.0,4.0,2.0,1.0,3.0,2.0,2.0,4.0,4.0,22.0,22.0,71.0,71.0,8.77e-11,8.671e-11,8.72e-11,25.0,1
599,4.0,4.0,4.0,2.0,1.0,3.0,2.0,2.0,4.0,4.0,22.0,22.0,73.0,73.0,8.773e-11,8.675e-11,8.724e-11,25.0,1
600,4.0,4.0,4.0,2.0,1.0,3.0,2.0,2.0,4.0,4.0,22.0,22.0,75.0,75.0,8.776e-11,8.68e-11,8.728e-11,25.0,1
601,4.0,4.0,4.0,2.0,1.0,3.0,2.0,2.0,5.0,5.0,18.0,18.0,67.0,67.0,8.661e-11,8.595e-11,8.628e-11,25.0,1
602,4.0,4.0,4.0,2.0,1.0,3.0,2.0,2.0,5.0,5.0,18.0,18.0,69.0,69.0,8.663e-11,8.601e-11,8.632e-11,25.0,1
603,4.0,4.0,4.0,2.0,1.0,3.0,2.0,2.0,5.0,5.0,18.0,18.0,71.0,71.0,8.667e-11,8.607e-11,8.637e-11,25.0,1
604,4.0,4.0,4.0,2.0,1.0,3.0,2.0,2.0,5.0,5.0,18.0,18.0,73.0,73.0,8.671e-11,8.613e-11,8.642e-11,25.0,1
605,4.0,4.0,4.0,2.0,1.0,3.0,2.0,2.0,5.0,5.0,18.0,18.0,75.0,75.0,8.675e-11,8.619e-11,8.647e-11,25.0,1
606,4.0,4.0,4.0,2.0,1.0,3.0,2.0,2.0,5.0,5.0,20.0,20.0,67.0,67.0,8.67e-11,8.595e-11,8.632e-11,25.0,1
607,4.0,4.0,4.0,2.0,1.0,3.0,2.0,2.0,5.0,5.0,20.0,20.0,69.0,69.0,8.671e-11,8.599e-11,8.635e-11,25.0,1
608,4.0,4.0,4.0,2.0,1.0,3.0,2.0,2.0,5.0,5.0,20.0,20.0,71.0,71.0,8.674e-11,8.604e-11,8.639e-11,25.0,1
609,4.0,4.0,4.0,2.0,1.0,3.0,2.0,2.0,5.0,5.0,20.0,20.0,73.0,73.0,8.677e-11,8.608e-11,8.643e-11,25.0,1
610,4.0,4.0,4.0,2.0,1.0,3.0,2.0,2.0,5.0,5.0,20.0,20.0,75.0,75.0,8.679e-11,8.614e-11,8.647e-11,25.0,1
611,4.0,4.0,4.0,2.0,1.0,3.0,2.0,2.0,5.0,5.0,22.0,22.0,67.0,67.0,8.686e-11,8.602e-11,8.644e-11,25.0,1
612,4.0,4.0,4.0,2.0,1.0,3.0,2.0,2.0,5.0,5.0,22.0,22.0,69.0,69.0,8.686e-11,8.606e-11,8.646e-11,25.0,1
613,4.0,4.0,4.0,2.0,1.0,3.0,2.0,2.0,5.0,5.0,22.0,22.0,71.0,71.0,8.688e-11,8.61e-11,8.649e-11,25.0,1
614,4.0,4.0,4.0,2.0,1.0,3.0,2.0,2.0,5.0,5.0,22.0,22.0,73.0,73.0,8.69e-11,8.614e-11,8.652e-11,25.0,1
615,4.0,4.0,4.0,2.0,1.0,3.0,2.0,2.0,5.0,5.0,22.0,22.0,75.0,75.0,8.693e-11,8.618e-11,8.655e-11,25.0,1
616,4.0,4.0,4.0,2.0,1.0,3.0,2.0,2.0,6.0,6.0,18.0,18.0,67.0,67.0,8.645e-11,8.591e-11,8.618e-11,25.0,1
617,4.0,4.0,4.0,2.0,1.0,3.0,2.0,2.0,6.0,6.0,18.0,18.0,69.0,69.0,8.647e-11,8.596e-11,8.622e-11,25.0,1
618,4.0,4.0,4.0,2.0,1.0,3.0,2.0,2.0,6.0,6.0,18.0,18.0,71.0,71.0,8.65e-11,8.602e-11,8.626e-11,25.0,1
619,4.0,4.0,4.0,2.0,1.0,3.0,2.0,2.0,6.0,6.0,18.0,18.0,73.0,73.0,8.655e-11,8.608e-11,8.631e-11,25.0,1
620,4.0,4.0,4.0,2.0,1.0,3.0,2.0,2.0,6.0,6.0,18.0,18.0,75.0,75.0,8.658e-11,8.615e-11,8.637e-11,25.0,1
621,4.0,4.0,4.0,2.0,1.0,3.0,2.0,2.0,6.0,6.0,20.0,20.0,67.0,67.0,8.646e-11,8.583e-11,8.615e-11,25.0,1
622,4.0,4.0,4.0,2.0,1.0,3.0,2.0,2.0,6.0,6.0,20.0,20.0,69.0,69.0,8.646e-11,8.587e-11,8.617e-11,25.0,1
623,4.0,4.0,4.0,2.0,1.0,3.0,2.0,2.0,6.0,6.0,20.0,20.0,71.0,71.0,8.649e-11,8.593e-11,8.621e-11,25.0,1
624,4.0,4.0,4.0,2.0,1.0,3.0,2.0,2.0,6.0,6.0,20.0,20.0,73.0,73.0,8.651e-11,8.597e-11,8.624e-11,25.0,1
625,4.0,4.0,4.0,2.0,1.0,3.0,2.0,2.0,6.0,6.0,20.0,20.0,75.0,75.0,8.654e-11,8.603e-11,8.628e-11,25.0,1
626,4.0,4.0,4.0,2.0,1.0,3.0,2.0,2.0,6.0,6.0,22.0,22.0,67.0,67.0,8.653e-11,8.584e-11,8.619e-11,25.0,1
627,4.0,4.0,4.0,2.0,1.0,3.0,2.0,2.0,6.0,6.0,22.0,22.0,69.0,69.0,8.654e-11,8.587e-11,8.62e-11,25.0,1
628,4.0,4.0,4.0,2.0,1.0,3.0,2.0,2.0,6.0,6.0,22.0,22.0,71.0,71.0,8.655e-11,8.59e-11,8.623e-11,25.0,1
629,4.0,4.0,4.0,2.0,1.0,3.0,2.0,2.0,6.0,6.0,22.0,22.0,73.0,73.0,8.657e-11,8.595e-11,8.626e-11,25.0,1
630,4.0,4.0,4.0,2.0,1.0,3.0,2.0,2.0,6.0,6.0,22.0,22.0,75.0,75.0,8.659e-11,8.599e-11,8.629e-11,25.0,1
631,4.0,4.0,4.0,2.0,2.0,6.0,1.0,1.0,4.0,4.0,18.0,18.0,67.0,67.0,1.36e-10,1.335e-10,1.347e-10,25.0,1
632,4.0,4.0,4.0,2.0,2.0,6.0,1.0,1.0,4.0,4.0,18.0,18.0,69.0,69.0,1.36e-10,1.335e-10,1.348e-10,25.0,1
633,4.0,4.0,4.0,2.0,2.0,6.0,1.0,1.0,4.0,4.0,18.0,18.0,71.0,71.0,1.36e-10,1.336e-10,1.348e-10,25.0,1
634,4.0,4.0,4.0,2.0,2.0,6.0,1.0,1.0,4.0,4.0,18.0,18.0,73.0,73.0,1.361e-10,1.336e-10,1.349e-10,25.0,1
635,4.0,4.0,4.0,2.0,2.0,6.0,1.0,1.0,4.0,4.0,18.0,18.0,75.0,75.0,1.361e-10,1.337e-10,1.349e-10,25.0,1
636,4.0,4.0,4.0,2.0,2.0,6.0,1.0,1.0,4.0,4.0,20.0,20.0,67.0,67.0,1.362e-10,1.336e-10,1.349e-10,25.0,1
637,4.0,4.0,4.0,2.0,2.0,6.0,1.0,1.0,4.0,4.0,20.0,20.0,69.0,69.0,1.362e-10,1.336e-10,1.349e-10,25.0,1
638,4.0,4.0,4.0,2.0,2.0,6.0,1.0,1.0,4.0,4.0,20.0,20.0,71.0,71.0,1.363e-10,1.337e-10,1.35e-10,25.0,1
639,4.0,4.0,4.0,2.0,2.0,6.0,1.0,1.0,4.0,4.0,20.0,20.0,73.0,73.0,1.363e-10,1.337e-10,1.35e-10,25.0,1
640,4.0,4.0,4.0,2.0,2.0,6.0,1.0,1.0,4.0,4.0,20.0,20.0,75.0,75.0,1.363e-10,1.338e-10,1.35e-10,25.0,1
641,4.0,4.0,4.0,2.0,2.0,6.0,1.0,1.0,4.0,4.0,22.0,22.0,67.0,67.0,1.365e-10,1.338e-10,1.352e-10,25.0,1
642,4.0,4.0,4.0,2.0,2.0,6.0,1.0,1.0,4.0,4.0,22.0,22.0,69.0,69.0,1.365e-10,1.338e-10,1.352e-10,25.0,1
643,4.0,4.0,4.0,2.0,2.0,6.0,1.0,1.0,4.0,4.0,22.0,22.0,71.0,71.0,1.365e-10,1.339e-10,1.352e-10,25.0,1
644,4.0,4.0,4.0,2.0,2.0,6.0,1.0,1.0,4.0,4.0,22.0,22.0,73.0,73.0,1.365e-10,1.339e-10,1.352e-10,25.0,1
645,4.0,4.0,4.0,2.0,2.0,6.0,1.0,1.0,4.0,4.0,22.0,22.0,75.0,75.0,1.366e-10,1.34e-10,1.353e-10,25.0,1
646,4.0,4.0,4.0,2.0,2.0,6.0,1.0,1.0,5.0,5.0,18.0,18.0,67.0,67.0,1.36e-10,1.337e-10,1.349e-10,25.0,1
647,4.0,4.0,4.0,2.0,2.0,6.0,1.0,1.0,5.0,5.0,18.0,18.0,69.0,69.0,1.36e-10,1.338e-10,1.349e-10,25.0,1
648,4.0,4.0,4.0,2.0,2.0,6.0,1.0,1.0,5.0,5.0,18.0,18.0,71.0,71.0,1.361e-10,1.338e-10,1.349e-10,25.0,1
649,4.0,4.0,4.0,2.0,2.0,6.0,1.0,1.0,5.0,5.0,18.0,18.0,73.0,73.0,1.361e-10,1.339e-10,1.35e-10,25.0,1
650,4.0,4.0,4.0,2.0,2.0,6.0,1.0,1.0,5.0,5.0,18.0,18.0,75.0,75.0,1.362e-10,1.339e-10,1.35e-10,25.0,1
651,4.0,4.0,4.0,2.0,2.0,6.0,1.0,1.0,5.0,5.0,20.0,20.0,67.0,67.0,1.361e-10,1.337e-10,1.349e-10,25.0,1
652,4.0,4.0,4.0,2.0,2.0,6.0,1.0,1.0,5.0,5.0,20.0,20.0,69.0,69.0,1.361e-10,1.338e-10,1.35e-10,25.0,1
653,4.0,4.0,4.0,2.0,2.0,6.0,1.0,1.0,5.0,5.0,20.0,20.0,71.0,71.0,1.362e-10,1.338e-10,1.35e-10,25.0,1
654,4.0,4.0,4.0,2.0,2.0,6.0,1.0,1.0,5.0,5.0,20.0,20.0,73.0,73.0,1.362e-10,1.339e-10,1.35e-10,25.0,1
655,4.0,4.0,4.0,2.0,2.0,6.0,1.0,1.0,5.0,5.0,20.0,20.0,75.0,75.0,1.362e-10,1.339e-10,1.351e-10,25.0,1
656,4.0,4.0,4.0,2.0,2.0,6.0,1.0,1.0,5.0,5.0,22.0,22.0,67.0,67.0,1.363e-10,1.338e-10,1.351e-10,25.0,1
657,4.0,4.0,4.0,2.0,2.0,6.0,1.0,1.0,5.0,5.0,22.0,22.0,69.0,69.0,1.363e-10,1.339e-10,1.351e-10,25.0,1
658,4.0,4.0,4.0,2.0,2.0,6.0,1.0,1.0,5.0,5.0,22.0,22.0,71.0,71.0,1.363e-10,1.339e-10,1.351e-10,25.0,1
659,4.0,4.0,4.0,2.0,2.0,6.0,1.0,1.0,5.0,5.0,22.0,22.0,73.0,73.0,1.363e-10,1.339e-10,1.351e-10,25.0,1
660,4.0,4.0,4.0,2.0,2.0,6.0,1.0,1.0,5.0,5.0,22.0,22.0,75.0,75.0,1.364e-10,1.34e-10,1.352e-10,25.0,1
661,4.0,4.0,4.0,2.0,2.0,6.0,1.0,1.0,6.0,6.0,18.0,18.0,67.0,67.0,1.364e-10,1.343e-10,1.354e-10,25.0,1
662,4.0,4.0,4.0,2.0,2.0,6.0,1.0,1.0,6.0,6.0,18.0,18.0,69.0,69.0,1.365e-10,1.343e-10,1.354e-10,25.0,1
663,4.0,4.0,4.0,2.0,2.0,6.0,1.0,1.0,6.0,6.0,18.0,18.0,71.0,71.0,1.365e-10,1.344e-10,1.354e-10,25.0,1
664,4.0,4.0,4.0,2.0,2.0,6.0,1.0,1.0,6.0,6.0,18.0,18.0,73.0,73.0,1.365e-10,1.344e-10,1.355e-10,25.0,1
665,4.0,4.0,4.0,2.0,2.0,6.0,1.0,1.0,6.0,6.0,18.0,18.0,75.0,75.0,1.366e-10,1.345e-10,1.355e-10,25.0,1
666,4.0,4.0,4.0,2.0,2.0,6.0,1.0,1.0,6.0,6.0,20.0,20.0,67.0,67.0,1.365e-10,1.342e-10,1.354e-10,25.0,1
667,4.0,4.0,4.0,2.0,2.0,6.0,1.0,1.0,6.0,6.0,20.0,20.0,69.0,69.0,1.365e-10,1.343e-10,1.354e-10,25.0,1
668,4.0,4.0,4.0,2.0,2.0,6.0,1.0,1.0,6.0,6.0,20.0,20.0,71.0,71.0,1.365e-10,1.343e-10,1.354e-10,25.0,1
669,4.0,4.0,4.0,2.0,2.0,6.0,1.0,1.0,6.0,6.0,20.0,20.0,73.0,73.0,1.365e-10,1.344e-10,1.354e-10,25.0,1
670,4.0,4.0,4.0,2.0,2.0,6.0,1.0,1.0,6.0,6.0,20.0,20.0,75.0,75.0,1.366e-10,1.344e-10,1.355e-10,25.0,1
671,4.0,4.0,4.0,2.0,2.0,6.0,1.0,1.0,6.0,6.0,22.0,22.0,67.0,67.0,1.366e-10,1.343e-10,1.354e-10,25.0,1
672,4.0,4.0,4.0,2.0,2.0,6.0,1.0,1.0,6.0,6.0,22.0,22.0,69.0,69.0,1.366e-10,1.343e-10,1.354e-10,25.0,1
673,4.0,4.0,4.0,2.0,2.0,6.0,1.0,1.0,6.0,6.0,22.0,22.0,71.0,71.0,1.366e-10,1.343e-10,1.355e-10,25.0,1
674,4.0,4.0,4.0,2.0,2.0,6.0,1.0,1.0,6.0,6.0,22.0,22.0,73.0,73.0,1.366e-10,1.344e-10,1.355e-10,25.0,1
675,4.0,4.0,4.0,2.0,2.0,6.0,1.0,1.0,6.0,6.0,22.0,22.0,75.0,75.0,1.366e-10,1.344e-10,1.355e-10,25.0,1
676,4.0,4.0,4.0,2.0,2.0,6.0,2.0,2.0,4.0,4.0,18.0,18.0,67.0,67.0,1.339e-10,1.313e-10,1.326e-10,25.0,1
677,4.0,4.0,4.0,2.0,2.0,6.0,2.0,2.0,4.0,4.0,18.0,18.0,69.0,69.0,1.339e-10,1.313e-10,1.326e-10,25.0,1
678,4.0,4.0,4.0,2.0,2.0,6.0,2.0,2.0,4.0,4.0,18.0,18.0,71.0,71.0,1.339e-10,1.314e-10,1.326e-10,25.0,1
679,4.0,4.0,4.0,2.0,2.0,6.0,2.0,2.0,4.0,4.0,18.0,18.0,73.0,73.0,1.34e-10,1.314e-10,1.327e-10,25.0,1
680,4.0,4.0,4.0,2.0,2.0,6.0,2.0,2.0,4.0,4.0,18.0,18.0,75.0,75.0,1.34e-10,1.315e-10,1.328e-10,25.0,1
681,4.0,4.0,4.0,2.0,2.0,6.0,2.0,2.0,4.0,4.0,20.0,20.0,67.0,67.0,1.34e-10,1.314e-10,1.327e-10,25.0,1
682,4.0,4.0,4.0,2.0,2.0,6.0,2.0,2.0,4.0,4.0,20.0,20.0,69.0,69.0,1.341e-10,1.314e-10,1.327e-10,25.0,1
683,4.0,4.0,4.0,2.0,2.0,6.0,2.0,2.0,4.0,4.0,20.0,20.0,71.0,71.0,1.341e-10,1.315e-10,1.328e-10,25.0,1
684,4.0,4.0,4.0,2.0,2.0,6.0,2.0,2.0,4.0,4.0,20.0,20.0,73.0,73.0,1.341e-10,1.315e-10,1.328e-10,25.0,1
685,4.0,4.0,4.0,2.0,2.0,6.0,2.0,2.0,4.0,4.0,20.0,20.0,75.0,75.0,1.342e-10,1.316e-10,1.329e-10,25.0,1
686,4.0,4.0,4.0,2.0,2.0,6.0,2.0,2.0,4.0,4.0,22.0,22.0,67.0,67.0,1.343e-10,1.315e-10,1.329e-10,25.0,1
687,4.0,4.0,4.0,2.0,2.0,6.0,2.0,2.0,4.0,4.0,22.0,22.0,69.0,69.0,1.344e-10,1.316e-10,1.33e-10,25.0,1
688,4.0,4.0,4.0,2.0,2.0,6.0,2.0,2.0,4.0,4.0,22.0,22.0,71.0,71.0,1.344e-10,1.316e-10,1.33e-10,25.0,1
689,4.0,4.0,4.0,2.0,2.0,6.0,2.0,2.0,4.0,4.0,22.0,22.0,73.0,73.0,1.344e-10,1.317e-10,1.33e-10,25.0,1
690,4.0,4.0,4.0,2.0,2.0,6.0,2.0,2.0,4.0,4.0,22.0,22.0,75.0,75.0,1.344e-10,1.317e-10,1.331e-10,25.0,1
691,4.0,4.0,4.0,2.0,2.0,6.0,2.0,2.0,5.0,5.0,18.0,18.0,67.0,67.0,1.333e-10,1.308e-10,1.321e-10,25.0,1
692,4.0,4.0,4.0,2.0,2.0,6.0,2.0,2.0,5.0,5.0,18.0,18.0,69.0,69.0,1.333e-10,1.309e-10,1.321e-10,25.0,1
693,4.0,4.0,4.0,2.0,2.0,6.0,2.0,2.0,5.0,5.0,18.0,18.0,71.0,71.0,1.334e-10,1.31e-10,1.322e-10,25.0,1
694,4.0,4.0,4.0,2.0,2.0,6.0,2.0,2.0,5.0,5.0,18.0,18.0,73.0,73.0,1.334e-10,1.31e-10,1.322e-10,25.0,1
695,4.0,4.0,4.0,2.0,2.0,6.0,2.0,2.0,5.0,5.0,18.0,18.0,75.0,75.0,1.334e-10,1.311e-10,1.323e-10,25.0,1
696,4.0,4.0,4.0,2.0,2.0,6.0,2.0,2.0,5.0,5.0,20.0,20.0,67.0,67.0,1.334e-10,1.308e-10,1.321e-10,25.0,1
697,4.0,4.0,4.0,2.0,2.0,6.0,2.0,2.0,5.0,5.0,20.0,20.0,69.0,69.0,1.334e-10,1.309e-10,1.321e-10,25.0,1
698,4.0,4.0,4.0,2.0,2.0,6.0,2.0,2.0,5.0,5.0,20.0,20.0,71.0,71.0,1.334e-10,1.309e-10,1.322e-10,25.0,1
699,4.0,4.0,4.0,2.0,2.0,6.0,2.0,2.0,5.0,5.0,20.0,20.0,73.0,73.0,1.335e-10,1.31e-10,1.322e-10,25.0,1
700,4.0,4.0,4.0,2.0,2.0,6.0,2.0,2.0,5.0,5.0,20.0,20.0,75.0,75.0,1.335e-10,1.31e-10,1.323e-10,25.0,1
701,4.0,4.0,4.0,2.0,2.0,6.0,2.0,2.0,5.0,5.0,22.0,22.0,67.0,67.0,1.335e-10,1.309e-10,1.322e-10,25.0,1
702,4.0,4.0,4.0,2.0,2.0,6.0,2.0,2.0,5.0,5.0,22.0,22.0,69.0,69.0,1.336e-10,1.31e-10,1.323e-10,25.0,1
703,4.0,4.0,4.0,2.0,2.0,6.0,2.0,2.0,5.0,5.0,22.0,22.0,71.0,71.0,1.336e-10,1.31e-10,1.323e-10,25.0,1
704,4.0,4.0,4.0,2.0,2.0,6.0,2.0,2.0,5.0,5.0,22.0,22.0,73.0,73.0,1.336e-10,1.31e-10,1.323e-10,25.0,1
705,4.0,4.0,4.0,2.0,2.0,6.0,2.0,2.0,5.0,5.0,22.0,22.0,75.0,75.0,1.336e-10,1.311e-10,1.323e-10,25.0,1
706,4.0,4.0,4.0,2.0,2.0,6.0,2.0,2.0,6.0,6.0,18.0,18.0,67.0,67.0,1.332e-10,1.308e-10,1.32e-10,25.0,1
707,4.0,4.0,4.0,2.0,2.0,6.0,2.0,2.0,6.0,6.0,18.0,18.0,69.0,69.0,1.332e-10,1.308e-10,1.32e-10,25.0,1
708,4.0,4.0,4.0,2.0,2.0,6.0,2.0,2.0,6.0,6.0,18.0,18.0,71.0,71.0,1.332e-10,1.309e-10,1.321e-10,25.0,1
709,4.0,4.0,4.0,2.0,2.0,6.0,2.0,2.0,6.0,6.0,18.0,18.0,73.0,73.0,1.332e-10,1.31e-10,1.321e-10,25.0,1
710,4.0,4.0,4.0,2.0,2.0,6.0,2.0,2.0,6.0,6.0,18.0,18.0,75.0,75.0,1.333e-10,1.31e-10,1.322e-10,25.0,1
711,4.0,4.0,4.0,2.0,2.0,6.0,2.0,2.0,6.0,6.0,20.0,20.0,67.0,67.0,1.332e-10,1.307e-10,1.319e-10,25.0,1
712,4.0,4.0,4.0,2.0,2.0,6.0,2.0,2.0,6.0,6.0,20.0,20.0,69.0,69.0,1.332e-10,1.307e-10,1.32e-10,25.0,1
713,4.0,4.0,4.0,2.0,2.0,6.0,2.0,2.0,6.0,6.0,20.0,20.0,71.0,71.0,1.332e-10,1.308e-10,1.32e-10,25.0,1
714,4.0,4.0,4.0,2.0,2.0,6.0,2.0,2.0,6.0,6.0,20.0,20.0,73.0,73.0,1.332e-10,1.308e-10,1.32e-10,25.0,1
715,4.0,4.0,4.0,2.0,2.0,6.0,2.0,2.0,6.0,6.0,20.0,20.0,75.0,75.0,1.332e-10,1.309e-10,1.321e-10,25.0,1
716,4.0,4.0,4.0,2.0,2.0,6.0,2.0,2.0,6.0,6.0,22.0,22.0,67.0,67.0,1.332e-10,1.307e-10,1.32e-10,25.0,1
717,4.0,4.0,4.0,2.0,2.0,6.0,2.0,2.0,6.0,6.0,22.0,22.0,69.0,69.0,1.332e-10,1.307e-10,1.32e-10,25.0,1
718,4.0,4.0,4.0,2.0,2.0,6.0,2.0,2.0,6.0,6.0,22.0,22.0,71.0,71.0,1.332e-10,1.308e-10,1.32e-10,25.0,1
719,4.0,4.0,4.0,2.0,2.0,6.0,2.0,2.0,6.0,6.0,22.0,22.0,73.0,73.0,1.333e-10,1.308e-10,1.32e-10,25.0,1
720,4.0,4.0,4.0,2.0,2.0,6.0,2.0,2.0,6.0,6.0,22.0,22.0,75.0,75.0,1.333e-10,1.309e-10,1.321e-10,25.0,1
721,4.0,4.0,5.0,3.0,1.0,3.0,1.0,1.0,4.0,4.0,18.0,18.0,67.0,67.0,8.88e-11,8.804e-11,8.842e-11,25.0,1
722,4.0,4.0,5.0,3.0,1.0,3.0,1.0,1.0,4.0,4.0,18.0,18.0,69.0,69.0,8.883e-11,8.81e-11,8.846e-11,25.0,1
723,4.0,4.0,5.0,3.0,1.0,3.0,1.0,1.0,4.0,4.0,18.0,18.0,71.0,71.0,8.886e-11,8.816e-11,8.851e-11,25.0,1
724,4.0,4.0,5.0,3.0,1.0,3.0,1.0,1.0,4.0,4.0,18.0,18.0,73.0,73.0,8.891e-11,8.823e-11,8.857e-11,25.0,1
725,4.0,4.0,5.0,3.0,1.0,3.0,1.0,1.0,4.0,4.0,18.0,18.0,75.0,75.0,8.895e-11,8.83e-11,8.863e-11,25.0,1
726,4.0,4.0,5.0,3.0,1.0,3.0,1.0,1.0,4.0,4.0,20.0,20.0,67.0,67.0,8.902e-11,8.817e-11,8.86e-11,25.0,1
727,4.0,4.0,5.0,3.0,1.0,3.0,1.0,1.0,4.0,4.0,20.0,20.0,69.0,69.0,8.904e-11,8.822e-11,8.863e-11,25.0,1
728,4.0,4.0,5.0,3.0,1.0,3.0,1.0,1.0,4.0,4.0,20.0,20.0,71.0,71.0,8.907e-11,8.827e-11,8.867e-11,25.0,1
729,4.0,4.0,5.0,3.0,1.0,3.0,1.0,1.0,4.0,4.0,20.0,20.0,73.0,73.0,8.91e-11,8.832e-11,8.871e-11,25.0,1
730,4.0,4.0,5.0,3.0,1.0,3.0,1.0,1.0,4.0,4.0,20.0,20.0,75.0,75.0,8.914e-11,8.837e-11,8.876e-11,25.0,1
731,4.0,4.0,5.0,3.0,1.0,3.0,1.0,1.0,4.0,4.0,22.0,22.0,67.0,67.0,8.932e-11,8.839e-11,8.885e-11,25.0,1
732,4.0,4.0,5.0,3.0,1.0,3.0,1.0,1.0,4.0,4.0,22.0,22.0,69.0,69.0,8.934e-11,8.842e-11,8.888e-11,25.0,1
733,4.0,4.0,5.0,3.0,1.0,3.0,1.0,1.0,4.0,4.0,22.0,22.0,71.0,71.0,8.934e-11,8.845e-11,8.89e-11,25.0,1
734,4.0,4.0,5.0,3.0,1.0,3.0,1.0,1.0,4.0,4.0,22.0,22.0,73.0,73.0,8.937e-11,8.85e-11,8.893e-11,25.0,1
735,4.0,4.0,5.0,3.0,1.0,3.0,1.0,1.0,4.0,4.0,22.0,22.0,75.0,75.0,8.94e-11,8.855e-11,8.897e-11,25.0,1
736,4.0,4.0,5.0,3.0,1.0,3.0,1.0,1.0,5.0,5.0,18.0,18.0,67.0,67.0,8.88e-11,8.829e-11,8.855e-11,25.0,1
737,4.0,4.0,5.0,3.0,1.0,3.0,1.0,1.0,5.0,5.0,18.0,18.0,69.0,69.0,8.883e-11,8.834e-11,8.859e-11,25.0,1
738,4.0,4.0,5.0,3.0,1.0,3.0,1.0,1.0,5.0,5.0,18.0,18.0,71.0,71.0,8.887e-11,8.84e-11,8.864e-11,25.0,1
739,4.0,4.0,5.0,3.0,1.0,3.0,1.0,1.0,5.0,5.0,18.0,18.0,73.0,73.0,8.891e-11,8.846e-11,8.869e-11,25.0,1
740,4.0,4.0,5.0,3.0,1.0,3.0,1.0,1.0,5.0,5.0,18.0,18.0,75.0,75.0,8.895e-11,8.853e-11,8.874e-11,25.0,1
741,4.0,4.0,5.0,3.0,1.0,3.0,1.0,1.0,5.0,5.0,20.0,20.0,67.0,67.0,8.891e-11,8.832e-11,8.861e-11,25.0,1
742,4.0,4.0,5.0,3.0,1.0,3.0,1.0,1.0,5.0,5.0,20.0,20.0,69.0,69.0,8.893e-11,8.835e-11,8.864e-11,25.0,1
743,4.0,4.0,5.0,3.0,1.0,3.0,1.0,1.0,5.0,5.0,20.0,20.0,71.0,71.0,8.896e-11,8.84e-11,8.868e-11,25.0,1
744,4.0,4.0,5.0,3.0,1.0,3.0,1.0,1.0,5.0,5.0,20.0,20.0,73.0,73.0,8.899e-11,8.845e-11,8.872e-11,25.0,1
745,4.0,4.0,5.0,3.0,1.0,3.0,1.0,1.0,5.0,5.0,20.0,20.0,75.0,75.0,8.901e-11,8.851e-11,8.876e-11,25.0,1
746,4.0,4.0,5.0,3.0,1.0,3.0,1.0,1.0,5.0,5.0,22.0,22.0,67.0,67.0,8.909e-11,8.843e-11,8.876e-11,25.0,1
747,4.0,4.0,5.0,3.0,1.0,3.0,1.0,1.0,5.0,5.0,22.0,22.0,69.0,69.0,8.91e-11,8.845e-11,8.877e-11,25.0,1
748,4.0,4.0,5.0,3.0,1.0,3.0,1.0,1.0,5.0,5.0,22.0,22.0,71.0,71.0,8.911e-11,8.849e-11,8.88e-11,25.0,1
749,4.0,4.0,5.0,3.0,1.0,3.0,1.0,1.0,5.0,5.0,22.0,22.0,73.0,73.0,8.913e-11,8.853e-11,8.883e-11,25.0,1
750,4.0,4.0,5.0,3.0,1.0,3.0,1.0,1.0,5.0,5.0,22.0,22.0,75.0,75.0,8.916e-11,8.858e-11,8.887e-11,25.0,1
751,4.0,4.0,5.0,3.0,1.0,3.0,1.0,1.0,6.0,6.0,18.0,18.0,67.0,67.0,8.92e-11,8.887e-11,8.904e-11,25.0,1
752,4.0,4.0,5.0,3.0,1.0,3.0,1.0,1.0,6.0,6.0,18.0,18.0,69.0,69.0,8.922e-11,8.892e-11,8.907e-11,25.0,1
753,4.0,4.0,5.0,3.0,1.0,3.0,1.0,1.0,6.0,6.0,18.0,18.0,71.0,71.0,8.925e-11,8.897e-11,8.911e-11,25.0,1
754,4.0,4.0,5.0,3.0,1.0,3.0,1.0,1.0,6.0,6.0,18.0,18.0,73.0,73.0,8.929e-11,8.903e-11,8.916e-11,25.0,1
755,4.0,4.0,5.0,3.0,1.0,3.0,1.0,1.0,6.0,6.0,18.0,18.0,75.0,75.0,8.933e-11,8.91e-11,8.922e-11,25.0,1
756,4.0,4.0,5.0,3.0,1.0,3.0,1.0,1.0,6.0,6.0,20.0,20.0,67.0,67.0,8.923e-11,8.882e-11,8.903e-11,25.0,1
757,4.0,4.0,5.0,3.0,1.0,3.0,1.0,1.0,6.0,6.0,20.0,20.0,69.0,69.0,8.924e-11,8.886e-11,8.905e-11,25.0,1
758,4.0,4.0,5.0,3.0,1.0,3.0,1.0,1.0,6.0,6.0,20.0,20.0,71.0,71.0,8.926e-11,8.891e-11,8.909e-11,25.0,1
759,4.0,4.0,5.0,3.0,1.0,3.0,1.0,1.0,6.0,6.0,20.0,20.0,73.0,73.0,8.929e-11,8.896e-11,8.912e-11,25.0,1
760,4.0,4.0,5.0,3.0,1.0,3.0,1.0,1.0,6.0,6.0,20.0,20.0,75.0,75.0,8.932e-11,8.901e-11,8.916e-11,25.0,1
761,4.0,4.0,5.0,3.0,1.0,3.0,1.0,1.0,6.0,6.0,22.0,22.0,67.0,67.0,8.932e-11,8.886e-11,8.909e-11,25.0,1
762,4.0,4.0,5.0,3.0,1.0,3.0,1.0,1.0,6.0,6.0,22.0,22.0,69.0,69.0,8.933e-11,8.89e-11,8.912e-11,25.0,1
763,4.0,4.0,5.0,3.0,1.0,3.0,1.0,1.0,6.0,6.0,22.0,22.0,71.0,71.0,8.935e-11,8.893e-11,8.914e-11,25.0,1
764,4.0,4.0,5.0,3.0,1.0,3.0,1.0,1.0,6.0,6.0,22.0,22.0,73.0,73.0,8.936e-11,8.898e-11,8.917e-11,25.0,1
765,4.0,4.0,5.0,3.0,1.0,3.0,1.0,1.0,6.0,6.0,22.0,22.0,75.0,75.0,8.938e-11,8.901e-11,8.92e-11,25.0,1
766,4.0,4.0,5.0,3.0,1.0,3.0,2.0,2.0,4.0,4.0,18.0,18.0,67.0,67.0,8.718e-11,8.636e-11,8.677e-11,25.0,1
767,4.0,4.0,5.0,3.0,1.0,3.0,2.0,2.0,4.0,4.0,18.0,18.0,69.0,69.0,8.723e-11,8.642e-11,8.682e-11,25.0,1
768,4.0,4.0,5.0,3.0,1.0,3.0,2.0,2.0,4.0,4.0,18.0,18.0,71.0,71.0,8.726e-11,8.648e-11,8.687e-11,25.0,1
769,4.0,4.0,5.0,3.0,1.0,3.0,2.0,2.0,4.0,4.0,18.0,18.0,73.0,73.0,8.73e-11,8.654e-11,8.692e-11,25.0,1
770,4.0,4.0,5.0,3.0,1.0,3.0,2.0,2.0,4.0,4.0,18.0,18.0,75.0,75.0,8.735e-11,8.662e-11,8.699e-11,25.0,1
771,4.0,4.0,5.0,3.0,1.0,3.0,2.0,2.0,4.0,4.0,20.0,20.0,67.0,67.0,8.739e-11,8.647e-11,8.693e-11,25.0,1
772,4.0,4.0,5.0,3.0,1.0,3.0,2.0,2.0,4.0,4.0,20.0,20.0,69.0,69.0,8.743e-11,8.652e-11,8.697e-11,25.0,1
773,4.0,4.0,5.0,3.0,1.0,3.0,2.0,2.0,4.0,4.0,20.0,20.0,71.0,71.0,8.745e-11,8.656e-11,8.701e-11,25.0,1
774,4.0,4.0,5.0,3.0,1.0,3.0,2.0,2.0,4.0,4.0,20.0,20.0,73.0,73.0,8.748e-11,8.662e-11,8.705e-11,25.0,1
775,4.0,4.0,5.0,3.0,1.0,3.0,2.0,2.0,4.0,4.0,20.0,20.0,75.0,75.0,8.752e-11,8.667e-11,8.709e-11,25.0,1
776,4.0,4.0,5.0,3.0,1.0,3.0,2.0,2.0,4.0,4.0,22.0,22.0,67.0,67.0,8.769e-11,8.666e-11,8.717e-11,25.0,1
777,4.0,4.0,5.0,3.0,1.0,3.0,2.0,2.0,4.0,4.0,22.0,22.0,69.0,69.0,8.77e-11,8.669e-11,8.72e-11,25.0,1
778,4.0,4.0,5.0,3.0,1.0,3.0,2.0,2.0,4.0,4.0,22.0,22.0,71.0,71.0,8.772e-11,8.673e-11,8.723e-11,25.0,1
779,4.0,4.0,5.0,3.0,1.0,3.0,2.0,2.0,4.0,4.0,22.0,22.0,73.0,73.0,8.774e-11,8.676e-11,8.725e-11,25.0,1
780,4.0,4.0,5.0,3.0,1.0,3.0,2.0,2.0,4.0,4.0,22.0,22.0,75.0,75.0,8.777e-11,8.681e-11,8.729e-11,25.0,1
781,4.0,4.0,5.0,3.0,1.0,3.0,2.0,2.0,5.0,5.0,18.0,18.0,67.0,67.0,8.663e-11,8.597e-11,8.63e-11,25.0,1
782,4.0,4.0,5.0,3.0,1.0,3.0,2.0,2.0,5.0,5.0,18.0,18.0,69.0,69.0,8.665e-11,8.603e-11,8.634e-11,25.0,1
783,4.0,4.0,5.0,3.0,1.0,3.0,2.0,2.0,5.0,5.0,18.0,18.0,71.0,71.0,8.67e-11,8.608e-11,8.639e-11,25.0,1
784,4.0,4.0,5.0,3.0,1.0,3.0,2.0,2.0,5.0,5.0,18.0,18.0,73.0,73.0,8.673e-11,8.615e-11,8.644e-11,25.0,1
785,4.0,4.0,5.0,3.0,1.0,3.0,2.0,2.0,5.0,5.0,18.0,18.0,75.0,75.0,8.678e-11,8.621e-11,8.649e-11,25.0,1
786,4.0,4.0,5.0,3.0,1.0,3.0,2.0,2.0,5.0,5.0,20.0,20.0,67.0,67.0,8.672e-11,8.596e-11,8.634e-11,25.0,1
787,4.0,4.0,5.0,3.0,1.0,3.0,2.0,2.0,5.0,5.0,20.0,20.0,69.0,69.0,8.672e-11,8.6e-11,8.636e-11,25.0,1
788,4.0,4.0,5.0,3.0,1.0,3.0,2.0,2.0,5.0,5.0,20.0,20.0,71.0,71.0,8.675e-11,8.605e-11,8.64e-11,25.0,1
789,4.0,4.0,5.0,3.0,1.0,3.0,2.0,2.0,5.0,5.0,20.0,20.0,73.0,73.0,8.677e-11,8.611e-11,8.644e-11,25.0,1
790,4.0,4.0,5.0,3.0,1.0,3.0,2.0,2.0,5.0,5.0,20.0,20.0,75.0,75.0,8.681e-11,8.616e-11,8.649e-11,25.0,1
791,4.0,4.0,5.0,3.0,1.0,3.0,2.0,2.0,5.0,5.0,22.0,22.0,67.0,67.0,8.688e-11,8.604e-11,8.646e-11,25.0,1
792,4.0,4.0,5.0,3.0,1.0,3.0,2.0,2.0,5.0,5.0,22.0,22.0,69.0,69.0,8.688e-11,8.607e-11,8.648e-11,25.0,1
793,4.0,4.0,5.0,3.0,1.0,3.0,2.0,2.0,5.0,5.0,22.0,22.0,71.0,71.0,8.69e-11,8.61e-11,8.65e-11,25.0,1
794,4.0,4.0,5.0,3.0,1.0,3.0,2.0,2.0,5.0,5.0,22.0,22.0,73.0,73.0,8.693e-11,8.615e-11,8.654e-11,25.0,1
795,4.0,4.0,5.0,3.0,1.0,3.0,2.0,2.0,5.0,5.0,22.0,22.0,75.0,75.0,8.695e-11,8.619e-11,8.657e-11,25.0,1
796,4.0,4.0,5.0,3.0,1.0,3.0,2.0,2.0,6.0,6.0,18.0,18.0,67.0,67.0,8.647e-11,8.593e-11,8.62e-11,25.0,1
797,4.0,4.0,5.0,3.0,1.0,3.0,2.0,2.0,6.0,6.0,18.0,18.0,69.0,69.0,8.649e-11,8.598e-11,8.624e-11,25.0,1
798,4.0,4.0,5.0,3.0,1.0,3.0,2.0,2.0,6.0,6.0,18.0,18.0,71.0,71.0,8.652e-11,8.604e-11,8.628e-11,25.0,1
799,4.0,4.0,5.0,3.0,1.0,3.0,2.0,2.0,6.0,6.0,18.0,18.0,73.0,73.0,8.656e-11,8.609e-11,8.633e-11,25.0,1
800,4.0,4.0,5.0,3.0,1.0,3.0,2.0,2.0,6.0,6.0,18.0,18.0,75.0,75.0,8.66e-11,8.616e-11,8.638e-11,25.0,1
801,4.0,4.0,5.0,3.0,1.0,3.0,2.0,2.0,6.0,6.0,20.0,20.0,67.0,67.0,8.647e-11,8.585e-11,8.616e-11,25.0,1
802,4.0,4.0,5.0,3.0,1.0,3.0,2.0,2.0,6.0,6.0,20.0,20.0,69.0,69.0,8.649e-11,8.589e-11,8.619e-11,25.0,1
803,4.0,4.0,5.0,3.0,1.0,3.0,2.0,2.0,6.0,6.0,20.0,20.0,71.0,71.0,8.65e-11,8.593e-11,8.622e-11,25.0,1
804,4.0,4.0,5.0,3.0,1.0,3.0,2.0,2.0,6.0,6.0,20.0,20.0,73.0,73.0,8.654e-11,8.598e-11,8.626e-11,25.0,1
805,4.0,4.0,5.0,3.0,1.0,3.0,2.0,2.0,6.0,6.0,20.0,20.0,75.0,75.0,8.657e-11,8.604e-11,8.63e-11,25.0,1
806,4.0,4.0,5.0,3.0,1.0,3.0,2.0,2.0,6.0,6.0,22.0,22.0,67.0,67.0,8.655e-11,8.585e-11,8.62e-11,25.0,1
807,4.0,4.0,5.0,3.0,1.0,3.0,2.0,2.0,6.0,6.0,22.0,22.0,69.0,69.0,8.655e-11,8.589e-11,8.622e-11,25.0,1
808,4.0,4.0,5.0,3.0,1.0,3.0,2.0,2.0,6.0,6.0,22.0,22.0,71.0,71.0,8.656e-11,8.593e-11,8.625e-11,25.0,1
809,4.0,4.0,5.0,3.0,1.0,3.0,2.0,2.0,6.0,6.0,22.0,22.0,73.0,73.0,8.658e-11,8.596e-11,8.627e-11,25.0,1
810,4.0,4.0,5.0,3.0,1.0,3.0,2.0,2.0,6.0,6.0,22.0,22.0,75.0,75.0,8.661e-11,8.601e-11,8.631e-11,25.0,1
811,4.0,4.0,5.0,3.0,2.0,6.0,1.0,1.0,4.0,4.0,18.0,18.0,67.0,67.0,1.36e-10,1.335e-10,1.347e-10,25.0,1
812,4.0,4.0,5.0,3.0,2.0,6.0,1.0,1.0,4.0,4.0,18.0,18.0,69.0,69.0,1.36e-10,1.335e-10,1.348e-10,25.0,1
813,4.0,4.0,5.0,3.0,2.0,6.0,1.0,1.0,4.0,4.0,18.0,18.0,71.0,71.0,1.361e-10,1.336e-10,1.348e-10,25.0,1
814,4.0,4.0,5.0,3.0,2.0,6.0,1.0,1.0,4.0,4.0,18.0,18.0,73.0,73.0,1.361e-10,1.337e-10,1.349e-10,25.0,1
815,4.0,4.0,5.0,3.0,2.0,6.0,1.0,1.0,4.0,4.0,18.0,18.0,75.0,75.0,1.362e-10,1.337e-10,1.349e-10,25.0,1
816,4.0,4.0,5.0,3.0,2.0,6.0,1.0,1.0,4.0,4.0,20.0,20.0,67.0,67.0,1.362e-10,1.336e-10,1.349e-10,25.0,1
817,4.0,4.0,5.0,3.0,2.0,6.0,1.0,1.0,4.0,4.0,20.0,20.0,69.0,69.0,1.362e-10,1.336e-10,1.349e-10,25.0,1
818,4.0,4.0,5.0,3.0,2.0,6.0,1.0,1.0,4.0,4.0,20.0,20.0,71.0,71.0,1.363e-10,1.337e-10,1.35e-10,25.0,1
819,4.0,4.0,5.0,3.0,2.0,6.0,1.0,1.0,4.0,4.0,20.0,20.0,73.0,73.0,1.363e-10,1.337e-10,1.35e-10,25.0,1
820,4.0,4.0,5.0,3.0,2.0,6.0,1.0,1.0,4.0,4.0,20.0,20.0,75.0,75.0,1.363e-10,1.338e-10,1.351e-10,25.0,1
821,4.0,4.0,5.0,3.0,2.0,6.0,1.0,1.0,4.0,4.0,22.0,22.0,67.0,67.0,1.365e-10,1.338e-10,1.352e-10,25.0,1
822,4.0,4.0,5.0,3.0,2.0,6.0,1.0,1.0,4.0,4.0,22.0,22.0,69.0,69.0,1.365e-10,1.338e-10,1.352e-10,25.0,1
823,4.0,4.0,5.0,3.0,2.0,6.0,1.0,1.0,4.0,4.0,22.0,22.0,71.0,71.0,1.365e-10,1.339e-10,1.352e-10,25.0,1
824,4.0,4.0,5.0,3.0,2.0,6.0,1.0,1.0,4.0,4.0,22.0,22.0,73.0,73.0,1.366e-10,1.339e-10,1.353e-10,25.0,1
825,4.0,4.0,5.0,3.0,2.0,6.0,1.0,1.0,4.0,4.0,22.0,22.0,75.0,75.0,1.366e-10,1.34e-10,1.353e-10,25.0,1
826,4.0,4.0,5.0,3.0,2.0,6.0,1.0,1.0,5.0,5.0,18.0,18.0,67.0,67.0,1.36e-10,1.337e-10,1.349e-10,25.0,1
827,4.0,4.0,5.0,3.0,2.0,6.0,1.0,1.0,5.0,5.0,18.0,18.0,69.0,69.0,1.361e-10,1.338e-10,1.349e-10,25.0,1
828,4.0,4.0,5.0,3.0,2.0,6.0,1.0,1.0,5.0,5.0,18.0,18.0,71.0,71.0,1.361e-10,1.338e-10,1.35e-10,25.0,1
829,4.0,4.0,5.0,3.0,2.0,6.0,1.0,1.0,5.0,5.0,18.0,18.0,73.0,73.0,1.362e-10,1.339e-10,1.35e-10,25.0,1
830,4.0,4.0,5.0,3.0,2.0,6.0,1.0,1.0,5.0,5.0,18.0,18.0,75.0,75.0,1.362e-10,1.339e-10,1.351e-10,25.0,1
831,4.0,4.0,5.0,3.0,2.0,6.0,1.0,1.0,5.0,5.0,20.0,20.0,67.0,67.0,1.361e-10,1.337e-10,1.349e-10,25.0,1
832,4.0,4.0,5.0,3.0,2.0,6.0,1.0,1.0,5.0,5.0,20.0,20.0,69.0,69.0,1.362e-10,1.338e-10,1.35e-10,25.0,1
833,4.0,4.0,5.0,3.0,2.0,6.0,1.0,1.0,5.0,5.0,20.0,20.0,71.0,71.0,1.362e-10,1.338e-10,1.35e-10,25.0,1
834,4.0,4.0,5.0,3.0,2.0,6.0,1.0,1.0,5.0,5.0,20.0,20.0,73.0,73.0,1.362e-10,1.339e-10,1.35e-10,25.0,1
835,4.0,4.0,5.0,3.0,2.0,6.0,1.0,1.0,5.0,5.0,20.0,20.0,75.0,75.0,1.362e-10,1.339e-10,1.351e-10,25.0,1
836,4.0,4.0,5.0,3.0,2.0,6.0,1.0,1.0,5.0,5.0,22.0,22.0,67.0,67.0,1.363e-10,1.338e-10,1.351e-10,25.0,1
837,4.0,4.0,5.0,3.0,2.0,6.0,1.0,1.0,5.0,5.0,22.0,22.0,69.0,69.0,1.363e-10,1.339e-10,1.351e-10,25.0,1
838,4.0,4.0,5.0,3.0,2.0,6.0,1.0,1.0,5.0,5.0,22.0,22.0,71.0,71.0,1.364e-10,1.339e-10,1.351e-10,25.0,1
839,4.0,4.0,5.0,3.0,2.0,6.0,1.0,1.0,5.0,5.0,22.0,22.0,73.0,73.0,1.364e-10,1.339e-10,1.352e-10,25.0,1
840,4.0,4.0,5.0,3.0,2.0,6.0,1.0,1.0,5.0,5.0,22.0,22.0,75.0,75.0,1.364e-10,1.34e-10,1.352e-10,25.0,1
841,4.0,4.0,5.0,3.0,2.0,6.0,1.0,1.0,6.0,6.0,18.0,18.0,67.0,67.0,1.365e-10,1.343e-10,1.354e-10,25.0,1
842,4.0,4.0,5.0,3.0,2.0,6.0,1.0,1.0,6.0,6.0,18.0,18.0,69.0,69.0,1.365e-10,1.343e-10,1.354e-10,25.0,1
843,4.0,4.0,5.0,3.0,2.0,6.0,1.0,1.0,6.0,6.0,18.0,18.0,71.0,71.0,1.365e-10,1.344e-10,1.355e-10,25.0,1
844,4.0,4.0,5.0,3.0,2.0,6.0,1.0,1.0,6.0,6.0,18.0,18.0,73.0,73.0,1.366e-10,1.344e-10,1.355e-10,25.0,1
845,4.0,4.0,5.0,3.0,2.0,6.0,1.0,1.0,6.0,6.0,18.0,18.0,75.0,75.0,1.366e-10,1.345e-10,1.356e-10,25.0,1
846,4.0,4.0,5.0,3.0,2.0,6.0,1.0,1.0,6.0,6.0,20.0,20.0,67.0,67.0,1.365e-10,1.342e-10,1.354e-10,25.0,1
847,4.0,4.0,5.0,3.0,2.0,6.0,1.0,1.0,6.0,6.0,20.0,20.0,69.0,69.0,1.365e-10,1.343e-10,1.354e-10,25.0,1
848,4.0,4.0,5.0,3.0,2.0,6.0,1.0,1.0,6.0,6.0,20.0,20.0,71.0,71.0,1.365e-10,1.343e-10,1.354e-10,25.0,1
849,4.0,4.0,5.0,3.0,2.0,6.0,1.0,1.0,6.0,6.0,20.0,20.0,73.0,73.0,1.366e-10,1.344e-10,1.355e-10,25.0,1
850,4.0,4.0,5.0,3.0,2.0,6.0,1.0,1.0,6.0,6.0,20.0,20.0,75.0,75.0,1.366e-10,1.344e-10,1.355e-10,25.0,1
851,4.0,4.0,5.0,3.0,2.0,6.0,1.0,1.0,6.0,6.0,22.0,22.0,67.0,67.0,1.366e-10,1.343e-10,1.354e-10,25.0,1
852,4.0,4.0,5.0,3.0,2.0,6.0,1.0,1.0,6.0,6.0,22.0,22.0,69.0,69.0,1.366e-10,1.343e-10,1.355e-10,25.0,1
853,4.0,4.0,5.0,3.0,2.0,6.0,1.0,1.0,6.0,6.0,22.0,22.0,71.0,71.0,1.366e-10,1.343e-10,1.355e-10,25.0,1
854,4.0,4.0,5.0,3.0,2.0,6.0,1.0,1.0,6.0,6.0,22.0,22.0,73.0,73.0,1.366e-10,1.344e-10,1.355e-10,25.0,1
855,4.0,4.0,5.0,3.0,2.0,6.0,1.0,1.0,6.0,6.0,22.0,22.0,75.0,75.0,1.367e-10,1.344e-10,1.355e-10,25.0,1
856,4.0,4.0,5.0,3.0,2.0,6.0,2.0,2.0,4.0,4.0,18.0,18.0,67.0,67.0,1.339e-10,1.313e-10,1.326e-10,25.0,1
857,4.0,4.0,5.0,3.0,2.0,6.0,2.0,2.0,4.0,4.0,18.0,18.0,69.0,69.0,1.339e-10,1.313e-10,1.326e-10,25.0,1
858,4.0,4.0,5.0,3.0,2.0,6.0,2.0,2.0,4.0,4.0,18.0,18.0,71.0,71.0,1.339e-10,1.314e-10,1.327e-10,25.0,1
859,4.0,4.0,5.0,3.0,2.0,6.0,2.0,2.0,4.0,4.0,18.0,18.0,73.0,73.0,1.34e-10,1.314e-10,1.327e-10,25.0,1
860,4.0,4.0,5.0,3.0,2.0,6.0,2.0,2.0,4.0,4.0,18.0,18.0,75.0,75.0,1.34e-10,1.315e-10,1.328e-10,25.0,1
861,4.0,4.0,5.0,3.0,2.0,6.0,2.0,2.0,4.0,4.0,20.0,20.0,67.0,67.0,1.341e-10,1.314e-10,1.327e-10,25.0,1
862,4.0,4.0,5.0,3.0,2.0,6.0,2.0,2.0,4.0,4.0,20.0,20.0,69.0,69.0,1.341e-10,1.314e-10,1.328e-10,25.0,1
863,4.0,4.0,5.0,3.0,2.0,6.0,2.0,2.0,4.0,4.0,20.0,20.0,71.0,71.0,1.341e-10,1.315e-10,1.328e-10,25.0,1
864,4.0,4.0,5.0,3.0,2.0,6.0,2.0,2.0,4.0,4.0,20.0,20.0,73.0,73.0,1.342e-10,1.315e-10,1.328e-10,25.0,1
865,4.0,4.0,5.0,3.0,2.0,6.0,2.0,2.0,4.0,4.0,20.0,20.0,75.0,75.0,1.342e-10,1.316e-10,1.329e-10,25.0,1
866,4.0,4.0,5.0,3.0,2.0,6.0,2.0,2.0,4.0,4.0,22.0,22.0,67.0,67.0,1.344e-10,1.316e-10,1.33e-10,25.0,1
867,4.0,4.0,5.0,3.0,2.0,6.0,2.0,2.0,4.0,4.0,22.0,22.0,69.0,69.0,1.344e-10,1.316e-10,1.33e-10,25.0,1
868,4.0,4.0,5.0,3.0,2.0,6.0,2.0,2.0,4.0,4.0,22.0,22.0,71.0,71.0,1.344e-10,1.316e-10,1.33e-10,25.0,1
869,4.0,4.0,5.0,3.0,2.0,6.0,2.0,2.0,4.0,4.0,22.0,22.0,73.0,73.0,1.344e-10,1.317e-10,1.33e-10,25.0,1
870,4.0,4.0,5.0,3.0,2.0,6.0,2.0,2.0,4.0,4.0,22.0,22.0,75.0,75.0,1.344e-10,1.317e-10,1.331e-10,25.0,1
871,4.0,4.0,5.0,3.0,2.0,6.0,2.0,2.0,5.0,5.0,18.0,18.0,67.0,67.0,1.333e-10,1.309e-10,1.321e-10,25.0,1
872,4.0,4.0,5.0,3.0,2.0,6.0,2.0,2.0,5.0,5.0,18.0,18.0,69.0,69.0,1.334e-10,1.309e-10,1.321e-10,25.0,1
873,4.0,4.0,5.0,3.0,2.0,6.0,2.0,2.0,5.0,5.0,18.0,18.0,71.0,71.0,1.334e-10,1.31e-10,1.322e-10,25.0,1
874,4.0,4.0,5.0,3.0,2.0,6.0,2.0,2.0,5.0,5.0,18.0,18.0,73.0,73.0,1.334e-10,1.31e-10,1.322e-10,25.0,1
875,4.0,4.0,5.0,3.0,2.0,6.0,2.0,2.0,5.0,5.0,18.0,18.0,75.0,75.0,1.335e-10,1.311e-10,1.323e-10,25.0,1
876,4.0,4.0,5.0,3.0,2.0,6.0,2.0,2.0,5.0,5.0,20.0,20.0,67.0,67.0,1.334e-10,1.308e-10,1.321e-10,25.0,1
877,4.0,4.0,5.0,3.0,2.0,6.0,2.0,2.0,5.0,5.0,20.0,20.0,69.0,69.0,1.334e-10,1.309e-10,1.322e-10,25.0,1
878,4.0,4.0,5.0,3.0,2.0,6.0,2.0,2.0,5.0,5.0,20.0,20.0,71.0,71.0,1.335e-10,1.309e-10,1.322e-10,25.0,1
879,4.0,4.0,5.0,3.0,2.0,6.0,2.0,2.0,5.0,5.0,20.0,20.0,73.0,73.0,1.335e-10,1.31e-10,1.322e-10,25.0,1
880,4.0,4.0,5.0,3.0,2.0,6.0,2.0,2.0,5.0,5.0,20.0,20.0,75.0,75.0,1.335e-10,1.31e-10,1.323e-10,25.0,1
881,4.0,4.0,5.0,3.0,2.0,6.0,2.0,2.0,5.0,5.0,22.0,22.0,67.0,67.0,1.336e-10,1.309e-10,1.322e-10,25.0,1
882,4.0,4.0,5.0,3.0,2.0,6.0,2.0,2.0,5.0,5.0,22.0,22.0,69.0,69.0,1.336e-10,1.31e-10,1.323e-10,25.0,1
883,4.0,4.0,5.0,3.0,2.0,6.0,2.0,2.0,5.0,5.0,22.0,22.0,71.0,71.0,1.336e-10,1.31e-10,1.323e-10,25.0,1
884,4.0,4.0,5.0,3.0,2.0,6.0,2.0,2.0,5.0,5.0,22.0,22.0,73.0,73.0,1.336e-10,1.31e-10,1.323e-10,25.0,1
885,4.0,4.0,5.0,3.0,2.0,6.0,2.0,2.0,5.0,5.0,22.0,22.0,75.0,75.0,1.336e-10,1.311e-10,1.324e-10,25.0,1
886,4.0,4.0,5.0,3.0,2.0,6.0,2.0,2.0,6.0,6.0,18.0,18.0,67.0,67.0,1.332e-10,1.308e-10,1.32e-10,25.0,1
887,4.0,4.0,5.0,3.0,2.0,6.0,2.0,2.0,6.0,6.0,18.0,18.0,69.0,69.0,1.332e-10,1.308e-10,1.32e-10,25.0,1
888,4.0,4.0,5.0,3.0,2.0,6.0,2.0,2.0,6.0,6.0,18.0,18.0,71.0,71.0,1.332e-10,1.309e-10,1.321e-10,25.0,1
889,4.0,4.0,5.0,3.0,2.0,6.0,2.0,2.0,6.0,6.0,18.0,18.0,73.0,73.0,1.333e-10,1.31e-10,1.321e-10,25.0,1
890,4.0,4.0,5.0,3.0,2.0,6.0,2.0,2.0,6.0,6.0,18.0,18.0,75.0,75.0,1.333e-10,1.31e-10,1.322e-10,25.0,1
891,4.0,4.0,5.0,3.0,2.0,6.0,2.0,2.0,6.0,6.0,20.0,20.0,67.0,67.0,1.332e-10,1.307e-10,1.319e-10,25.0,1
892,4.0,4.0,5.0,3.0,2.0,6.0,2.0,2.0,6.0,6.0,20.0,20.0,69.0,69.0,1.332e-10,1.308e-10,1.32e-10,25.0,1
893,4.0,4.0,5.0,3.0,2.0,6.0,2.0,2.0,6.0,6.0,20.0,20.0,71.0,71.0,1.332e-10,1.308e-10,1.32e-10,25.0,1
894,4.0,4.0,5.0,3.0,2.0,6.0,2.0,2.0,6.0,6.0,20.0,20.0,73.0,73.0,1.333e-10,1.308e-10,1.321e-10,25.0,1
895,4.0,4.0,5.0,3.0,2.0,6.0,2.0,2.0,6.0,6.0,20.0,20.0,75.0,75.0,1.333e-10,1.309e-10,1.321e-10,25.0,1
896,4.0,4.0,5.0,3.0,2.0,6.0,2.0,2.0,6.0,6.0,22.0,22.0,67.0,67.0,1.333e-10,1.307e-10,1.32e-10,25.0,1
897,4.0,4.0,5.0,3.0,2.0,6.0,2.0,2.0,6.0,6.0,22.0,22.0,69.0,69.0,1.333e-10,1.308e-10,1.32e-10,25.0,1
898,4.0,4.0,5.0,3.0,2.0,6.0,2.0,2.0,6.0,6.0,22.0,22.0,71.0,71.0,1.333e-10,1.308e-10,1.32e-10,25.0,1
899,4.0,4.0,5.0,3.0,2.0,6.0,2.0,2.0,6.0,6.0,22.0,22.0,73.0,73.0,1.333e-10,1.308e-10,1.321e-10,25.0,1
900,4.0,4.0,5.0,3.0,2.0,6.0,2.0,2.0,6.0,6.0,22.0,22.0,75.0,75.0,1.333e-10,1.309e-10,1.321e-10,25.0,1
901,4.0,4.0,6.0,3.0,1.0,3.0,1.0,1.0,4.0,4.0,18.0,18.0,67.0,67.0,8.881e-11,8.805e-11,8.843e-11,25.0,1
902,4.0,4.0,6.0,3.0,1.0,3.0,1.0,1.0,4.0,4.0,18.0,18.0,69.0,69.0,8.884e-11,8.811e-11,8.848e-11,25.0,1
903,4.0,4.0,6.0,3.0,1.0,3.0,1.0,1.0,4.0,4.0,18.0,18.0,71.0,71.0,8.888e-11,8.817e-11,8.853e-11,25.0,1
904,4.0,4.0,6.0,3.0,1.0,3.0,1.0,1.0,4.0,4.0,18.0,18.0,73.0,73.0,8.892e-11,8.824e-11,8.858e-11,25.0,1
905,4.0,4.0,6.0,3.0,1.0,3.0,1.0,1.0,4.0,4.0,18.0,18.0,75.0,75.0,8.897e-11,8.83e-11,8.864e-11,25.0,1
906,4.0,4.0,6.0,3.0,1.0,3.0,1.0,1.0,4.0,4.0,20.0,20.0,67.0,67.0,8.903e-11,8.818e-11,8.86e-11,25.0,1
907,4.0,4.0,6.0,3.0,1.0,3.0,1.0,1.0,4.0,4.0,20.0,20.0,69.0,69.0,8.905e-11,8.823e-11,8.864e-11,25.0,1
908,4.0,4.0,6.0,3.0,1.0,3.0,1.0,1.0,4.0,4.0,20.0,20.0,71.0,71.0,8.908e-11,8.828e-11,8.868e-11,25.0,1
909,4.0,4.0,6.0,3.0,1.0,3.0,1.0,1.0,4.0,4.0,20.0,20.0,73.0,73.0,8.911e-11,8.833e-11,8.872e-11,25.0,1
910,4.0,4.0,6.0,3.0,1.0,3.0,1.0,1.0,4.0,4.0,20.0,20.0,75.0,75.0,8.915e-11,8.838e-11,8.877e-11,25.0,1
911,4.0,4.0,6.0,3.0,1.0,3.0,1.0,1.0,4.0,4.0,22.0,22.0,67.0,67.0,8.932e-11,8.84e-11,8.886e-11,25.0,1
912,4.0,4.0,6.0,3.0,1.0,3.0,1.0,1.0,4.0,4.0,22.0,22.0,69.0,69.0,8.934e-11,8.843e-11,8.889e-11,25.0,1
913,4.0,4.0,6.0,3.0,1.0,3.0,1.0,1.0,4.0,4.0,22.0,22.0,71.0,71.0,8.936e-11,8.847e-11,8.891e-11,25.0,1
914,4.0,4.0,6.0,3.0,1.0,3.0,1.0,1.0,4.0,4.0,22.0,22.0,73.0,73.0,8.939e-11,8.851e-11,8.895e-11,25.0,1
915,4.0,4.0,6.0,3.0,1.0,3.0,1.0,1.0,4.0,4.0,22.0,22.0,75.0,75.0,8.941e-11,8.856e-11,8.898e-11,25.0,1
916,4.0,4.0,6.0,3.0,1.0,3.0,1.0,1.0,5.0,5.0,18.0,18.0,67.0,67.0,8.882e-11,8.829e-11,8.855e-11,25.0,1
917,4.0,4.0,6.0,3.0,1.0,3.0,1.0,1.0,5.0,5.0,18.0,18.0,69.0,69.0,8.885e-11,8.835e-11,8.86e-11,25.0,1
918,4.0,4.0,6.0,3.0,1.0,3.0,1.0,1.0,5.0,5.0,18.0,18.0,71.0,71.0,8.888e-11,8.84e-11,8.864e-11,25.0,1
919,4.0,4.0,6.0,3.0,1.0,3.0,1.0,1.0,5.0,5.0,18.0,18.0,73.0,73.0,8.893e-11,8.847e-11,8.87e-11,25.0,1
920,4.0,4.0,6.0,3.0,1.0,3.0,1.0,1.0,5.0,5.0,18.0,18.0,75.0,75.0,8.896e-11,8.853e-11,8.875e-11,25.0,1
921,4.0,4.0,6.0,3.0,1.0,3.0,1.0,1.0,5.0,5.0,20.0,20.0,67.0,67.0,8.892e-11,8.832e-11,8.862e-11,25.0,1
922,4.0,4.0,6.0,3.0,1.0,3.0,1.0,1.0,5.0,5.0,20.0,20.0,69.0,69.0,8.894e-11,8.837e-11,8.865e-11,25.0,1
923,4.0,4.0,6.0,3.0,1.0,3.0,1.0,1.0,5.0,5.0,20.0,20.0,71.0,71.0,8.897e-11,8.841e-11,8.869e-11,25.0,1
924,4.0,4.0,6.0,3.0,1.0,3.0,1.0,1.0,5.0,5.0,20.0,20.0,73.0,73.0,8.9e-11,8.846e-11,8.873e-11,25.0,1
925,4.0,4.0,6.0,3.0,1.0,3.0,1.0,1.0,5.0,5.0,20.0,20.0,75.0,75.0,8.902e-11,8.851e-11,8.877e-11,25.0,1
926,4.0,4.0,6.0,3.0,1.0,3.0,1.0,1.0,5.0,5.0,22.0,22.0,67.0,67.0,8.911e-11,8.843e-11,8.877e-11,25.0,1
927,4.0,4.0,6.0,3.0,1.0,3.0,1.0,1.0,5.0,5.0,22.0,22.0,69.0,69.0,8.911e-11,8.846e-11,8.879e-11,25.0,1
928,4.0,4.0,6.0,3.0,1.0,3.0,1.0,1.0,5.0,5.0,22.0,22.0,71.0,71.0,8.913e-11,8.849e-11,8.881e-11,25.0,1
929,4.0,4.0,6.0,3.0,1.0,3.0,1.0,1.0,5.0,5.0,22.0,22.0,73.0,73.0,8.915e-11,8.854e-11,8.885e-11,25.0,1
930,4.0,4.0,6.0,3.0,1.0,3.0,1.0,1.0,5.0,5.0,22.0,22.0,75.0,75.0,8.917e-11,8.858e-11,8.888e-11,25.0,1
931,4.0,4.0,6.0,3.0,1.0,3.0,1.0,1.0,6.0,6.0,18.0,18.0,67.0,67.0,8.921e-11,8.888e-11,8.904e-11,25.0,1
932,4.0,4.0,6.0,3.0,1.0,3.0,1.0,1.0,6.0,6.0,18.0,18.0,69.0,69.0,8.923e-11,8.892e-11,8.908e-11,25.0,1
933,4.0,4.0,6.0,3.0,1.0,3.0,1.0,1.0,6.0,6.0,18.0,18.0,71.0,71.0,8.926e-11,8.898e-11,8.912e-11,25.0,1
934,4.0,4.0,6.0,3.0,1.0,3.0,1.0,1.0,6.0,6.0,18.0,18.0,73.0,73.0,8.93e-11,8.904e-11,8.917e-11,25.0,1
935,4.0,4.0,6.0,3.0,1.0,3.0,1.0,1.0,6.0,6.0,18.0,18.0,75.0,75.0,8.935e-11,8.91e-11,8.923e-11,25.0,1
936,4.0,4.0,6.0,3.0,1.0,3.0,1.0,1.0,6.0,6.0,20.0,20.0,67.0,67.0,8.923e-11,8.883e-11,8.903e-11,25.0,1
937,4.0,4.0,6.0,3.0,1.0,3.0,1.0,1.0,6.0,6.0,20.0,20.0,69.0,69.0,8.925e-11,8.887e-11,8.906e-11,25.0,1
938,4.0,4.0,6.0,3.0,1.0,3.0,1.0,1.0,6.0,6.0,20.0,20.0,71.0,71.0,8.927e-11,8.892e-11,8.909e-11,25.0,1
939,4.0,4.0,6.0,3.0,1.0,3.0,1.0,1.0,6.0,6.0,20.0,20.0,73.0,73.0,8.929e-11,8.896e-11,8.913e-11,25.0,1
940,4.0,4.0,6.0,3.0,1.0,3.0,1.0,1.0,6.0,6.0,20.0,20.0,75.0,75.0,8.934e-11,8.902e-11,8.918e-11,25.0,1
941,4.0,4.0,6.0,3.0,1.0,3.0,1.0,1.0,6.0,6.0,22.0,22.0,67.0,67.0,8.934e-11,8.888e-11,8.911e-11,25.0,1
942,4.0,4.0,6.0,3.0,1.0,3.0,1.0,1.0,6.0,6.0,22.0,22.0,69.0,69.0,8.935e-11,8.891e-11,8.913e-11,25.0,1
943,4.0,4.0,6.0,3.0,1.0,3.0,1.0,1.0,6.0,6.0,22.0,22.0,71.0,71.0,8.935e-11,8.894e-11,8.914e-11,25.0,1
944,4.0,4.0,6.0,3.0,1.0,3.0,1.0,1.0,6.0,6.0,22.0,22.0,73.0,73.0,8.937e-11,8.898e-11,8.917e-11,25.0,1
945,4.0,4.0,6.0,3.0,1.0,3.0,1.0,1.0,6.0,6.0,22.0,22.0,75.0,75.0,8.939e-11,8.902e-11,8.921e-11,25.0,1
946,4.0,4.0,6.0,3.0,1.0,3.0,2.0,2.0,4.0,4.0,18.0,18.0,67.0,67.0,8.72e-11,8.638e-11,8.679e-11,25.0,1
947,4.0,4.0,6.0,3.0,1.0,3.0,2.0,2.0,4.0,4.0,18.0,18.0,69.0,69.0,8.724e-11,8.643e-11,8.684e-11,25.0,1
948,4.0,4.0,6.0,3.0,1.0,3.0,2.0,2.0,4.0,4.0,18.0,18.0,71.0,71.0,8.727e-11,8.649e-11,8.688e-11,25.0,1
949,4.0,4.0,6.0,3.0,1.0,3.0,2.0,2.0,4.0,4.0,18.0,18.0,73.0,73.0,8.731e-11,8.656e-11,8.693e-11,25.0,1
950,4.0,4.0,6.0,3.0,1.0,3.0,2.0,2.0,4.0,4.0,18.0,18.0,75.0,75.0,8.736e-11,8.663e-11,8.699e-11,25.0,1
951,4.0,4.0,6.0,3.0,1.0,3.0,2.0,2.0,4.0,4.0,20.0,20.0,67.0,67.0,8.741e-11,8.648e-11,8.694e-11,25.0,1
952,4.0,4.0,6.0,3.0,1.0,3.0,2.0,2.0,4.0,4.0,20.0,20.0,69.0,69.0,8.744e-11,8.653e-11,8.698e-11,25.0,1
953,4.0,4.0,6.0,3.0,1.0,3.0,2.0,2.0,4.0,4.0,20.0,20.0,71.0,71.0,8.747e-11,8.658e-11,8.702e-11,25.0,1
954,4.0,4.0,6.0,3.0,1.0,3.0,2.0,2.0,4.0,4.0,20.0,20.0,73.0,73.0,8.749e-11,8.663e-11,8.706e-11,25.0,1
955,4.0,4.0,6.0,3.0,1.0,3.0,2.0,2.0,4.0,4.0,20.0,20.0,75.0,75.0,8.753e-11,8.668e-11,8.71e-11,25.0,1
956,4.0,4.0,6.0,3.0,1.0,3.0,2.0,2.0,4.0,4.0,22.0,22.0,67.0,67.0,8.77e-11,8.667e-11,8.718e-11,25.0,1
957,4.0,4.0,6.0,3.0,1.0,3.0,2.0,2.0,4.0,4.0,22.0,22.0,69.0,69.0,8.771e-11,8.67e-11,8.721e-11,25.0,1
958,4.0,4.0,6.0,3.0,1.0,3.0,2.0,2.0,4.0,4.0,22.0,22.0,71.0,71.0,8.773e-11,8.674e-11,8.723e-11,25.0,1
959,4.0,4.0,6.0,3.0,1.0,3.0,2.0,2.0,4.0,4.0,22.0,22.0,73.0,73.0,8.775e-11,8.678e-11,8.727e-11,25.0,1
960,4.0,4.0,6.0,3.0,1.0,3.0,2.0,2.0,4.0,4.0,22.0,22.0,75.0,75.0,8.778e-11,8.683e-11,8.73e-11,25.0,1
961,4.0,4.0,6.0,3.0,1.0,3.0,2.0,2.0,5.0,5.0,18.0,18.0,67.0,67.0,8.664e-11,8.598e-11,8.631e-11,25.0,1
962,4.0,4.0,6.0,3.0,1.0,3.0,2.0,2.0,5.0,5.0,18.0,18.0,69.0,69.0,8.667e-11,8.603e-11,8.635e-11,25.0,1
963,4.0,4.0,6.0,3.0,1.0,3.0,2.0,2.0,5.0,5.0,18.0,18.0,71.0,71.0,8.67e-11,8.61e-11,8.64e-11,25.0,1
964,4.0,4.0,6.0,3.0,1.0,3.0,2.0,2.0,5.0,5.0,18.0,18.0,73.0,73.0,8.674e-11,8.616e-11,8.645e-11,25.0,1
965,4.0,4.0,6.0,3.0,1.0,3.0,2.0,2.0,5.0,5.0,18.0,18.0,75.0,75.0,8.678e-11,8.622e-11,8.65e-11,25.0,1
966,4.0,4.0,6.0,3.0,1.0,3.0,2.0,2.0,5.0,5.0,20.0,20.0,67.0,67.0,8.672e-11,8.597e-11,8.634e-11,25.0,1
967,4.0,4.0,6.0,3.0,1.0,3.0,2.0,2.0,5.0,5.0,20.0,20.0,69.0,69.0,8.674e-11,8.602e-11,8.638e-11,25.0,1
968,4.0,4.0,6.0,3.0,1.0,3.0,2.0,2.0,5.0,5.0,20.0,20.0,71.0,71.0,8.676e-11,8.607e-11,8.641e-11,25.0,1
969,4.0,4.0,6.0,3.0,1.0,3.0,2.0,2.0,5.0,5.0,20.0,20.0,73.0,73.0,8.679e-11,8.612e-11,8.645e-11,25.0,1
970,4.0,4.0,6.0,3.0,1.0,3.0,2.0,2.0,5.0,5.0,20.0,20.0,75.0,75.0,8.683e-11,8.617e-11,8.65e-11,25.0,1
971,4.0,4.0,6.0,3.0,1.0,3.0,2.0,2.0,5.0,5.0,22.0,22.0,67.0,67.0,8.689e-11,8.605e-11,8.647e-11,25.0,1
972,4.0,4.0,6.0,3.0,1.0,3.0,2.0,2.0,5.0,5.0,22.0,22.0,69.0,69.0,8.689e-11,8.608e-11,8.649e-11,25.0,1
973,4.0,4.0,6.0,3.0,1.0,3.0,2.0,2.0,5.0,5.0,22.0,22.0,71.0,71.0,8.691e-11,8.612e-11,8.651e-11,25.0,1
974,4.0,4.0,6.0,3.0,1.0,3.0,2.0,2.0,5.0,5.0,22.0,22.0,73.0,73.0,8.692e-11,8.616e-11,8.654e-11,25.0,1
975,4.0,4.0,6.0,3.0,1.0,3.0,2.0,2.0,5.0,5.0,22.0,22.0,75.0,75.0,8.695e-11,8.621e-11,8.658e-11,25.0,1
976,4.0,4.0,6.0,3.0,1.0,3.0,2.0,2.0,6.0,6.0,18.0,18.0,67.0,67.0,8.648e-11,8.593e-11,8.621e-11,25.0,1
977,4.0,4.0,6.0,3.0,1.0,3.0,2.0,2.0,6.0,6.0,18.0,18.0,69.0,69.0,8.65e-11,8.599e-11,8.625e-11,25.0,1
978,4.0,4.0,6.0,3.0,1.0,3.0,2.0,2.0,6.0,6.0,18.0,18.0,71.0,71.0,8.654e-11,8.605e-11,8.629e-11,25.0,1
979,4.0,4.0,6.0,3.0,1.0,3.0,2.0,2.0,6.0,6.0,18.0,18.0,73.0,73.0,8.658e-11,8.611e-11,8.634e-11,25.0,1
980,4.0,4.0,6.0,3.0,1.0,3.0,2.0,2.0,6.0,6.0,18.0,18.0,75.0,75.0,8.662e-11,8.617e-11,8.639e-11,25.0,1
981,4.0,4.0,6.0,3.0,1.0,3.0,2.0,2.0,6.0,6.0,20.0,20.0,67.0,67.0,8.648e-11,8.586e-11,8.617e-11,25.0,1
982,4.0,4.0,6.0,3.0,1.0,3.0,2.0,2.0,6.0,6.0,20.0,20.0,69.0,69.0,8.65e-11,8.59e-11,8.62e-11,25.0,1
983,4.0,4.0,6.0,3.0,1.0,3.0,2.0,2.0,6.0,6.0,20.0,20.0,71.0,71.0,8.652e-11,8.595e-11,8.623e-11,25.0,1
984,4.0,4.0,6.0,3.0,1.0,3.0,2.0,2.0,6.0,6.0,20.0,20.0,73.0,73.0,8.654e-11,8.6e-11,8.627e-11,25.0,1
985,4.0,4.0,6.0,3.0,1.0,3.0,2.0,2.0,6.0,6.0,20.0,20.0,75.0,75.0,8.658e-11,8.605e-11,8.631e-11,25.0,1
986,4.0,4.0,6.0,3.0,1.0,3.0,2.0,2.0,6.0,6.0,22.0,22.0,67.0,67.0,8.656e-11,8.587e-11,8.621e-11,25.0,1
987,4.0,4.0,6.0,3.0,1.0,3.0,2.0,2.0,6.0,6.0,22.0,22.0,69.0,69.0,8.657e-11,8.59e-11,8.623e-11,25.0,1
988,4.0,4.0,6.0,3.0,1.0,3.0,2.0,2.0,6.0,6.0,22.0,22.0,71.0,71.0,8.658e-11,8.593e-11,8.625e-11,25.0,1
989,4.0,4.0,6.0,3.0,1.0,3.0,2.0,2.0,6.0,6.0,22.0,22.0,73.0,73.0,8.66e-11,8.597e-11,8.629e-11,25.0,1
990,4.0,4.0,6.0,3.0,1.0,3.0,2.0,2.0,6.0,6.0,22.0,22.0,75.0,75.0,8.662e-11,8.601e-11,8.632e-11,25.0,1
991,4.0,4.0,6.0,3.0,2.0,6.0,1.0,1.0,4.0,4.0,18.0,18.0,67.0,67.0,1.36e-10,1.335e-10,1.348e-10,25.0,1
992,4.0,4.0,6.0,3.0,2.0,6.0,1.0,1.0,4.0,4.0,18.0,18.0,69.0,69.0,1.361e-10,1.335e-10,1.348e-10,25.0,1
993,4.0,4.0,6.0,3.0,2.0,6.0,1.0,1.0,4.0,4.0,18.0,18.0,71.0,71.0,1.361e-10,1.336e-10,1.348e-10,25.0,1
994,4.0,4.0,6.0,3.0,2.0,6.0,1.0,1.0,4.0,4.0,18.0,18.0,73.0,73.0,1.361e-10,1.337e-10,1.349e-10,25.0,1
995,4.0,4.0,6.0,3.0,2.0,6.0,1.0,1.0,4.0,4.0,18.0,18.0,75.0,75.0,1.362e-10,1.337e-10,1.35e-10,25.0,1
996,4.0,4.0,6.0,3.0,2.0,6.0,1.0,1.0,4.0,4.0,20.0,20.0,67.0,67.0,1.363e-10,1.336e-10,1.349e-10,25.0,1
997,4.0,4.0,6.0,3.0,2.0,6.0,1.0,1.0,4.0,4.0,20.0,20.0,69.0,69.0,1.363e-10,1.336e-10,1.35e-10,25.0,1
998,4.0,4.0,6.0,3.0,2.0,6.0,1.0,1.0,4.0,4.0,20.0,20.0,71.0,71.0,1.363e-10,1.337e-10,1.35e-10,25.0,1
999,4.0,4.0,6.0,3.0,2.0,6.0,1.0,1.0,4.0,4.0,20.0,20.0,73.0,73.0,1.363e-10,1.337e-10,1.35e-10,25.0,1
1000,4.0,4.0,6.0,3.0,2.0,6.0,1.0,1.0,4.0,4.0,20.0,20.0,75.0,75.0,1.364e-10,1.338e-10,1.351e-10,25.0,1
1001,4.0,4.0,6.0,3.0,2.0,6.0,1.0,1.0,4.0,4.0,22.0,22.0,67.0,67.0,1.365e-10,1.338e-10,1.352e-10,25.0,1
1002,4.0,4.0,6.0,3.0,2.0,6.0,1.0,1.0,4.0,4.0,22.0,22.0,69.0,69.0,1.366e-10,1.338e-10,1.352e-10,25.0,1
1003,4.0,4.0,6.0,3.0,2.0,6.0,1.0,1.0,4.0,4.0,22.0,22.0,71.0,71.0,1.366e-10,1.339e-10,1.352e-10,25.0,1
1004,4.0,4.0,6.0,3.0,2.0,6.0,1.0,1.0,4.0,4.0,22.0,22.0,73.0,73.0,1.366e-10,1.339e-10,1.353e-10,25.0,1
1005,4.0,4.0,6.0,3.0,2.0,6.0,1.0,1.0,4.0,4.0,22.0,22.0,75.0,75.0,1.366e-10,1.34e-10,1.353e-10,25.0,1
1006,4.0,4.0,6.0,3.0,2.0,6.0,1.0,1.0,5.0,5.0,18.0,18.0,67.0,67.0,1.361e-10,1.337e-10,1.349e-10,25.0,1
1007,4.0,4.0,6.0,3.0,2.0,6.0,1.0,1.0,5.0,5.0,18.0,18.0,69.0,69.0,1.361e-10,1.338e-10,1.349e-10,25.0,1
1008,4.0,4.0,6.0,3.0,2.0,6.0,1.0,1.0,5.0,5.0,18.0,18.0,71.0,71.0,1.361e-10,1.338e-10,1.35e-10,25.0,1
1009,4.0,4.0,6.0,3.0,2.0,6.0,1.0,1.0,5.0,5.0,18.0,18.0,73.0,73.0,1.362e-10,1.339e-10,1.35e-10,25.0,1
1010,4.0,4.0,6.0,3.0,2.0,6.0,1.0,1.0,5.0,5.0,18.0,18.0,75.0,75.0,1.362e-10,1.34e-10,1.351e-10,25.0,1
1011,4.0,4.0,6.0,3.0,2.0,6.0,1.0,1.0,5.0,5.0,20.0,20.0,67.0,67.0,1.362e-10,1.337e-10,1.35e-10,25.0,1
1012,4.0,4.0,6.0,3.0,2.0,6.0,1.0,1.0,5.0,5.0,20.0,20.0,69.0,69.0,1.362e-10,1.338e-10,1.35e-10,25.0,1
1013,4.0,4.0,6.0,3.0,2.0,6.0,1.0,1.0,5.0,5.0,20.0,20.0,71.0,71.0,1.362e-10,1.338e-10,1.35e-10,25.0,1
1014,4.0,4.0,6.0,3.0,2.0,6.0,1.0,1.0,5.0,5.0,20.0,20.0,73.0,73.0,1.363e-10,1.339e-10,1.351e-10,25.0,1
1015,4.0,4.0,6.0,3.0,2.0,6.0,1.0,1.0,5.0,5.0,20.0,20.0,75.0,75.0,1.363e-10,1.339e-10,1.351e-10,25.0,1
1016,4.0,4.0,6.0,3.0,2.0,6.0,1.0,1.0,5.0,5.0,22.0,22.0,67.0,67.0,1.364e-10,1.338e-10,1.351e-10,25.0,1
1017,4.0,4.0,6.0,3.0,2.0,6.0,1.0,1.0,5.0,5.0,22.0,22.0,69.0,69.0,1.364e-10,1.339e-10,1.351e-10,25.0,1
1018,4.0,4.0,6.0,3.0,2.0,6.0,1.0,1.0,5.0,5.0,22.0,22.0,71.0,71.0,1.364e-10,1.339e-10,1.351e-10,25.0,1
1019,4.0,4.0,6.0,3.0,2.0,6.0,1.0,1.0,5.0,5.0,22.0,22.0,73.0,73.0,1.364e-10,1.34e-10,1.352e-10,25.0,1
1020,4.0,4.0,6.0,3.0,2.0,6.0,1.0,1.0,5.0,5.0,22.0,22.0,75.0,75.0,1.364e-10,1.34e-10,1.352e-10,25.0,1
1021,4.0,4.0,6.0,3.0,2.0,6.0,1.0,1.0,6.0,6.0,18.0,18.0,67.0,67.0,1.365e-10,1.343e-10,1.354e-10,25.0,1
1022,4.0,4.0,6.0,3.0,2.0,6.0,1.0,1.0,6.0,6.0,18.0,18.0,69.0,69.0,1.365e-10,1.343e-10,1.354e-10,25.0,1
1023,4.0,4.0,6.0,3.0,2.0,6.0,1.0,1.0,6.0,6.0,18.0,18.0,71.0,71.0,1.366e-10,1.344e-10,1.355e-10,25.0,1
1024,4.0,4.0,6.0,3.0,2.0,6.0,1.0,1.0,6.0,6.0,18.0,18.0,73.0,73.0,1.366e-10,1.345e-10,1.355e-10,25.0,1
1025,4.0,4.0,6.0,3.0,2.0,6.0,1.0,1.0,6.0,6.0,18.0,18.0,75.0,75.0,1.366e-10,1.345e-10,1.356e-10,25.0,1
1026,4.0,4.0,6.0,3.0,2.0,6.0,1.0,1.0,6.0,6.0,20.0,20.0,67.0,67.0,1.365e-10,1.342e-10,1.354e-10,25.0,1
1027,4.0,4.0,6.0,3.0,2.0,6.0,1.0,1.0,6.0,6.0,20.0,20.0,69.0,69.0,1.365e-10,1.343e-10,1.354e-10,25.0,1
1028,4.0,4.0,6.0,3.0,2.0,6.0,1.0,1.0,6.0,6.0,20.0,20.0,71.0,71.0,1.365e-10,1.343e-10,1.354e-10,25.0,1
1029,4.0,4.0,6.0,3.0,2.0,6.0,1.0,1.0,6.0,6.0,20.0,20.0,73.0,73.0,1.366e-10,1.344e-10,1.355e-10,25.0,1
1030,4.0,4.0,6.0,3.0,2.0,6.0,1.0,1.0,6.0,6.0,20.0,20.0,75.0,75.0,1.366e-10,1.344e-10,1.355e-10,25.0,1
1031,4.0,4.0,6.0,3.0,2.0,6.0,1.0,1.0,6.0,6.0,22.0,22.0,67.0,67.0,1.366e-10,1.343e-10,1.355e-10,25.0,1
1032,4.0,4.0,6.0,3.0,2.0,6.0,1.0,1.0,6.0,6.0,22.0,22.0,69.0,69.0,1.366e-10,1.343e-10,1.355e-10,25.0,1
1033,4.0,4.0,6.0,3.0,2.0,6.0,1.0,1.0,6.0,6.0,22.0,22.0,71.0,71.0,1.366e-10,1.343e-10,1.355e-10,25.0,1
1034,4.0,4.0,6.0,3.0,2.0,6.0,1.0,1.0,6.0,6.0,22.0,22.0,73.0,73.0,1.367e-10,1.344e-10,1.355e-10,25.0,1
1035,4.0,4.0,6.0,3.0,2.0,6.0,1.0,1.0,6.0,6.0,22.0,22.0,75.0,75.0,1.367e-10,1.344e-10,1.356e-10,25.0,1
1036,4.0,4.0,6.0,3.0,2.0,6.0,2.0,2.0,4.0,4.0,18.0,18.0,67.0,67.0,1.339e-10,1.313e-10,1.326e-10,25.0,1
1037,4.0,4.0,6.0,3.0,2.0,6.0,2.0,2.0,4.0,4.0,18.0,18.0,69.0,69.0,1.339e-10,1.313e-10,1.326e-10,25.0,1
1038,4.0,4.0,6.0,3.0,2.0,6.0,2.0,2.0,4.0,4.0,18.0,18.0,71.0,71.0,1.34e-10,1.314e-10,1.327e-10,25.0,1
1039,4.0,4.0,6.0,3.0,2.0,6.0,2.0,2.0,4.0,4.0,18.0,18.0,73.0,73.0,1.34e-10,1.315e-10,1.327e-10,25.0,1
1040,4.0,4.0,6.0,3.0,2.0,6.0,2.0,2.0,4.0,4.0,18.0,18.0,75.0,75.0,1.341e-10,1.315e-10,1.328e-10,25.0,1
1041,4.0,4.0,6.0,3.0,2.0,6.0,2.0,2.0,4.0,4.0,20.0,20.0,67.0,67.0,1.341e-10,1.314e-10,1.327e-10,25.0,1
1042,4.0,4.0,6.0,3.0,2.0,6.0,2.0,2.0,4.0,4.0,20.0,20.0,69.0,69.0,1.341e-10,1.314e-10,1.328e-10,25.0,1
1043,4.0,4.0,6.0,3.0,2.0,6.0,2.0,2.0,4.0,4.0,20.0,20.0,71.0,71.0,1.342e-10,1.315e-10,1.328e-10,25.0,1
1044,4.0,4.0,6.0,3.0,2.0,6.0,2.0,2.0,4.0,4.0,20.0,20.0,73.0,73.0,1.342e-10,1.315e-10,1.329e-10,25.0,1
1045,4.0,4.0,6.0,3.0,2.0,6.0,2.0,2.0,4.0,4.0,20.0,20.0,75.0,75.0,1.342e-10,1.316e-10,1.329e-10,25.0,1
1046,4.0,4.0,6.0,3.0,2.0,6.0,2.0,2.0,4.0,4.0,22.0,22.0,67.0,67.0,1.344e-10,1.316e-10,1.33e-10,25.0,1
1047,4.0,4.0,6.0,3.0,2.0,6.0,2.0,2.0,4.0,4.0,22.0,22.0,69.0,69.0,1.344e-10,1.316e-10,1.33e-10,25.0,1
1048,4.0,4.0,6.0,3.0,2.0,6.0,2.0,2.0,4.0,4.0,22.0,22.0,71.0,71.0,1.344e-10,1.316e-10,1.33e-10,25.0,1
1049,4.0,4.0,6.0,3.0,2.0,6.0,2.0,2.0,4.0,4.0,22.0,22.0,73.0,73.0,1.344e-10,1.317e-10,1.331e-10,25.0,1
1050,4.0,4.0,6.0,3.0,2.0,6.0,2.0,2.0,4.0,4.0,22.0,22.0,75.0,75.0,1.345e-10,1.317e-10,1.331e-10,25.0,1
1051,4.0,4.0,6.0,3.0,2.0,6.0,2.0,2.0,5.0,5.0,18.0,18.0,67.0,67.0,1.333e-10,1.309e-10,1.321e-10,25.0,1
1052,4.0,4.0,6.0,3.0,2.0,6.0,2.0,2.0,5.0,5.0,18.0,18.0,69.0,69.0,1.334e-10,1.309e-10,1.321e-10,25.0,1
1053,4.0,4.0,6.0,3.0,2.0,6.0,2.0,2.0,5.0,5.0,18.0,18.0,71.0,71.0,1.334e-10,1.31e-10,1.322e-10,25.0,1
1054,4.0,4.0,6.0,3.0,2.0,6.0,2.0,2.0,5.0,5.0,18.0,18.0,73.0,73.0,1.334e-10,1.31e-10,1.322e-10,25.0,1
1055,4.0,4.0,6.0,3.0,2.0,6.0,2.0,2.0,5.0,5.0,18.0,18.0,75.0,75.0,1.335e-10,1.311e-10,1.323e-10,25.0,1
1056,4.0,4.0,6.0,3.0,2.0,6.0,2.0,2.0,5.0,5.0,20.0,20.0,67.0,67.0,1.334e-10,1.309e-10,1.321e-10,25.0,1
1057,4.0,4.0,6.0,3.0,2.0,6.0,2.0,2.0,5.0,5.0,20.0,20.0,69.0,69.0,1.334e-10,1.309e-10,1.322e-10,25.0,1
1058,4.0,4.0,6.0,3.0,2.0,6.0,2.0,2.0,5.0,5.0,20.0,20.0,71.0,71.0,1.335e-10,1.309e-10,1.322e-10,25.0,1
1059,4.0,4.0,6.0,3.0,2.0,6.0,2.0,2.0,5.0,5.0,20.0,20.0,73.0,73.0,1.335e-10,1.31e-10,1.322e-10,25.0,1
1060,4.0,4.0,6.0,3.0,2.0,6.0,2.0,2.0,5.0,5.0,20.0,20.0,75.0,75.0,1.335e-10,1.311e-10,1.323e-10,25.0,1
1061,4.0,4.0,6.0,3.0,2.0,6.0,2.0,2.0,5.0,5.0,22.0,22.0,67.0,67.0,1.336e-10,1.309e-10,1.323e-10,25.0,1
1062,4.0,4.0,6.0,3.0,2.0,6.0,2.0,2.0,5.0,5.0,22.0,22.0,69.0,69.0,1.336e-10,1.31e-10,1.323e-10,25.0,1
1063,4.0,4.0,6.0,3.0,2.0,6.0,2.0,2.0,5.0,5.0,22.0,22.0,71.0,71.0,1.336e-10,1.31e-10,1.323e-10,25.0,1
1064,4.0,4.0,6.0,3.0,2.0,6.0,2.0,2.0,5.0,5.0,22.0,22.0,73.0,73.0,1.336e-10,1.31e-10,1.323e-10,25.0,1
1065,4.0,4.0,6.0,3.0,2.0,6.0,2.0,2.0,5.0,5.0,22.0,22.0,75.0,75.0,1.337e-10,1.311e-10,1.324e-10,25.0,1
1066,4.0,4.0,6.0,3.0,2.0,6.0,2.0,2.0,6.0,6.0,18.0,18.0,67.0,67.0,1.332e-10,1.308e-10,1.32e-10,25.0,1
1067,4.0,4.0,6.0,3.0,2.0,6.0,2.0,2.0,6.0,6.0,18.0,18.0,69.0,69.0,1.332e-10,1.309e-10,1.32e-10,25.0,1
1068,4.0,4.0,6.0,3.0,2.0,6.0,2.0,2.0,6.0,6.0,18.0,18.0,71.0,71.0,1.333e-10,1.309e-10,1.321e-10,25.0,1
1069,4.0,4.0,6.0,3.0,2.0,6.0,2.0,2.0,6.0,6.0,18.0,18.0,73.0,73.0,1.333e-10,1.31e-10,1.321e-10,25.0,1
1070,4.0,4.0,6.0,3.0,2.0,6.0,2.0,2.0,6.0,6.0,18.0,18.0,75.0,75.0,1.333e-10,1.31e-10,1.322e-10,25.0,1
1071,4.0,4.0,6.0,3.0,2.0,6.0,2.0,2.0,6.0,6.0,20.0,20.0,67.0,67.0,1.332e-10,1.307e-10,1.32e-10,25.0,1
1072,4.0,4.0,6.0,3.0,2.0,6.0,2.0,2.0,6.0,6.0,20.0,20.0,69.0,69.0,1.332e-10,1.308e-10,1.32e-10,25.0,1
1073,4.0,4.0,6.0,3.0,2.0,6.0,2.0,2.0,6.0,6.0,20.0,20.0,71.0,71.0,1.332e-10,1.308e-10,1.32e-10,25.0,1
1074,4.0,4.0,6.0,3.0,2.0,6.0,2.0,2.0,6.0,6.0,20.0,20.0,73.0,73.0,1.333e-10,1.309e-10,1.321e-10,25.0,1
1075,4.0,4.0,6.0,3.0,2.0,6.0,2.0,2.0,6.0,6.0,20.0,20.0,75.0,75.0,1.333e-10,1.309e-10,1.321e-10,25.0,1
1076,4.0,4.0,6.0,3.0,2.0,6.0,2.0,2.0,6.0,6.0,22.0,22.0,67.0,67.0,1.333e-10,1.307e-10,1.32e-10,25.0,1
1077,4.0,4.0,6.0,3.0,2.0,6.0,2.0,2.0,6.0,6.0,22.0,22.0,69.0,69.0,1.333e-10,1.308e-10,1.32e-10,25.0,1
1078,4.0,4.0,6.0,3.0,2.0,6.0,2.0,2.0,6.0,6.0,22.0,22.0,71.0,71.0,1.333e-10,1.308e-10,1.32e-10,25.0,1
1079,4.0,4.0,6.0,3.0,2.0,6.0,2.0,2.0,6.0,6.0,22.0,22.0,73.0,73.0,1.333e-10,1.308e-10,1.321e-10,25.0,1
1080,4.0,4.0,6.0,3.0,2.0,6.0,2.0,2.0,6.0,6.0,22.0,22.0,75.0,75.0,1.333e-10,1.309e-10,1.321e-10,25.0,1
1081,5.0,5.0,4.0,2.0,1.0,3.0,1.0,1.0,4.0,4.0,18.0,18.0,67.0,67.0,8.786e-11,8.61e-11,8.698e-11,25.0,1
1082,5.0,5.0,4.0,2.0,1.0,3.0,1.0,1.0,4.0,4.0,18.0,18.0,69.0,69.0,8.789e-11,8.616e-11,8.702e-11,25.0,1
1083,5.0,5.0,4.0,2.0,1.0,3.0,1.0,1.0,4.0,4.0,18.0,18.0,71.0,71.0,8.792e-11,8.621e-11,8.707e-11,25.0,1
1084,5.0,5.0,4.0,2.0,1.0,3.0,1.0,1.0,4.0,4.0,18.0,18.0,73.0,73.0,8.797e-11,8.628e-11,8.713e-11,25.0,1
1085,5.0,5.0,4.0,2.0,1.0,3.0,1.0,1.0,4.0,4.0,18.0,18.0,75.0,75.0,8.801e-11,8.635e-11,8.718e-11,25.0,1
1086,5.0,5.0,4.0,2.0,1.0,3.0,1.0,1.0,4.0,4.0,20.0,20.0,67.0,67.0,8.808e-11,8.623e-11,8.716e-11,25.0,1
1087,5.0,5.0,4.0,2.0,1.0,3.0,1.0,1.0,4.0,4.0,20.0,20.0,69.0,69.0,8.81e-11,8.627e-11,8.719e-11,25.0,1
1088,5.0,5.0,4.0,2.0,1.0,3.0,1.0,1.0,4.0,4.0,20.0,20.0,71.0,71.0,8.813e-11,8.632e-11,8.723e-11,25.0,1
1089,5.0,5.0,4.0,2.0,1.0,3.0,1.0,1.0,4.0,4.0,20.0,20.0,73.0,73.0,8.816e-11,8.637e-11,8.727e-11,25.0,1
1090,5.0,5.0,4.0,2.0,1.0,3.0,1.0,1.0,4.0,4.0,20.0,20.0,75.0,75.0,8.819e-11,8.644e-11,8.732e-11,25.0,1
1091,5.0,5.0,4.0,2.0,1.0,3.0,1.0,1.0,4.0,4.0,22.0,22.0,67.0,67.0,8.837e-11,8.645e-11,8.741e-11,25.0,1
1092,5.0,5.0,4.0,2.0,1.0,3.0,1.0,1.0,4.0,4.0,22.0,22.0,69.0,69.0,8.838e-11,8.647e-11,8.743e-11,25.0,1
1093,5.0,5.0,4.0,2.0,1.0,3.0,1.0,1.0,4.0,4.0,22.0,22.0,71.0,71.0,8.841e-11,8.651e-11,8.746e-11,25.0,1
1094,5.0,5.0,4.0,2.0,1.0,3.0,1.0,1.0,4.0,4.0,22.0,22.0,73.0,73.0,8.843e-11,8.655e-11,8.749e-11,25.0,1
1095,5.0,5.0,4.0,2.0,1.0,3.0,1.0,1.0,4.0,4.0,22.0,22.0,75.0,75.0,8.846e-11,8.66e-11,8.753e-11,25.0,1
1096,5.0,5.0,4.0,2.0,1.0,3.0,1.0,1.0,5.0,5.0,18.0,18.0,67.0,67.0,8.786e-11,8.634e-11,8.71e-11,25.0,1
1097,5.0,5.0,4.0,2.0,1.0,3.0,1.0,1.0,5.0,5.0,18.0,18.0,69.0,69.0,8.789e-11,8.64e-11,8.714e-11,25.0,1
1098,5.0,5.0,4.0,2.0,1.0,3.0,1.0,1.0,5.0,5.0,18.0,18.0,71.0,71.0,8.793e-11,8.646e-11,8.719e-11,25.0,1
1099,5.0,5.0,4.0,2.0,1.0,3.0,1.0,1.0,5.0,5.0,18.0,18.0,73.0,73.0,8.797e-11,8.651e-11,8.724e-11,25.0,1
1100,5.0,5.0,4.0,2.0,1.0,3.0,1.0,1.0,5.0,5.0,18.0,18.0,75.0,75.0,8.8e-11,8.659e-11,8.729e-11,25.0,1
1101,5.0,5.0,4.0,2.0,1.0,3.0,1.0,1.0,5.0,5.0,20.0,20.0,67.0,67.0,8.797e-11,8.637e-11,8.717e-11,25.0,1
1102,5.0,5.0,4.0,2.0,1.0,3.0,1.0,1.0,5.0,5.0,20.0,20.0,69.0,69.0,8.798e-11,8.641e-11,8.72e-11,25.0,1
1103,5.0,5.0,4.0,2.0,1.0,3.0,1.0,1.0,5.0,5.0,20.0,20.0,71.0,71.0,8.801e-11,8.646e-11,8.724e-11,25.0,1
1104,5.0,5.0,4.0,2.0,1.0,3.0,1.0,1.0,5.0,5.0,20.0,20.0,73.0,73.0,8.804e-11,8.651e-11,8.727e-11,25.0,1
1105,5.0,5.0,4.0,2.0,1.0,3.0,1.0,1.0,5.0,5.0,20.0,20.0,75.0,75.0,8.807e-11,8.656e-11,8.731e-11,25.0,1
1106,5.0,5.0,4.0,2.0,1.0,3.0,1.0,1.0,5.0,5.0,22.0,22.0,67.0,67.0,8.815e-11,8.647e-11,8.731e-11,25.0,1
1107,5.0,5.0,4.0,2.0,1.0,3.0,1.0,1.0,5.0,5.0,22.0,22.0,69.0,69.0,8.816e-11,8.651e-11,8.734e-11,25.0,1
1108,5.0,5.0,4.0,2.0,1.0,3.0,1.0,1.0,5.0,5.0,22.0,22.0,71.0,71.0,8.816e-11,8.655e-11,8.736e-11,25.0,1
1109,5.0,5.0,4.0,2.0,1.0,3.0,1.0,1.0,5.0,5.0,22.0,22.0,73.0,73.0,8.818e-11,8.659e-11,8.739e-11,25.0,1
1110,5.0,5.0,4.0,2.0,1.0,3.0,1.0,1.0,5.0,5.0,22.0,22.0,75.0,75.0,8.821e-11,8.663e-11,8.742e-11,25.0,1
1111,5.0,5.0,4.0,2.0,1.0,3.0,1.0,1.0,6.0,6.0,18.0,18.0,67.0,67.0,8.825e-11,8.693e-11,8.759e-11,25.0,1
1112,5.0,5.0,4.0,2.0,1.0,3.0,1.0,1.0,6.0,6.0,18.0,18.0,69.0,69.0,8.827e-11,8.698e-11,8.763e-11,25.0,1
1113,5.0,5.0,4.0,2.0,1.0,3.0,1.0,1.0,6.0,6.0,18.0,18.0,71.0,71.0,8.831e-11,8.704e-11,8.767e-11,25.0,1
1114,5.0,5.0,4.0,2.0,1.0,3.0,1.0,1.0,6.0,6.0,18.0,18.0,73.0,73.0,8.834e-11,8.709e-11,8.772e-11,25.0,1
1115,5.0,5.0,4.0,2.0,1.0,3.0,1.0,1.0,6.0,6.0,18.0,18.0,75.0,75.0,8.839e-11,8.716e-11,8.777e-11,25.0,1
1116,5.0,5.0,4.0,2.0,1.0,3.0,1.0,1.0,6.0,6.0,20.0,20.0,67.0,67.0,8.828e-11,8.689e-11,8.758e-11,25.0,1
1117,5.0,5.0,4.0,2.0,1.0,3.0,1.0,1.0,6.0,6.0,20.0,20.0,69.0,69.0,8.829e-11,8.693e-11,8.761e-11,25.0,1
1118,5.0,5.0,4.0,2.0,1.0,3.0,1.0,1.0,6.0,6.0,20.0,20.0,71.0,71.0,8.831e-11,8.697e-11,8.764e-11,25.0,1
1119,5.0,5.0,4.0,2.0,1.0,3.0,1.0,1.0,6.0,6.0,20.0,20.0,73.0,73.0,8.833e-11,8.702e-11,8.768e-11,25.0,1
1120,5.0,5.0,4.0,2.0,1.0,3.0,1.0,1.0,6.0,6.0,20.0,20.0,75.0,75.0,8.838e-11,8.706e-11,8.772e-11,25.0,1
1121,5.0,5.0,4.0,2.0,1.0,3.0,1.0,1.0,6.0,6.0,22.0,22.0,67.0,67.0,8.838e-11,8.693e-11,8.766e-11,25.0,1
1122,5.0,5.0,4.0,2.0,1.0,3.0,1.0,1.0,6.0,6.0,22.0,22.0,69.0,69.0,8.839e-11,8.696e-11,8.767e-11,25.0,1
1123,5.0,5.0,4.0,2.0,1.0,3.0,1.0,1.0,6.0,6.0,22.0,22.0,71.0,71.0,8.84e-11,8.699e-11,8.77e-11,25.0,1
1124,5.0,5.0,4.0,2.0,1.0,3.0,1.0,1.0,6.0,6.0,22.0,22.0,73.0,73.0,8.842e-11,8.703e-11,8.772e-11,25.0,1
1125,5.0,5.0,4.0,2.0,1.0,3.0,1.0,1.0,6.0,6.0,22.0,22.0,75.0,75.0,8.843e-11,8.707e-11,8.775e-11,25.0,1
1126,5.0,5.0,4.0,2.0,1.0,3.0,2.0,2.0,4.0,4.0,18.0,18.0,67.0,67.0,8.622e-11,8.438e-11,8.53e-11,25.0,1
1127,5.0,5.0,4.0,2.0,1.0,3.0,2.0,2.0,4.0,4.0,18.0,18.0,69.0,69.0,8.625e-11,8.443e-11,8.534e-11,25.0,1
1128,5.0,5.0,4.0,2.0,1.0,3.0,2.0,2.0,4.0,4.0,18.0,18.0,71.0,71.0,8.629e-11,8.449e-11,8.539e-11,25.0,1
1129,5.0,5.0,4.0,2.0,1.0,3.0,2.0,2.0,4.0,4.0,18.0,18.0,73.0,73.0,8.633e-11,8.457e-11,8.545e-11,25.0,1
1130,5.0,5.0,4.0,2.0,1.0,3.0,2.0,2.0,4.0,4.0,18.0,18.0,75.0,75.0,8.637e-11,8.463e-11,8.55e-11,25.0,1
1131,5.0,5.0,4.0,2.0,1.0,3.0,2.0,2.0,4.0,4.0,20.0,20.0,67.0,67.0,8.643e-11,8.448e-11,8.546e-11,25.0,1
1132,5.0,5.0,4.0,2.0,1.0,3.0,2.0,2.0,4.0,4.0,20.0,20.0,69.0,69.0,8.645e-11,8.453e-11,8.549e-11,25.0,1
1133,5.0,5.0,4.0,2.0,1.0,3.0,2.0,2.0,4.0,4.0,20.0,20.0,71.0,71.0,8.649e-11,8.457e-11,8.553e-11,25.0,1
1134,5.0,5.0,4.0,2.0,1.0,3.0,2.0,2.0,4.0,4.0,20.0,20.0,73.0,73.0,8.651e-11,8.463e-11,8.557e-11,25.0,1
1135,5.0,5.0,4.0,2.0,1.0,3.0,2.0,2.0,4.0,4.0,20.0,20.0,75.0,75.0,8.655e-11,8.469e-11,8.562e-11,25.0,1
1136,5.0,5.0,4.0,2.0,1.0,3.0,2.0,2.0,4.0,4.0,22.0,22.0,67.0,67.0,8.672e-11,8.467e-11,8.57e-11,25.0,1
1137,5.0,5.0,4.0,2.0,1.0,3.0,2.0,2.0,4.0,4.0,22.0,22.0,69.0,69.0,8.673e-11,8.47e-11,8.572e-11,25.0,1
1138,5.0,5.0,4.0,2.0,1.0,3.0,2.0,2.0,4.0,4.0,22.0,22.0,71.0,71.0,8.674e-11,8.474e-11,8.574e-11,25.0,1
1139,5.0,5.0,4.0,2.0,1.0,3.0,2.0,2.0,4.0,4.0,22.0,22.0,73.0,73.0,8.677e-11,8.479e-11,8.578e-11,25.0,1
1140,5.0,5.0,4.0,2.0,1.0,3.0,2.0,2.0,4.0,4.0,22.0,22.0,75.0,75.0,8.68e-11,8.483e-11,8.582e-11,25.0,1
1141,5.0,5.0,4.0,2.0,1.0,3.0,2.0,2.0,5.0,5.0,18.0,18.0,67.0,67.0,8.565e-11,8.398e-11,8.482e-11,25.0,1
1142,5.0,5.0,4.0,2.0,1.0,3.0,2.0,2.0,5.0,5.0,18.0,18.0,69.0,69.0,8.568e-11,8.404e-11,8.486e-11,25.0,1
1143,5.0,5.0,4.0,2.0,1.0,3.0,2.0,2.0,5.0,5.0,18.0,18.0,71.0,71.0,8.572e-11,8.41e-11,8.491e-11,25.0,1
1144,5.0,5.0,4.0,2.0,1.0,3.0,2.0,2.0,5.0,5.0,18.0,18.0,73.0,73.0,8.575e-11,8.416e-11,8.496e-11,25.0,1
1145,5.0,5.0,4.0,2.0,1.0,3.0,2.0,2.0,5.0,5.0,18.0,18.0,75.0,75.0,8.581e-11,8.423e-11,8.502e-11,25.0,1
1146,5.0,5.0,4.0,2.0,1.0,3.0,2.0,2.0,5.0,5.0,20.0,20.0,67.0,67.0,8.574e-11,8.398e-11,8.486e-11,25.0,1
1147,5.0,5.0,4.0,2.0,1.0,3.0,2.0,2.0,5.0,5.0,20.0,20.0,69.0,69.0,8.576e-11,8.402e-11,8.489e-11,25.0,1
1148,5.0,5.0,4.0,2.0,1.0,3.0,2.0,2.0,5.0,5.0,20.0,20.0,71.0,71.0,8.577e-11,8.407e-11,8.492e-11,25.0,1
1149,5.0,5.0,4.0,2.0,1.0,3.0,2.0,2.0,5.0,5.0,20.0,20.0,73.0,73.0,8.582e-11,8.412e-11,8.497e-11,25.0,1
1150,5.0,5.0,4.0,2.0,1.0,3.0,2.0,2.0,5.0,5.0,20.0,20.0,75.0,75.0,8.585e-11,8.417e-11,8.501e-11,25.0,1
1151,5.0,5.0,4.0,2.0,1.0,3.0,2.0,2.0,5.0,5.0,22.0,22.0,67.0,67.0,8.59e-11,8.406e-11,8.498e-11,25.0,1
1152,5.0,5.0,4.0,2.0,1.0,3.0,2.0,2.0,5.0,5.0,22.0,22.0,69.0,69.0,8.591e-11,8.409e-11,8.5e-11,25.0,1
1153,5.0,5.0,4.0,2.0,1.0,3.0,2.0,2.0,5.0,5.0,22.0,22.0,71.0,71.0,8.592e-11,8.413e-11,8.502e-11,25.0,1
1154,5.0,5.0,4.0,2.0,1.0,3.0,2.0,2.0,5.0,5.0,22.0,22.0,73.0,73.0,8.594e-11,8.417e-11,8.505e-11,25.0,1
1155,5.0,5.0,4.0,2.0,1.0,3.0,2.0,2.0,5.0,5.0,22.0,22.0,75.0,75.0,8.597e-11,8.421e-11,8.509e-11,25.0,1
1156,5.0,5.0,4.0,2.0,1.0,3.0,2.0,2.0,6.0,6.0,18.0,18.0,67.0,67.0,8.549e-11,8.394e-11,8.472e-11,25.0,1
1157,5.0,5.0,4.0,2.0,1.0,3.0,2.0,2.0,6.0,6.0,18.0,18.0,69.0,69.0,8.552e-11,8.4e-11,8.476e-11,25.0,1
1158,5.0,5.0,4.0,2.0,1.0,3.0,2.0,2.0,6.0,6.0,18.0,18.0,71.0,71.0,8.554e-11,8.405e-11,8.48e-11,25.0,1
1159,5.0,5.0,4.0,2.0,1.0,3.0,2.0,2.0,6.0,6.0,18.0,18.0,73.0,73.0,8.558e-11,8.411e-11,8.485e-11,25.0,1
1160,5.0,5.0,4.0,2.0,1.0,3.0,2.0,2.0,6.0,6.0,18.0,18.0,75.0,75.0,8.563e-11,8.418e-11,8.49e-11,25.0,1
1161,5.0,5.0,4.0,2.0,1.0,3.0,2.0,2.0,6.0,6.0,20.0,20.0,67.0,67.0,8.549e-11,8.387e-11,8.468e-11,25.0,1
1162,5.0,5.0,4.0,2.0,1.0,3.0,2.0,2.0,6.0,6.0,20.0,20.0,69.0,69.0,8.551e-11,8.391e-11,8.471e-11,25.0,1
1163,5.0,5.0,4.0,2.0,1.0,3.0,2.0,2.0,6.0,6.0,20.0,20.0,71.0,71.0,8.553e-11,8.395e-11,8.474e-11,25.0,1
1164,5.0,5.0,4.0,2.0,1.0,3.0,2.0,2.0,6.0,6.0,20.0,20.0,73.0,73.0,8.555e-11,8.4e-11,8.478e-11,25.0,1
1165,5.0,5.0,4.0,2.0,1.0,3.0,2.0,2.0,6.0,6.0,20.0,20.0,75.0,75.0,8.559e-11,8.405e-11,8.482e-11,25.0,1
1166,5.0,5.0,4.0,2.0,1.0,3.0,2.0,2.0,6.0,6.0,22.0,22.0,67.0,67.0,8.557e-11,8.387e-11,8.472e-11,25.0,1
1167,5.0,5.0,4.0,2.0,1.0,3.0,2.0,2.0,6.0,6.0,22.0,22.0,69.0,69.0,8.558e-11,8.39e-11,8.474e-11,25.0,1
1168,5.0,5.0,4.0,2.0,1.0,3.0,2.0,2.0,6.0,6.0,22.0,22.0,71.0,71.0,8.559e-11,8.394e-11,8.476e-11,25.0,1
1169,5.0,5.0,4.0,2.0,1.0,3.0,2.0,2.0,6.0,6.0,22.0,22.0,73.0,73.0,8.561e-11,8.398e-11,8.48e-11,25.0,1
1170,5.0,5.0,4.0,2.0,1.0,3.0,2.0,2.0,6.0,6.0,22.0,22.0,75.0,75.0,8.563e-11,8.402e-11,8.483e-11,25.0,1
1171,5.0,5.0,4.0,2.0,2.0,6.0,1.0,1.0,4.0,4.0,18.0,18.0,67.0,67.0,1.33e-10,1.287e-10,1.309e-10,25.0,1
1172,5.0,5.0,4.0,2.0,2.0,6.0,1.0,1.0,4.0,4.0,18.0,18.0,69.0,69.0,1.33e-10,1.288e-10,1.309e-10,25.0,1
1173,5.0,5.0,4.0,2.0,2.0,6.0,1.0,1.0,4.0,4.0,18.0,18.0,71.0,71.0,1.331e-10,1.288e-10,1.31e-10,25.0,1
1174,5.0,5.0,4.0,2.0,2.0,6.0,1.0,1.0,4.0,4.0,18.0,18.0,73.0,73.0,1.331e-10,1.289e-10,1.31e-10,25.0,1
1175,5.0,5.0,4.0,2.0,2.0,6.0,1.0,1.0,4.0,4.0,18.0,18.0,75.0,75.0,1.331e-10,1.29e-10,1.311e-10,25.0,1
1176,5.0,5.0,4.0,2.0,2.0,6.0,1.0,1.0,4.0,4.0,20.0,20.0,67.0,67.0,1.332e-10,1.289e-10,1.31e-10,25.0,1
1177,5.0,5.0,4.0,2.0,2.0,6.0,1.0,1.0,4.0,4.0,20.0,20.0,69.0,69.0,1.332e-10,1.289e-10,1.311e-10,25.0,1
1178,5.0,5.0,4.0,2.0,2.0,6.0,1.0,1.0,4.0,4.0,20.0,20.0,71.0,71.0,1.333e-10,1.29e-10,1.311e-10,25.0,1
1179,5.0,5.0,4.0,2.0,2.0,6.0,1.0,1.0,4.0,4.0,20.0,20.0,73.0,73.0,1.333e-10,1.29e-10,1.311e-10,25.0,1
1180,5.0,5.0,4.0,2.0,2.0,6.0,1.0,1.0,4.0,4.0,20.0,20.0,75.0,75.0,1.333e-10,1.291e-10,1.312e-10,25.0,1
1181,5.0,5.0,4.0,2.0,2.0,6.0,1.0,1.0,4.0,4.0,22.0,22.0,67.0,67.0,1.335e-10,1.291e-10,1.313e-10,25.0,1
1182,5.0,5.0,4.0,2.0,2.0,6.0,1.0,1.0,4.0,4.0,22.0,22.0,69.0,69.0,1.335e-10,1.291e-10,1.313e-10,25.0,1
1183,5.0,5.0,4.0,2.0,2.0,6.0,1.0,1.0,4.0,4.0,22.0,22.0,71.0,71.0,1.335e-10,1.291e-10,1.313e-10,25.0,1
1184,5.0,5.0,4.0,2.0,2.0,6.0,1.0,1.0,4.0,4.0,22.0,22.0,73.0,73.0,1.336e-10,1.292e-10,1.314e-10,25.0,1
1185,5.0,5.0,4.0,2.0,2.0,6.0,1.0,1.0,4.0,4.0,22.0,22.0,75.0,75.0,1.336e-10,1.292e-10,1.314e-10,25.0,1
1186,5.0,5.0,4.0,2.0,2.0,6.0,1.0,1.0,5.0,5.0,18.0,18.0,67.0,67.0,1.33e-10,1.29e-10,1.31e-10,25.0,1
1187,5.0,5.0,4.0,2.0,2.0,6.0,1.0,1.0,5.0,5.0,18.0,18.0,69.0,69.0,1.331e-10,1.29e-10,1.31e-10,25.0,1
1188,5.0,5.0,4.0,2.0,2.0,6.0,1.0,1.0,5.0,5.0,18.0,18.0,71.0,71.0,1.331e-10,1.291e-10,1.311e-10,25.0,1
1189,5.0,5.0,4.0,2.0,2.0,6.0,1.0,1.0,5.0,5.0,18.0,18.0,73.0,73.0,1.331e-10,1.291e-10,1.311e-10,25.0,1
1190,5.0,5.0,4.0,2.0,2.0,6.0,1.0,1.0,5.0,5.0,18.0,18.0,75.0,75.0,1.332e-10,1.292e-10,1.312e-10,25.0,1
1191,5.0,5.0,4.0,2.0,2.0,6.0,1.0,1.0,5.0,5.0,20.0,20.0,67.0,67.0,1.331e-10,1.29e-10,1.311e-10,25.0,1
1192,5.0,5.0,4.0,2.0,2.0,6.0,1.0,1.0,5.0,5.0,20.0,20.0,69.0,69.0,1.331e-10,1.29e-10,1.311e-10,25.0,1
1193,5.0,5.0,4.0,2.0,2.0,6.0,1.0,1.0,5.0,5.0,20.0,20.0,71.0,71.0,1.332e-10,1.291e-10,1.311e-10,25.0,1
1194,5.0,5.0,4.0,2.0,2.0,6.0,1.0,1.0,5.0,5.0,20.0,20.0,73.0,73.0,1.332e-10,1.291e-10,1.312e-10,25.0,1
1195,5.0,5.0,4.0,2.0,2.0,6.0,1.0,1.0,5.0,5.0,20.0,20.0,75.0,75.0,1.332e-10,1.292e-10,1.312e-10,25.0,1
1196,5.0,5.0,4.0,2.0,2.0,6.0,1.0,1.0,5.0,5.0,22.0,22.0,67.0,67.0,1.333e-10,1.291e-10,1.312e-10,25.0,1
1197,5.0,5.0,4.0,2.0,2.0,6.0,1.0,1.0,5.0,5.0,22.0,22.0,69.0,69.0,1.333e-10,1.291e-10,1.312e-10,25.0,1
1198,5.0,5.0,4.0,2.0,2.0,6.0,1.0,1.0,5.0,5.0,22.0,22.0,71.0,71.0,1.333e-10,1.292e-10,1.313e-10,25.0,1
1199,5.0,5.0,4.0,2.0,2.0,6.0,1.0,1.0,5.0,5.0,22.0,22.0,73.0,73.0,1.333e-10,1.292e-10,1.313e-10,25.0,1
1200,5.0,5.0,4.0,2.0,2.0,6.0,1.0,1.0,5.0,5.0,22.0,22.0,75.0,75.0,1.334e-10,1.293e-10,1.313e-10,25.0,1
1201,5.0,5.0,4.0,2.0,2.0,6.0,1.0,1.0,6.0,6.0,18.0,18.0,67.0,67.0,1.334e-10,1.295e-10,1.315e-10,25.0,1
1202,5.0,5.0,4.0,2.0,2.0,6.0,1.0,1.0,6.0,6.0,18.0,18.0,69.0,69.0,1.334e-10,1.296e-10,1.315e-10,25.0,1
1203,5.0,5.0,4.0,2.0,2.0,6.0,1.0,1.0,6.0,6.0,18.0,18.0,71.0,71.0,1.335e-10,1.297e-10,1.316e-10,25.0,1
1204,5.0,5.0,4.0,2.0,2.0,6.0,1.0,1.0,6.0,6.0,18.0,18.0,73.0,73.0,1.335e-10,1.297e-10,1.316e-10,25.0,1
1205,5.0,5.0,4.0,2.0,2.0,6.0,1.0,1.0,6.0,6.0,18.0,18.0,75.0,75.0,1.336e-10,1.298e-10,1.317e-10,25.0,1
1206,5.0,5.0,4.0,2.0,2.0,6.0,1.0,1.0,6.0,6.0,20.0,20.0,67.0,67.0,1.335e-10,1.295e-10,1.315e-10,25.0,1
1207,5.0,5.0,4.0,2.0,2.0,6.0,1.0,1.0,6.0,6.0,20.0,20.0,69.0,69.0,1.335e-10,1.295e-10,1.315e-10,25.0,1
1208,5.0,5.0,4.0,2.0,2.0,6.0,1.0,1.0,6.0,6.0,20.0,20.0,71.0,71.0,1.335e-10,1.296e-10,1.315e-10,25.0,1
1209,5.0,5.0,4.0,2.0,2.0,6.0,1.0,1.0,6.0,6.0,20.0,20.0,73.0,73.0,1.335e-10,1.296e-10,1.316e-10,25.0,1
1210,5.0,5.0,4.0,2.0,2.0,6.0,1.0,1.0,6.0,6.0,20.0,20.0,75.0,75.0,1.335e-10,1.297e-10,1.316e-10,25.0,1
1211,5.0,5.0,4.0,2.0,2.0,6.0,1.0,1.0,6.0,6.0,22.0,22.0,67.0,67.0,1.336e-10,1.295e-10,1.316e-10,25.0,1
1212,5.0,5.0,4.0,2.0,2.0,6.0,1.0,1.0,6.0,6.0,22.0,22.0,69.0,69.0,1.336e-10,1.296e-10,1.316e-10,25.0,1
1213,5.0,5.0,4.0,2.0,2.0,6.0,1.0,1.0,6.0,6.0,22.0,22.0,71.0,71.0,1.336e-10,1.296e-10,1.316e-10,25.0,1
1214,5.0,5.0,4.0,2.0,2.0,6.0,1.0,1.0,6.0,6.0,22.0,22.0,73.0,73.0,1.336e-10,1.296e-10,1.316e-10,25.0,1
1215,5.0,5.0,4.0,2.0,2.0,6.0,1.0,1.0,6.0,6.0,22.0,22.0,75.0,75.0,1.336e-10,1.297e-10,1.317e-10,25.0,1
1216,5.0,5.0,4.0,2.0,2.0,6.0,2.0,2.0,4.0,4.0,18.0,18.0,67.0,67.0,1.308e-10,1.265e-10,1.287e-10,25.0,1
1217,5.0,5.0,4.0,2.0,2.0,6.0,2.0,2.0,4.0,4.0,18.0,18.0,69.0,69.0,1.309e-10,1.265e-10,1.287e-10,25.0,1
1218,5.0,5.0,4.0,2.0,2.0,6.0,2.0,2.0,4.0,4.0,18.0,18.0,71.0,71.0,1.309e-10,1.266e-10,1.288e-10,25.0,1
1219,5.0,5.0,4.0,2.0,2.0,6.0,2.0,2.0,4.0,4.0,18.0,18.0,73.0,73.0,1.31e-10,1.267e-10,1.288e-10,25.0,1
1220,5.0,5.0,4.0,2.0,2.0,6.0,2.0,2.0,4.0,4.0,18.0,18.0,75.0,75.0,1.31e-10,1.267e-10,1.289e-10,25.0,1
1221,5.0,5.0,4.0,2.0,2.0,6.0,2.0,2.0,4.0,4.0,20.0,20.0,67.0,67.0,1.311e-10,1.266e-10,1.288e-10,25.0,1
1222,5.0,5.0,4.0,2.0,2.0,6.0,2.0,2.0,4.0,4.0,20.0,20.0,69.0,69.0,1.311e-10,1.266e-10,1.289e-10,25.0,1
1223,5.0,5.0,4.0,2.0,2.0,6.0,2.0,2.0,4.0,4.0,20.0,20.0,71.0,71.0,1.311e-10,1.267e-10,1.289e-10,25.0,1
1224,5.0,5.0,4.0,2.0,2.0,6.0,2.0,2.0,4.0,4.0,20.0,20.0,73.0,73.0,1.311e-10,1.267e-10,1.289e-10,25.0,1
1225,5.0,5.0,4.0,2.0,2.0,6.0,2.0,2.0,4.0,4.0,20.0,20.0,75.0,75.0,1.312e-10,1.268e-10,1.29e-10,25.0,1
1226,5.0,5.0,4.0,2.0,2.0,6.0,2.0,2.0,4.0,4.0,22.0,22.0,67.0,67.0,1.313e-10,1.268e-10,1.291e-10,25.0,1
1227,5.0,5.0,4.0,2.0,2.0,6.0,2.0,2.0,4.0,4.0,22.0,22.0,69.0,69.0,1.314e-10,1.268e-10,1.291e-10,25.0,1
1228,5.0,5.0,4.0,2.0,2.0,6.0,2.0,2.0,4.0,4.0,22.0,22.0,71.0,71.0,1.314e-10,1.268e-10,1.291e-10,25.0,1
1229,5.0,5.0,4.0,2.0,2.0,6.0,2.0,2.0,4.0,4.0,22.0,22.0,73.0,73.0,1.314e-10,1.269e-10,1.291e-10,25.0,1
1230,5.0,5.0,4.0,2.0,2.0,6.0,2.0,2.0,4.0,4.0,22.0,22.0,75.0,75.0,1.314e-10,1.269e-10,1.292e-10,25.0,1
1231,5.0,5.0,4.0,2.0,2.0,6.0,2.0,2.0,5.0,5.0,18.0,18.0,67.0,67.0,1.303e-10,1.261e-10,1.282e-10,25.0,1
1232,5.0,5.0,4.0,2.0,2.0,6.0,2.0,2.0,5.0,5.0,18.0,18.0,69.0,69.0,1.303e-10,1.261e-10,1.282e-10,25.0,1
1233,5.0,5.0,4.0,2.0,2.0,6.0,2.0,2.0,5.0,5.0,18.0,18.0,71.0,71.0,1.304e-10,1.262e-10,1.283e-10,25.0,1
1234,5.0,5.0,4.0,2.0,2.0,6.0,2.0,2.0,5.0,5.0,18.0,18.0,73.0,73.0,1.304e-10,1.263e-10,1.283e-10,25.0,1
1235,5.0,5.0,4.0,2.0,2.0,6.0,2.0,2.0,5.0,5.0,18.0,18.0,75.0,75.0,1.304e-10,1.263e-10,1.284e-10,25.0,1
1236,5.0,5.0,4.0,2.0,2.0,6.0,2.0,2.0,5.0,5.0,20.0,20.0,67.0,67.0,1.304e-10,1.261e-10,1.282e-10,25.0,1
1237,5.0,5.0,4.0,2.0,2.0,6.0,2.0,2.0,5.0,5.0,20.0,20.0,69.0,69.0,1.304e-10,1.261e-10,1.283e-10,25.0,1
1238,5.0,5.0,4.0,2.0,2.0,6.0,2.0,2.0,5.0,5.0,20.0,20.0,71.0,71.0,1.304e-10,1.262e-10,1.283e-10,25.0,1
1239,5.0,5.0,4.0,2.0,2.0,6.0,2.0,2.0,5.0,5.0,20.0,20.0,73.0,73.0,1.304e-10,1.262e-10,1.283e-10,25.0,1
1240,5.0,5.0,4.0,2.0,2.0,6.0,2.0,2.0,5.0,5.0,20.0,20.0,75.0,75.0,1.305e-10,1.263e-10,1.284e-10,25.0,1
1241,5.0,5.0,4.0,2.0,2.0,6.0,2.0,2.0,5.0,5.0,22.0,22.0,67.0,67.0,1.305e-10,1.261e-10,1.283e-10,25.0,1
1242,5.0,5.0,4.0,2.0,2.0,6.0,2.0,2.0,5.0,5.0,22.0,22.0,69.0,69.0,1.305e-10,1.262e-10,1.284e-10,25.0,1
1243,5.0,5.0,4.0,2.0,2.0,6.0,2.0,2.0,5.0,5.0,22.0,22.0,71.0,71.0,1.306e-10,1.262e-10,1.284e-10,25.0,1
1244,5.0,5.0,4.0,2.0,2.0,6.0,2.0,2.0,5.0,5.0,22.0,22.0,73.0,73.0,1.306e-10,1.263e-10,1.284e-10,25.0,1
1245,5.0,5.0,4.0,2.0,2.0,6.0,2.0,2.0,5.0,5.0,22.0,22.0,75.0,75.0,1.306e-10,1.263e-10,1.285e-10,25.0,1
1246,5.0,5.0,4.0,2.0,2.0,6.0,2.0,2.0,6.0,6.0,18.0,18.0,67.0,67.0,1.301e-10,1.26e-10,1.281e-10,25.0,1
1247,5.0,5.0,4.0,2.0,2.0,6.0,2.0,2.0,6.0,6.0,18.0,18.0,69.0,69.0,1.302e-10,1.261e-10,1.281e-10,25.0,1
1248,5.0,5.0,4.0,2.0,2.0,6.0,2.0,2.0,6.0,6.0,18.0,18.0,71.0,71.0,1.302e-10,1.261e-10,1.282e-10,25.0,1
1249,5.0,5.0,4.0,2.0,2.0,6.0,2.0,2.0,6.0,6.0,18.0,18.0,73.0,73.0,1.302e-10,1.262e-10,1.282e-10,25.0,1
1250,5.0,5.0,4.0,2.0,2.0,6.0,2.0,2.0,6.0,6.0,18.0,18.0,75.0,75.0,1.303e-10,1.263e-10,1.283e-10,25.0,1
1251,5.0,5.0,4.0,2.0,2.0,6.0,2.0,2.0,6.0,6.0,20.0,20.0,67.0,67.0,1.301e-10,1.259e-10,1.28e-10,25.0,1
1252,5.0,5.0,4.0,2.0,2.0,6.0,2.0,2.0,6.0,6.0,20.0,20.0,69.0,69.0,1.302e-10,1.26e-10,1.281e-10,25.0,1
1253,5.0,5.0,4.0,2.0,2.0,6.0,2.0,2.0,6.0,6.0,20.0,20.0,71.0,71.0,1.302e-10,1.26e-10,1.281e-10,25.0,1
1254,5.0,5.0,4.0,2.0,2.0,6.0,2.0,2.0,6.0,6.0,20.0,20.0,73.0,73.0,1.302e-10,1.261e-10,1.281e-10,25.0,1
1255,5.0,5.0,4.0,2.0,2.0,6.0,2.0,2.0,6.0,6.0,20.0,20.0,75.0,75.0,1.302e-10,1.261e-10,1.282e-10,25.0,1
1256,5.0,5.0,4.0,2.0,2.0,6.0,2.0,2.0,6.0,6.0,22.0,22.0,67.0,67.0,1.302e-10,1.26e-10,1.281e-10,25.0,1
1257,5.0,5.0,4.0,2.0,2.0,6.0,2.0,2.0,6.0,6.0,22.0,22.0,69.0,69.0,1.302e-10,1.26e-10,1.281e-10,25.0,1
1258,5.0,5.0,4.0,2.0,2.0,6.0,2.0,2.0,6.0,6.0,22.0,22.0,71.0,71.0,1.302e-10,1.26e-10,1.281e-10,25.0,1
1259,5.0,5.0,4.0,2.0,2.0,6.0,2.0,2.0,6.0,6.0,22.0,22.0,73.0,73.0,1.303e-10,1.26e-10,1.282e-10,25.0,1
1260,5.0,5.0,4.0,2.0,2.0,6.0,2.0,2.0,6.0,6.0,22.0,22.0,75.0,75.0,1.303e-10,1.261e-10,1.282e-10,25.0,1
1261,5.0,5.0,5.0,3.0,1.0,3.0,1.0,1.0,4.0,4.0,18.0,18.0,67.0,67.0,8.787e-11,8.612e-11,8.699e-11,25.0,1
1262,5.0,5.0,5.0,3.0,1.0,3.0,1.0,1.0,4.0,4.0,18.0,18.0,69.0,69.0,8.79e-11,8.617e-11,8.703e-11,25.0,1
1263,5.0,5.0,5.0,3.0,1.0,3.0,1.0,1.0,4.0,4.0,18.0,18.0,71.0,71.0,8.794e-11,8.623e-11,8.708e-11,25.0,1
1264,5.0,5.0,5.0,3.0,1.0,3.0,1.0,1.0,4.0,4.0,18.0,18.0,73.0,73.0,8.798e-11,8.629e-11,8.714e-11,25.0,1
1265,5.0,5.0,5.0,3.0,1.0,3.0,1.0,1.0,4.0,4.0,18.0,18.0,75.0,75.0,8.803e-11,8.636e-11,8.72e-11,25.0,1
1266,5.0,5.0,5.0,3.0,1.0,3.0,1.0,1.0,4.0,4.0,20.0,20.0,67.0,67.0,8.809e-11,8.624e-11,8.717e-11,25.0,1
1267,5.0,5.0,5.0,3.0,1.0,3.0,1.0,1.0,4.0,4.0,20.0,20.0,69.0,69.0,8.811e-11,8.629e-11,8.72e-11,25.0,1
1268,5.0,5.0,5.0,3.0,1.0,3.0,1.0,1.0,4.0,4.0,20.0,20.0,71.0,71.0,8.814e-11,8.634e-11,8.724e-11,25.0,1
1269,5.0,5.0,5.0,3.0,1.0,3.0,1.0,1.0,4.0,4.0,20.0,20.0,73.0,73.0,8.817e-11,8.639e-11,8.728e-11,25.0,1
1270,5.0,5.0,5.0,3.0,1.0,3.0,1.0,1.0,4.0,4.0,20.0,20.0,75.0,75.0,8.821e-11,8.644e-11,8.732e-11,25.0,1
1271,5.0,5.0,5.0,3.0,1.0,3.0,1.0,1.0,4.0,4.0,22.0,22.0,67.0,67.0,8.839e-11,8.646e-11,8.742e-11,25.0,1
1272,5.0,5.0,5.0,3.0,1.0,3.0,1.0,1.0,4.0,4.0,22.0,22.0,69.0,69.0,8.839e-11,8.648e-11,8.744e-11,25.0,1
1273,5.0,5.0,5.0,3.0,1.0,3.0,1.0,1.0,4.0,4.0,22.0,22.0,71.0,71.0,8.842e-11,8.653e-11,8.747e-11,25.0,1
1274,5.0,5.0,5.0,3.0,1.0,3.0,1.0,1.0,4.0,4.0,22.0,22.0,73.0,73.0,8.844e-11,8.657e-11,8.75e-11,25.0,1
1275,5.0,5.0,5.0,3.0,1.0,3.0,1.0,1.0,4.0,4.0,22.0,22.0,75.0,75.0,8.847e-11,8.661e-11,8.754e-11,25.0,1
1276,5.0,5.0,5.0,3.0,1.0,3.0,1.0,1.0,5.0,5.0,18.0,18.0,67.0,67.0,8.788e-11,8.636e-11,8.712e-11,25.0,1
1277,5.0,5.0,5.0,3.0,1.0,3.0,1.0,1.0,5.0,5.0,18.0,18.0,69.0,69.0,8.79e-11,8.641e-11,8.716e-11,25.0,1
1278,5.0,5.0,5.0,3.0,1.0,3.0,1.0,1.0,5.0,5.0,18.0,18.0,71.0,71.0,8.794e-11,8.647e-11,8.72e-11,25.0,1
1279,5.0,5.0,5.0,3.0,1.0,3.0,1.0,1.0,5.0,5.0,18.0,18.0,73.0,73.0,8.798e-11,8.653e-11,8.725e-11,25.0,1
1280,5.0,5.0,5.0,3.0,1.0,3.0,1.0,1.0,5.0,5.0,18.0,18.0,75.0,75.0,8.802e-11,8.659e-11,8.731e-11,25.0,1
1281,5.0,5.0,5.0,3.0,1.0,3.0,1.0,1.0,5.0,5.0,20.0,20.0,67.0,67.0,8.798e-11,8.639e-11,8.718e-11,25.0,1
1282,5.0,5.0,5.0,3.0,1.0,3.0,1.0,1.0,5.0,5.0,20.0,20.0,69.0,69.0,8.8e-11,8.643e-11,8.721e-11,25.0,1
1283,5.0,5.0,5.0,3.0,1.0,3.0,1.0,1.0,5.0,5.0,20.0,20.0,71.0,71.0,8.802e-11,8.648e-11,8.725e-11,25.0,1
1284,5.0,5.0,5.0,3.0,1.0,3.0,1.0,1.0,5.0,5.0,20.0,20.0,73.0,73.0,8.805e-11,8.652e-11,8.728e-11,25.0,1
1285,5.0,5.0,5.0,3.0,1.0,3.0,1.0,1.0,5.0,5.0,20.0,20.0,75.0,75.0,8.808e-11,8.657e-11,8.733e-11,25.0,1
1286,5.0,5.0,5.0,3.0,1.0,3.0,1.0,1.0,5.0,5.0,22.0,22.0,67.0,67.0,8.816e-11,8.649e-11,8.733e-11,25.0,1
1287,5.0,5.0,5.0,3.0,1.0,3.0,1.0,1.0,5.0,5.0,22.0,22.0,69.0,69.0,8.816e-11,8.652e-11,8.734e-11,25.0,1
1288,5.0,5.0,5.0,3.0,1.0,3.0,1.0,1.0,5.0,5.0,22.0,22.0,71.0,71.0,8.818e-11,8.656e-11,8.737e-11,25.0,1
1289,5.0,5.0,5.0,3.0,1.0,3.0,1.0,1.0,5.0,5.0,22.0,22.0,73.0,73.0,8.821e-11,8.66e-11,8.74e-11,25.0,1
1290,5.0,5.0,5.0,3.0,1.0,3.0,1.0,1.0,5.0,5.0,22.0,22.0,75.0,75.0,8.823e-11,8.664e-11,8.743e-11,25.0,1
1291,5.0,5.0,5.0,3.0,1.0,3.0,1.0,1.0,6.0,6.0,18.0,18.0,67.0,67.0,8.826e-11,8.693e-11,8.76e-11,25.0,1
1292,5.0,5.0,5.0,3.0,1.0,3.0,1.0,1.0,6.0,6.0,18.0,18.0,69.0,69.0,8.828e-11,8.699e-11,8.764e-11,25.0,1
1293,5.0,5.0,5.0,3.0,1.0,3.0,1.0,1.0,6.0,6.0,18.0,18.0,71.0,71.0,8.832e-11,8.705e-11,8.768e-11,25.0,1
1294,5.0,5.0,5.0,3.0,1.0,3.0,1.0,1.0,6.0,6.0,18.0,18.0,73.0,73.0,8.836e-11,8.71e-11,8.773e-11,25.0,1
1295,5.0,5.0,5.0,3.0,1.0,3.0,1.0,1.0,6.0,6.0,18.0,18.0,75.0,75.0,8.839e-11,8.717e-11,8.778e-11,25.0,1
1296,5.0,5.0,5.0,3.0,1.0,3.0,1.0,1.0,6.0,6.0,20.0,20.0,67.0,67.0,8.83e-11,8.69e-11,8.76e-11,25.0,1
1297,5.0,5.0,5.0,3.0,1.0,3.0,1.0,1.0,6.0,6.0,20.0,20.0,69.0,69.0,8.83e-11,8.694e-11,8.762e-11,25.0,1
1298,5.0,5.0,5.0,3.0,1.0,3.0,1.0,1.0,6.0,6.0,20.0,20.0,71.0,71.0,8.833e-11,8.698e-11,8.765e-11,25.0,1
1299,5.0,5.0,5.0,3.0,1.0,3.0,1.0,1.0,6.0,6.0,20.0,20.0,73.0,73.0,8.835e-11,8.703e-11,8.769e-11,25.0,1
1300,5.0,5.0,5.0,3.0,1.0,3.0,1.0,1.0,6.0,6.0,20.0,20.0,75.0,75.0,8.839e-11,8.708e-11,8.773e-11,25.0,1
1301,5.0,5.0,5.0,3.0,1.0,3.0,1.0,1.0,6.0,6.0,22.0,22.0,67.0,67.0,8.84e-11,8.694e-11,8.767e-11,25.0,1
1302,5.0,5.0,5.0,3.0,1.0,3.0,1.0,1.0,6.0,6.0,22.0,22.0,69.0,69.0,8.84e-11,8.697e-11,8.768e-11,25.0,1
1303,5.0,5.0,5.0,3.0,1.0,3.0,1.0,1.0,6.0,6.0,22.0,22.0,71.0,71.0,8.841e-11,8.7e-11,8.771e-11,25.0,1
1304,5.0,5.0,5.0,3.0,1.0,3.0,1.0,1.0,6.0,6.0,22.0,22.0,73.0,73.0,8.843e-11,8.704e-11,8.773e-11,25.0,1
1305,5.0,5.0,5.0,3.0,1.0,3.0,1.0,1.0,6.0,6.0,22.0,22.0,75.0,75.0,8.845e-11,8.708e-11,8.776e-11,25.0,1
1306,5.0,5.0,5.0,3.0,1.0,3.0,2.0,2.0,4.0,4.0,18.0,18.0,67.0,67.0,8.623e-11,8.439e-11,8.531e-11,25.0,1
1307,5.0,5.0,5.0,3.0,1.0,3.0,2.0,2.0,4.0,4.0,18.0,18.0,69.0,69.0,8.627e-11,8.445e-11,8.536e-11,25.0,1
1308,5.0,5.0,5.0,3.0,1.0,3.0,2.0,2.0,4.0,4.0,18.0,18.0,71.0,71.0,8.63e-11,8.451e-11,8.54e-11,25.0,1
1309,5.0,5.0,5.0,3.0,1.0,3.0,2.0,2.0,4.0,4.0,18.0,18.0,73.0,73.0,8.634e-11,8.457e-11,8.546e-11,25.0,1
1310,5.0,5.0,5.0,3.0,1.0,3.0,2.0,2.0,4.0,4.0,18.0,18.0,75.0,75.0,8.639e-11,8.464e-11,8.552e-11,25.0,1
1311,5.0,5.0,5.0,3.0,1.0,3.0,2.0,2.0,4.0,4.0,20.0,20.0,67.0,67.0,8.644e-11,8.449e-11,8.547e-11,25.0,1
1312,5.0,5.0,5.0,3.0,1.0,3.0,2.0,2.0,4.0,4.0,20.0,20.0,69.0,69.0,8.646e-11,8.454e-11,8.55e-11,25.0,1
1313,5.0,5.0,5.0,3.0,1.0,3.0,2.0,2.0,4.0,4.0,20.0,20.0,71.0,71.0,8.649e-11,8.459e-11,8.554e-11,25.0,1
1314,5.0,5.0,5.0,3.0,1.0,3.0,2.0,2.0,4.0,4.0,20.0,20.0,73.0,73.0,8.652e-11,8.465e-11,8.558e-11,25.0,1
1315,5.0,5.0,5.0,3.0,1.0,3.0,2.0,2.0,4.0,4.0,20.0,20.0,75.0,75.0,8.656e-11,8.47e-11,8.563e-11,25.0,1
1316,5.0,5.0,5.0,3.0,1.0,3.0,2.0,2.0,4.0,4.0,22.0,22.0,67.0,67.0,8.673e-11,8.468e-11,8.57e-11,25.0,1
1317,5.0,5.0,5.0,3.0,1.0,3.0,2.0,2.0,4.0,4.0,22.0,22.0,69.0,69.0,8.674e-11,8.471e-11,8.573e-11,25.0,1
1318,5.0,5.0,5.0,3.0,1.0,3.0,2.0,2.0,4.0,4.0,22.0,22.0,71.0,71.0,8.675e-11,8.475e-11,8.575e-11,25.0,1
1319,5.0,5.0,5.0,3.0,1.0,3.0,2.0,2.0,4.0,4.0,22.0,22.0,73.0,73.0,8.678e-11,8.48e-11,8.579e-11,25.0,1
1320,5.0,5.0,5.0,3.0,1.0,3.0,2.0,2.0,4.0,4.0,22.0,22.0,75.0,75.0,8.681e-11,8.485e-11,8.583e-11,25.0,1
1321,5.0,5.0,5.0,3.0,1.0,3.0,2.0,2.0,5.0,5.0,18.0,18.0,67.0,67.0,8.567e-11,8.4e-11,8.483e-11,25.0,1
1322,5.0,5.0,5.0,3.0,1.0,3.0,2.0,2.0,5.0,5.0,18.0,18.0,69.0,69.0,8.57e-11,8.405e-11,8.488e-11,25.0,1
1323,5.0,5.0,5.0,3.0,1.0,3.0,2.0,2.0,5.0,5.0,18.0,18.0,71.0,71.0,8.573e-11,8.411e-11,8.492e-11,25.0,1
1324,5.0,5.0,5.0,3.0,1.0,3.0,2.0,2.0,5.0,5.0,18.0,18.0,73.0,73.0,8.576e-11,8.417e-11,8.497e-11,25.0,1
1325,5.0,5.0,5.0,3.0,1.0,3.0,2.0,2.0,5.0,5.0,18.0,18.0,75.0,75.0,8.581e-11,8.424e-11,8.503e-11,25.0,1
1326,5.0,5.0,5.0,3.0,1.0,3.0,2.0,2.0,5.0,5.0,20.0,20.0,67.0,67.0,8.576e-11,8.399e-11,8.488e-11,25.0,1
1327,5.0,5.0,5.0,3.0,1.0,3.0,2.0,2.0,5.0,5.0,20.0,20.0,69.0,69.0,8.577e-11,8.404e-11,8.49e-11,25.0,1
1328,5.0,5.0,5.0,3.0,1.0,3.0,2.0,2.0,5.0,5.0,20.0,20.0,71.0,71.0,8.579e-11,8.408e-11,8.494e-11,25.0,1
1329,5.0,5.0,5.0,3.0,1.0,3.0,2.0,2.0,5.0,5.0,20.0,20.0,73.0,73.0,8.582e-11,8.413e-11,8.498e-11,25.0,1
1330,5.0,5.0,5.0,3.0,1.0,3.0,2.0,2.0,5.0,5.0,20.0,20.0,75.0,75.0,8.586e-11,8.419e-11,8.502e-11,25.0,1
1331,5.0,5.0,5.0,3.0,1.0,3.0,2.0,2.0,5.0,5.0,22.0,22.0,67.0,67.0,8.592e-11,8.407e-11,8.499e-11,25.0,1
1332,5.0,5.0,5.0,3.0,1.0,3.0,2.0,2.0,5.0,5.0,22.0,22.0,69.0,69.0,8.593e-11,8.41e-11,8.502e-11,25.0,1
1333,5.0,5.0,5.0,3.0,1.0,3.0,2.0,2.0,5.0,5.0,22.0,22.0,71.0,71.0,8.593e-11,8.414e-11,8.504e-11,25.0,1
1334,5.0,5.0,5.0,3.0,1.0,3.0,2.0,2.0,5.0,5.0,22.0,22.0,73.0,73.0,8.596e-11,8.418e-11,8.507e-11,25.0,1
1335,5.0,5.0,5.0,3.0,1.0,3.0,2.0,2.0,5.0,5.0,22.0,22.0,75.0,75.0,8.598e-11,8.422e-11,8.51e-11,25.0,1
1336,5.0,5.0,5.0,3.0,1.0,3.0,2.0,2.0,6.0,6.0,18.0,18.0,67.0,67.0,8.551e-11,8.396e-11,8.473e-11,25.0,1
1337,5.0,5.0,5.0,3.0,1.0,3.0,2.0,2.0,6.0,6.0,18.0,18.0,69.0,69.0,8.553e-11,8.401e-11,8.477e-11,25.0,1
1338,5.0,5.0,5.0,3.0,1.0,3.0,2.0,2.0,6.0,6.0,18.0,18.0,71.0,71.0,8.556e-11,8.407e-11,8.481e-11,25.0,1
1339,5.0,5.0,5.0,3.0,1.0,3.0,2.0,2.0,6.0,6.0,18.0,18.0,73.0,73.0,8.56e-11,8.413e-11,8.487e-11,25.0,1
1340,5.0,5.0,5.0,3.0,1.0,3.0,2.0,2.0,6.0,6.0,18.0,18.0,75.0,75.0,8.564e-11,8.42e-11,8.492e-11,25.0,1
1341,5.0,5.0,5.0,3.0,1.0,3.0,2.0,2.0,6.0,6.0,20.0,20.0,67.0,67.0,8.551e-11,8.388e-11,8.47e-11,25.0,1
1342,5.0,5.0,5.0,3.0,1.0,3.0,2.0,2.0,6.0,6.0,20.0,20.0,69.0,69.0,8.552e-11,8.392e-11,8.472e-11,25.0,1
1343,5.0,5.0,5.0,3.0,1.0,3.0,2.0,2.0,6.0,6.0,20.0,20.0,71.0,71.0,8.554e-11,8.397e-11,8.475e-11,25.0,1
1344,5.0,5.0,5.0,3.0,1.0,3.0,2.0,2.0,6.0,6.0,20.0,20.0,73.0,73.0,8.557e-11,8.402e-11,8.479e-11,25.0,1
1345,5.0,5.0,5.0,3.0,1.0,3.0,2.0,2.0,6.0,6.0,20.0,20.0,75.0,75.0,8.56e-11,8.407e-11,8.483e-11,25.0,1
1346,5.0,5.0,5.0,3.0,1.0,3.0,2.0,2.0,6.0,6.0,22.0,22.0,67.0,67.0,8.559e-11,8.388e-11,8.473e-11,25.0,1
1347,5.0,5.0,5.0,3.0,1.0,3.0,2.0,2.0,6.0,6.0,22.0,22.0,69.0,69.0,8.56e-11,8.392e-11,8.476e-11,25.0,1
1348,5.0,5.0,5.0,3.0,1.0,3.0,2.0,2.0,6.0,6.0,22.0,22.0,71.0,71.0,8.561e-11,8.395e-11,8.478e-11,25.0,1
1349,5.0,5.0,5.0,3.0,1.0,3.0,2.0,2.0,6.0,6.0,22.0,22.0,73.0,73.0,8.563e-11,8.399e-11,8.481e-11,25.0,1
1350,5.0,5.0,5.0,3.0,1.0,3.0,2.0,2.0,6.0,6.0,22.0,22.0,75.0,75.0,8.564e-11,8.404e-11,8.484e-11,25.0,1
1351,5.0,5.0,5.0,3.0,2.0,6.0,1.0,1.0,4.0,4.0,18.0,18.0,67.0,67.0,1.33e-10,1.287e-10,1.309e-10,25.0,1
1352,5.0,5.0,5.0,3.0,2.0,6.0,1.0,1.0,4.0,4.0,18.0,18.0,69.0,69.0,1.33e-10,1.288e-10,1.309e-10,25.0,1
1353,5.0,5.0,5.0,3.0,2.0,6.0,1.0,1.0,4.0,4.0,18.0,18.0,71.0,71.0,1.331e-10,1.289e-10,1.31e-10,25.0,1
1354,5.0,5.0,5.0,3.0,2.0,6.0,1.0,1.0,4.0,4.0,18.0,18.0,73.0,73.0,1.331e-10,1.289e-10,1.31e-10,25.0,1
1355,5.0,5.0,5.0,3.0,2.0,6.0,1.0,1.0,4.0,4.0,18.0,18.0,75.0,75.0,1.332e-10,1.29e-10,1.311e-10,25.0,1
1356,5.0,5.0,5.0,3.0,2.0,6.0,1.0,1.0,4.0,4.0,20.0,20.0,67.0,67.0,1.332e-10,1.289e-10,1.311e-10,25.0,1
1357,5.0,5.0,5.0,3.0,2.0,6.0,1.0,1.0,4.0,4.0,20.0,20.0,69.0,69.0,1.333e-10,1.289e-10,1.311e-10,25.0,1
1358,5.0,5.0,5.0,3.0,2.0,6.0,1.0,1.0,4.0,4.0,20.0,20.0,71.0,71.0,1.333e-10,1.29e-10,1.311e-10,25.0,1
1359,5.0,5.0,5.0,3.0,2.0,6.0,1.0,1.0,4.0,4.0,20.0,20.0,73.0,73.0,1.333e-10,1.29e-10,1.312e-10,25.0,1
1360,5.0,5.0,5.0,3.0,2.0,6.0,1.0,1.0,4.0,4.0,20.0,20.0,75.0,75.0,1.334e-10,1.291e-10,1.312e-10,25.0,1
1361,5.0,5.0,5.0,3.0,2.0,6.0,1.0,1.0,4.0,4.0,22.0,22.0,67.0,67.0,1.335e-10,1.291e-10,1.313e-10,25.0,1
1362,5.0,5.0,5.0,3.0,2.0,6.0,1.0,1.0,4.0,4.0,22.0,22.0,69.0,69.0,1.335e-10,1.291e-10,1.313e-10,25.0,1
1363,5.0,5.0,5.0,3.0,2.0,6.0,1.0,1.0,4.0,4.0,22.0,22.0,71.0,71.0,1.335e-10,1.292e-10,1.314e-10,25.0,1
1364,5.0,5.0,5.0,3.0,2.0,6.0,1.0,1.0,4.0,4.0,22.0,22.0,73.0,73.0,1.336e-10,1.292e-10,1.314e-10,25.0,1
1365,5.0,5.0,5.0,3.0,2.0,6.0,1.0,1.0,4.0,4.0,22.0,22.0,75.0,75.0,1.336e-10,1.292e-10,1.314e-10,25.0,1
1366,5.0,5.0,5.0,3.0,2.0,6.0,1.0,1.0,5.0,5.0,18.0,18.0,67.0,67.0,1.33e-10,1.29e-10,1.31e-10,25.0,1
1367,5.0,5.0,5.0,3.0,2.0,6.0,1.0,1.0,5.0,5.0,18.0,18.0,69.0,69.0,1.331e-10,1.29e-10,1.31e-10,25.0,1
1368,5.0,5.0,5.0,3.0,2.0,6.0,1.0,1.0,5.0,5.0,18.0,18.0,71.0,71.0,1.331e-10,1.291e-10,1.311e-10,25.0,1
1369,5.0,5.0,5.0,3.0,2.0,6.0,1.0,1.0,5.0,5.0,18.0,18.0,73.0,73.0,1.331e-10,1.292e-10,1.311e-10,25.0,1
1370,5.0,5.0,5.0,3.0,2.0,6.0,1.0,1.0,5.0,5.0,18.0,18.0,75.0,75.0,1.332e-10,1.292e-10,1.312e-10,25.0,1
1371,5.0,5.0,5.0,3.0,2.0,6.0,1.0,1.0,5.0,5.0,20.0,20.0,67.0,67.0,1.331e-10,1.29e-10,1.311e-10,25.0,1
1372,5.0,5.0,5.0,3.0,2.0,6.0,1.0,1.0,5.0,5.0,20.0,20.0,69.0,69.0,1.332e-10,1.291e-10,1.311e-10,25.0,1
1373,5.0,5.0,5.0,3.0,2.0,6.0,1.0,1.0,5.0,5.0,20.0,20.0,71.0,71.0,1.332e-10,1.291e-10,1.311e-10,25.0,1
1374,5.0,5.0,5.0,3.0,2.0,6.0,1.0,1.0,5.0,5.0,20.0,20.0,73.0,73.0,1.332e-10,1.291e-10,1.312e-10,25.0,1
1375,5.0,5.0,5.0,3.0,2.0,6.0,1.0,1.0,5.0,5.0,20.0,20.0,75.0,75.0,1.332e-10,1.292e-10,1.312e-10,25.0,1
1376,5.0,5.0,5.0,3.0,2.0,6.0,1.0,1.0,5.0,5.0,22.0,22.0,67.0,67.0,1.333e-10,1.291e-10,1.312e-10,25.0,1
1377,5.0,5.0,5.0,3.0,2.0,6.0,1.0,1.0,5.0,5.0,22.0,22.0,69.0,69.0,1.333e-10,1.291e-10,1.312e-10,25.0,1
1378,5.0,5.0,5.0,3.0,2.0,6.0,1.0,1.0,5.0,5.0,22.0,22.0,71.0,71.0,1.334e-10,1.292e-10,1.313e-10,25.0,1
1379,5.0,5.0,5.0,3.0,2.0,6.0,1.0,1.0,5.0,5.0,22.0,22.0,73.0,73.0,1.334e-10,1.292e-10,1.313e-10,25.0,1
1380,5.0,5.0,5.0,3.0,2.0,6.0,1.0,1.0,5.0,5.0,22.0,22.0,75.0,75.0,1.334e-10,1.293e-10,1.313e-10,25.0,1
1381,5.0,5.0,5.0,3.0,2.0,6.0,1.0,1.0,6.0,6.0,18.0,18.0,67.0,67.0,1.335e-10,1.296e-10,1.315e-10,25.0,1
1382,5.0,5.0,5.0,3.0,2.0,6.0,1.0,1.0,6.0,6.0,18.0,18.0,69.0,69.0,1.335e-10,1.296e-10,1.315e-10,25.0,1
1383,5.0,5.0,5.0,3.0,2.0,6.0,1.0,1.0,6.0,6.0,18.0,18.0,71.0,71.0,1.335e-10,1.297e-10,1.316e-10,25.0,1
1384,5.0,5.0,5.0,3.0,2.0,6.0,1.0,1.0,6.0,6.0,18.0,18.0,73.0,73.0,1.336e-10,1.297e-10,1.316e-10,25.0,1
1385,5.0,5.0,5.0,3.0,2.0,6.0,1.0,1.0,6.0,6.0,18.0,18.0,75.0,75.0,1.336e-10,1.298e-10,1.317e-10,25.0,1
1386,5.0,5.0,5.0,3.0,2.0,6.0,1.0,1.0,6.0,6.0,20.0,20.0,67.0,67.0,1.335e-10,1.295e-10,1.315e-10,25.0,1
1387,5.0,5.0,5.0,3.0,2.0,6.0,1.0,1.0,6.0,6.0,20.0,20.0,69.0,69.0,1.335e-10,1.296e-10,1.315e-10,25.0,1
1388,5.0,5.0,5.0,3.0,2.0,6.0,1.0,1.0,6.0,6.0,20.0,20.0,71.0,71.0,1.335e-10,1.296e-10,1.316e-10,25.0,1
1389,5.0,5.0,5.0,3.0,2.0,6.0,1.0,1.0,6.0,6.0,20.0,20.0,73.0,73.0,1.335e-10,1.296e-10,1.316e-10,25.0,1
1390,5.0,5.0,5.0,3.0,2.0,6.0,1.0,1.0,6.0,6.0,20.0,20.0,75.0,75.0,1.336e-10,1.297e-10,1.316e-10,25.0,1
1391,5.0,5.0,5.0,3.0,2.0,6.0,1.0,1.0,6.0,6.0,22.0,22.0,67.0,67.0,1.336e-10,1.296e-10,1.316e-10,25.0,1
1392,5.0,5.0,5.0,3.0,2.0,6.0,1.0,1.0,6.0,6.0,22.0,22.0,69.0,69.0,1.336e-10,1.296e-10,1.316e-10,25.0,1
1393,5.0,5.0,5.0,3.0,2.0,6.0,1.0,1.0,6.0,6.0,22.0,22.0,71.0,71.0,1.336e-10,1.296e-10,1.316e-10,25.0,1
1394,5.0,5.0,5.0,3.0,2.0,6.0,1.0,1.0,6.0,6.0,22.0,22.0,73.0,73.0,1.336e-10,1.296e-10,1.316e-10,25.0,1
1395,5.0,5.0,5.0,3.0,2.0,6.0,1.0,1.0,6.0,6.0,22.0,22.0,75.0,75.0,1.336e-10,1.297e-10,1.317e-10,25.0,1
1396,5.0,5.0,5.0,3.0,2.0,6.0,2.0,2.0,4.0,4.0,18.0,18.0,67.0,67.0,1.309e-10,1.265e-10,1.287e-10,25.0,1
1397,5.0,5.0,5.0,3.0,2.0,6.0,2.0,2.0,4.0,4.0,18.0,18.0,69.0,69.0,1.309e-10,1.265e-10,1.287e-10,25.0,1
1398,5.0,5.0,5.0,3.0,2.0,6.0,2.0,2.0,4.0,4.0,18.0,18.0,71.0,71.0,1.309e-10,1.266e-10,1.288e-10,25.0,1
1399,5.0,5.0,5.0,3.0,2.0,6.0,2.0,2.0,4.0,4.0,18.0,18.0,73.0,73.0,1.31e-10,1.267e-10,1.288e-10,25.0,1
1400,5.0,5.0,5.0,3.0,2.0,6.0,2.0,2.0,4.0,4.0,18.0,18.0,75.0,75.0,1.31e-10,1.267e-10,1.289e-10,25.0,1
1401,5.0,5.0,5.0,3.0,2.0,6.0,2.0,2.0,4.0,4.0,20.0,20.0,67.0,67.0,1.311e-10,1.266e-10,1.288e-10,25.0,1
1402,5.0,5.0,5.0,3.0,2.0,6.0,2.0,2.0,4.0,4.0,20.0,20.0,69.0,69.0,1.311e-10,1.266e-10,1.289e-10,25.0,1
1403,5.0,5.0,5.0,3.0,2.0,6.0,2.0,2.0,4.0,4.0,20.0,20.0,71.0,71.0,1.311e-10,1.267e-10,1.289e-10,25.0,1
1404,5.0,5.0,5.0,3.0,2.0,6.0,2.0,2.0,4.0,4.0,20.0,20.0,73.0,73.0,1.312e-10,1.267e-10,1.29e-10,25.0,1
1405,5.0,5.0,5.0,3.0,2.0,6.0,2.0,2.0,4.0,4.0,20.0,20.0,75.0,75.0,1.312e-10,1.268e-10,1.29e-10,25.0,1
1406,5.0,5.0,5.0,3.0,2.0,6.0,2.0,2.0,4.0,4.0,22.0,22.0,67.0,67.0,1.314e-10,1.268e-10,1.291e-10,25.0,1
1407,5.0,5.0,5.0,3.0,2.0,6.0,2.0,2.0,4.0,4.0,22.0,22.0,69.0,69.0,1.314e-10,1.268e-10,1.291e-10,25.0,1
1408,5.0,5.0,5.0,3.0,2.0,6.0,2.0,2.0,4.0,4.0,22.0,22.0,71.0,71.0,1.314e-10,1.269e-10,1.291e-10,25.0,1
1409,5.0,5.0,5.0,3.0,2.0,6.0,2.0,2.0,4.0,4.0,22.0,22.0,73.0,73.0,1.314e-10,1.269e-10,1.292e-10,25.0,1
1410,5.0,5.0,5.0,3.0,2.0,6.0,2.0,2.0,4.0,4.0,22.0,22.0,75.0,75.0,1.315e-10,1.269e-10,1.292e-10,25.0,1
1411,5.0,5.0,5.0,3.0,2.0,6.0,2.0,2.0,5.0,5.0,18.0,18.0,67.0,67.0,1.303e-10,1.261e-10,1.282e-10,25.0,1
1412,5.0,5.0,5.0,3.0,2.0,6.0,2.0,2.0,5.0,5.0,18.0,18.0,69.0,69.0,1.303e-10,1.261e-10,1.282e-10,25.0,1
1413,5.0,5.0,5.0,3.0,2.0,6.0,2.0,2.0,5.0,5.0,18.0,18.0,71.0,71.0,1.304e-10,1.262e-10,1.283e-10,25.0,1
1414,5.0,5.0,5.0,3.0,2.0,6.0,2.0,2.0,5.0,5.0,18.0,18.0,73.0,73.0,1.304e-10,1.263e-10,1.283e-10,25.0,1
1415,5.0,5.0,5.0,3.0,2.0,6.0,2.0,2.0,5.0,5.0,18.0,18.0,75.0,75.0,1.305e-10,1.263e-10,1.284e-10,25.0,1
1416,5.0,5.0,5.0,3.0,2.0,6.0,2.0,2.0,5.0,5.0,20.0,20.0,67.0,67.0,1.304e-10,1.261e-10,1.282e-10,25.0,1
1417,5.0,5.0,5.0,3.0,2.0,6.0,2.0,2.0,5.0,5.0,20.0,20.0,69.0,69.0,1.304e-10,1.261e-10,1.283e-10,25.0,1
1418,5.0,5.0,5.0,3.0,2.0,6.0,2.0,2.0,5.0,5.0,20.0,20.0,71.0,71.0,1.304e-10,1.262e-10,1.283e-10,25.0,1
1419,5.0,5.0,5.0,3.0,2.0,6.0,2.0,2.0,5.0,5.0,20.0,20.0,73.0,73.0,1.305e-10,1.262e-10,1.283e-10,25.0,1
1420,5.0,5.0,5.0,3.0,2.0,6.0,2.0,2.0,5.0,5.0,20.0,20.0,75.0,75.0,1.305e-10,1.263e-10,1.284e-10,25.0,1
1421,5.0,5.0,5.0,3.0,2.0,6.0,2.0,2.0,5.0,5.0,22.0,22.0,67.0,67.0,1.306e-10,1.262e-10,1.284e-10,25.0,1
1422,5.0,5.0,5.0,3.0,2.0,6.0,2.0,2.0,5.0,5.0,22.0,22.0,69.0,69.0,1.306e-10,1.262e-10,1.284e-10,25.0,1
1423,5.0,5.0,5.0,3.0,2.0,6.0,2.0,2.0,5.0,5.0,22.0,22.0,71.0,71.0,1.306e-10,1.262e-10,1.284e-10,25.0,1
1424,5.0,5.0,5.0,3.0,2.0,6.0,2.0,2.0,5.0,5.0,22.0,22.0,73.0,73.0,1.306e-10,1.263e-10,1.284e-10,25.0,1
1425,5.0,5.0,5.0,3.0,2.0,6.0,2.0,2.0,5.0,5.0,22.0,22.0,75.0,75.0,1.306e-10,1.263e-10,1.285e-10,25.0,1
1426,5.0,5.0,5.0,3.0,2.0,6.0,2.0,2.0,6.0,6.0,18.0,18.0,67.0,67.0,1.302e-10,1.26e-10,1.281e-10,25.0,1
1427,5.0,5.0,5.0,3.0,2.0,6.0,2.0,2.0,6.0,6.0,18.0,18.0,69.0,69.0,1.302e-10,1.261e-10,1.281e-10,25.0,1
1428,5.0,5.0,5.0,3.0,2.0,6.0,2.0,2.0,6.0,6.0,18.0,18.0,71.0,71.0,1.302e-10,1.261e-10,1.282e-10,25.0,1
1429,5.0,5.0,5.0,3.0,2.0,6.0,2.0,2.0,6.0,6.0,18.0,18.0,73.0,73.0,1.303e-10,1.262e-10,1.282e-10,25.0,1
1430,5.0,5.0,5.0,3.0,2.0,6.0,2.0,2.0,6.0,6.0,18.0,18.0,75.0,75.0,1.303e-10,1.263e-10,1.283e-10,25.0,1
1431,5.0,5.0,5.0,3.0,2.0,6.0,2.0,2.0,6.0,6.0,20.0,20.0,67.0,67.0,1.302e-10,1.259e-10,1.281e-10,25.0,1
1432,5.0,5.0,5.0,3.0,2.0,6.0,2.0,2.0,6.0,6.0,20.0,20.0,69.0,69.0,1.302e-10,1.26e-10,1.281e-10,25.0,1
1433,5.0,5.0,5.0,3.0,2.0,6.0,2.0,2.0,6.0,6.0,20.0,20.0,71.0,71.0,1.302e-10,1.26e-10,1.281e-10,25.0,1
1434,5.0,5.0,5.0,3.0,2.0,6.0,2.0,2.0,6.0,6.0,20.0,20.0,73.0,73.0,1.302e-10,1.261e-10,1.282e-10,25.0,1
1435,5.0,5.0,5.0,3.0,2.0,6.0,2.0,2.0,6.0,6.0,20.0,20.0,75.0,75.0,1.303e-10,1.261e-10,1.282e-10,25.0,1
1436,5.0,5.0,5.0,3.0,2.0,6.0,2.0,2.0,6.0,6.0,22.0,22.0,67.0,67.0,1.303e-10,1.26e-10,1.281e-10,25.0,1
1437,5.0,5.0,5.0,3.0,2.0,6.0,2.0,2.0,6.0,6.0,22.0,22.0,69.0,69.0,1.303e-10,1.26e-10,1.281e-10,25.0,1
1438,5.0,5.0,5.0,3.0,2.0,6.0,2.0,2.0,6.0,6.0,22.0,22.0,71.0,71.0,1.303e-10,1.26e-10,1.281e-10,25.0,1
1439,5.0,5.0,5.0,3.0,2.0,6.0,2.0,2.0,6.0,6.0,22.0,22.0,73.0,73.0,1.303e-10,1.261e-10,1.282e-10,25.0,1
1440,5.0,5.0,5.0,3.0,2.0,6.0,2.0,2.0,6.0,6.0,22.0,22.0,75.0,75.0,1.303e-10,1.261e-10,1.282e-10,25.0,1
1441,5.0,5.0,6.0,3.0,1.0,3.0,1.0,1.0,4.0,4.0,18.0,18.0,67.0,67.0,8.787e-11,8.613e-11,8.7e-11,25.0,1
1442,5.0,5.0,6.0,3.0,1.0,3.0,1.0,1.0,4.0,4.0,18.0,18.0,69.0,69.0,8.791e-11,8.618e-11,8.704e-11,25.0,1
1443,5.0,5.0,6.0,3.0,1.0,3.0,1.0,1.0,4.0,4.0,18.0,18.0,71.0,71.0,8.795e-11,8.624e-11,8.709e-11,25.0,1
1444,5.0,5.0,6.0,3.0,1.0,3.0,1.0,1.0,4.0,4.0,18.0,18.0,73.0,73.0,8.799e-11,8.63e-11,8.715e-11,25.0,1
1445,5.0,5.0,6.0,3.0,1.0,3.0,1.0,1.0,4.0,4.0,18.0,18.0,75.0,75.0,8.804e-11,8.637e-11,8.721e-11,25.0,1
1446,5.0,5.0,6.0,3.0,1.0,3.0,1.0,1.0,4.0,4.0,20.0,20.0,67.0,67.0,8.81e-11,8.625e-11,8.717e-11,25.0,1
1447,5.0,5.0,6.0,3.0,1.0,3.0,1.0,1.0,4.0,4.0,20.0,20.0,69.0,69.0,8.812e-11,8.63e-11,8.721e-11,25.0,1
1448,5.0,5.0,6.0,3.0,1.0,3.0,1.0,1.0,4.0,4.0,20.0,20.0,71.0,71.0,8.816e-11,8.634e-11,8.725e-11,25.0,1
1449,5.0,5.0,6.0,3.0,1.0,3.0,1.0,1.0,4.0,4.0,20.0,20.0,73.0,73.0,8.818e-11,8.64e-11,8.729e-11,25.0,1
1450,5.0,5.0,6.0,3.0,1.0,3.0,1.0,1.0,4.0,4.0,20.0,20.0,75.0,75.0,8.821e-11,8.645e-11,8.733e-11,25.0,1
1451,5.0,5.0,6.0,3.0,1.0,3.0,1.0,1.0,4.0,4.0,22.0,22.0,67.0,67.0,8.84e-11,8.647e-11,8.743e-11,25.0,1
1452,5.0,5.0,6.0,3.0,1.0,3.0,1.0,1.0,4.0,4.0,22.0,22.0,69.0,69.0,8.841e-11,8.65e-11,8.745e-11,25.0,1
1453,5.0,5.0,6.0,3.0,1.0,3.0,1.0,1.0,4.0,4.0,22.0,22.0,71.0,71.0,8.842e-11,8.654e-11,8.748e-11,25.0,1
1454,5.0,5.0,6.0,3.0,1.0,3.0,1.0,1.0,4.0,4.0,22.0,22.0,73.0,73.0,8.845e-11,8.658e-11,8.752e-11,25.0,1
1455,5.0,5.0,6.0,3.0,1.0,3.0,1.0,1.0,4.0,4.0,22.0,22.0,75.0,75.0,8.848e-11,8.662e-11,8.755e-11,25.0,1
1456,5.0,5.0,6.0,3.0,1.0,3.0,1.0,1.0,5.0,5.0,18.0,18.0,67.0,67.0,8.788e-11,8.637e-11,8.712e-11,25.0,1
1457,5.0,5.0,6.0,3.0,1.0,3.0,1.0,1.0,5.0,5.0,18.0,18.0,69.0,69.0,8.791e-11,8.642e-11,8.717e-11,25.0,1
1458,5.0,5.0,6.0,3.0,1.0,3.0,1.0,1.0,5.0,5.0,18.0,18.0,71.0,71.0,8.795e-11,8.648e-11,8.722e-11,25.0,1
1459,5.0,5.0,6.0,3.0,1.0,3.0,1.0,1.0,5.0,5.0,18.0,18.0,73.0,73.0,8.799e-11,8.654e-11,8.726e-11,25.0,1
1460,5.0,5.0,6.0,3.0,1.0,3.0,1.0,1.0,5.0,5.0,18.0,18.0,75.0,75.0,8.804e-11,8.661e-11,8.732e-11,25.0,1
1461,5.0,5.0,6.0,3.0,1.0,3.0,1.0,1.0,5.0,5.0,20.0,20.0,67.0,67.0,8.8e-11,8.639e-11,8.72e-11,25.0,1
1462,5.0,5.0,6.0,3.0,1.0,3.0,1.0,1.0,5.0,5.0,20.0,20.0,69.0,69.0,8.8e-11,8.644e-11,8.722e-11,25.0,1
1463,5.0,5.0,6.0,3.0,1.0,3.0,1.0,1.0,5.0,5.0,20.0,20.0,71.0,71.0,8.804e-11,8.648e-11,8.726e-11,25.0,1
1464,5.0,5.0,6.0,3.0,1.0,3.0,1.0,1.0,5.0,5.0,20.0,20.0,73.0,73.0,8.806e-11,8.653e-11,8.73e-11,25.0,1
1465,5.0,5.0,6.0,3.0,1.0,3.0,1.0,1.0,5.0,5.0,20.0,20.0,75.0,75.0,8.809e-11,8.659e-11,8.734e-11,25.0,1
1466,5.0,5.0,6.0,3.0,1.0,3.0,1.0,1.0,5.0,5.0,22.0,22.0,67.0,67.0,8.817e-11,8.65e-11,8.733e-11,25.0,1
1467,5.0,5.0,6.0,3.0,1.0,3.0,1.0,1.0,5.0,5.0,22.0,22.0,69.0,69.0,8.818e-11,8.653e-11,8.735e-11,25.0,1
1468,5.0,5.0,6.0,3.0,1.0,3.0,1.0,1.0,5.0,5.0,22.0,22.0,71.0,71.0,8.819e-11,8.657e-11,8.738e-11,25.0,1
1469,5.0,5.0,6.0,3.0,1.0,3.0,1.0,1.0,5.0,5.0,22.0,22.0,73.0,73.0,8.821e-11,8.661e-11,8.741e-11,25.0,1
1470,5.0,5.0,6.0,3.0,1.0,3.0,1.0,1.0,5.0,5.0,22.0,22.0,75.0,75.0,8.823e-11,8.665e-11,8.744e-11,25.0,1
1471,5.0,5.0,6.0,3.0,1.0,3.0,1.0,1.0,6.0,6.0,18.0,18.0,67.0,67.0,8.827e-11,8.695e-11,8.761e-11,25.0,1
1472,5.0,5.0,6.0,3.0,1.0,3.0,1.0,1.0,6.0,6.0,18.0,18.0,69.0,69.0,8.829e-11,8.7e-11,8.765e-11,25.0,1
1473,5.0,5.0,6.0,3.0,1.0,3.0,1.0,1.0,6.0,6.0,18.0,18.0,71.0,71.0,8.832e-11,8.706e-11,8.769e-11,25.0,1
1474,5.0,5.0,6.0,3.0,1.0,3.0,1.0,1.0,6.0,6.0,18.0,18.0,73.0,73.0,8.836e-11,8.711e-11,8.774e-11,25.0,1
1475,5.0,5.0,6.0,3.0,1.0,3.0,1.0,1.0,6.0,6.0,18.0,18.0,75.0,75.0,8.84e-11,8.718e-11,8.779e-11,25.0,1
1476,5.0,5.0,6.0,3.0,1.0,3.0,1.0,1.0,6.0,6.0,20.0,20.0,67.0,67.0,8.83e-11,8.691e-11,8.76e-11,25.0,1
1477,5.0,5.0,6.0,3.0,1.0,3.0,1.0,1.0,6.0,6.0,20.0,20.0,69.0,69.0,8.832e-11,8.694e-11,8.763e-11,25.0,1
1478,5.0,5.0,6.0,3.0,1.0,3.0,1.0,1.0,6.0,6.0,20.0,20.0,71.0,71.0,8.834e-11,8.699e-11,8.766e-11,25.0,1
1479,5.0,5.0,6.0,3.0,1.0,3.0,1.0,1.0,6.0,6.0,20.0,20.0,73.0,73.0,8.836e-11,8.703e-11,8.77e-11,25.0,1
1480,5.0,5.0,6.0,3.0,1.0,3.0,1.0,1.0,6.0,6.0,20.0,20.0,75.0,75.0,8.839e-11,8.709e-11,8.774e-11,25.0,1
1481,5.0,5.0,6.0,3.0,1.0,3.0,1.0,1.0,6.0,6.0,22.0,22.0,67.0,67.0,8.84e-11,8.695e-11,8.767e-11,25.0,1
1482,5.0,5.0,6.0,3.0,1.0,3.0,1.0,1.0,6.0,6.0,22.0,22.0,69.0,69.0,8.84e-11,8.698e-11,8.769e-11,25.0,1
1483,5.0,5.0,6.0,3.0,1.0,3.0,1.0,1.0,6.0,6.0,22.0,22.0,71.0,71.0,8.842e-11,8.702e-11,8.772e-11,25.0,1
1484,5.0,5.0,6.0,3.0,1.0,3.0,1.0,1.0,6.0,6.0,22.0,22.0,73.0,73.0,8.844e-11,8.705e-11,8.775e-11,25.0,1
1485,5.0,5.0,6.0,3.0,1.0,3.0,1.0,1.0,6.0,6.0,22.0,22.0,75.0,75.0,8.846e-11,8.709e-11,8.777e-11,25.0,1
1486,5.0,5.0,6.0,3.0,1.0,3.0,2.0,2.0,4.0,4.0,18.0,18.0,67.0,67.0,8.624e-11,8.441e-11,8.532e-11,25.0,1
1487,5.0,5.0,6.0,3.0,1.0,3.0,2.0,2.0,4.0,4.0,18.0,18.0,69.0,69.0,8.627e-11,8.446e-11,8.537e-11,25.0,1
1488,5.0,5.0,6.0,3.0,1.0,3.0,2.0,2.0,4.0,4.0,18.0,18.0,71.0,71.0,8.631e-11,8.453e-11,8.542e-11,25.0,1
1489,5.0,5.0,6.0,3.0,1.0,3.0,2.0,2.0,4.0,4.0,18.0,18.0,73.0,73.0,8.635e-11,8.459e-11,8.547e-11,25.0,1
1490,5.0,5.0,6.0,3.0,1.0,3.0,2.0,2.0,4.0,4.0,18.0,18.0,75.0,75.0,8.64e-11,8.465e-11,8.553e-11,25.0,1
1491,5.0,5.0,6.0,3.0,1.0,3.0,2.0,2.0,4.0,4.0,20.0,20.0,67.0,67.0,8.645e-11,8.45e-11,8.548e-11,25.0,1
1492,5.0,5.0,6.0,3.0,1.0,3.0,2.0,2.0,4.0,4.0,20.0,20.0,69.0,69.0,8.647e-11,8.456e-11,8.552e-11,25.0,1
1493,5.0,5.0,6.0,3.0,1.0,3.0,2.0,2.0,4.0,4.0,20.0,20.0,71.0,71.0,8.65e-11,8.46e-11,8.555e-11,25.0,1
1494,5.0,5.0,6.0,3.0,1.0,3.0,2.0,2.0,4.0,4.0,20.0,20.0,73.0,73.0,8.653e-11,8.465e-11,8.559e-11,25.0,1
1495,5.0,5.0,6.0,3.0,1.0,3.0,2.0,2.0,4.0,4.0,20.0,20.0,75.0,75.0,8.657e-11,8.471e-11,8.564e-11,25.0,1
1496,5.0,5.0,6.0,3.0,1.0,3.0,2.0,2.0,4.0,4.0,22.0,22.0,67.0,67.0,8.674e-11,8.469e-11,8.572e-11,25.0,1
1497,5.0,5.0,6.0,3.0,1.0,3.0,2.0,2.0,4.0,4.0,22.0,22.0,69.0,69.0,8.675e-11,8.473e-11,8.574e-11,25.0,1
1498,5.0,5.0,6.0,3.0,1.0,3.0,2.0,2.0,4.0,4.0,22.0,22.0,71.0,71.0,8.676e-11,8.477e-11,8.577e-11,25.0,1
1499,5.0,5.0,6.0,3.0,1.0,3.0,2.0,2.0,4.0,4.0,22.0,22.0,73.0,73.0,8.679e-11,8.481e-11,8.58e-11,25.0,1
1500,5.0,5.0,6.0,3.0,1.0,3.0,2.0,2.0,4.0,4.0,22.0,22.0,75.0,75.0,8.682e-11,8.486e-11,8.584e-11,25.0,1
1501,5.0,5.0,6.0,3.0,1.0,3.0,2.0,2.0,5.0,5.0,18.0,18.0,67.0,67.0,8.568e-11,8.401e-11,8.484e-11,25.0,1
1502,5.0,5.0,6.0,3.0,1.0,3.0,2.0,2.0,5.0,5.0,18.0,18.0,69.0,69.0,8.57e-11,8.406e-11,8.488e-11,25.0,1
1503,5.0,5.0,6.0,3.0,1.0,3.0,2.0,2.0,5.0,5.0,18.0,18.0,71.0,71.0,8.574e-11,8.413e-11,8.493e-11,25.0,1
1504,5.0,5.0,6.0,3.0,1.0,3.0,2.0,2.0,5.0,5.0,18.0,18.0,73.0,73.0,8.578e-11,8.419e-11,8.498e-11,25.0,1
1505,5.0,5.0,6.0,3.0,1.0,3.0,2.0,2.0,5.0,5.0,18.0,18.0,75.0,75.0,8.582e-11,8.425e-11,8.504e-11,25.0,1
1506,5.0,5.0,6.0,3.0,1.0,3.0,2.0,2.0,5.0,5.0,20.0,20.0,67.0,67.0,8.576e-11,8.4e-11,8.488e-11,25.0,1
1507,5.0,5.0,6.0,3.0,1.0,3.0,2.0,2.0,5.0,5.0,20.0,20.0,69.0,69.0,8.578e-11,8.405e-11,8.491e-11,25.0,1
1508,5.0,5.0,6.0,3.0,1.0,3.0,2.0,2.0,5.0,5.0,20.0,20.0,71.0,71.0,8.58e-11,8.41e-11,8.495e-11,25.0,1
1509,5.0,5.0,6.0,3.0,1.0,3.0,2.0,2.0,5.0,5.0,20.0,20.0,73.0,73.0,8.583e-11,8.414e-11,8.499e-11,25.0,1
1510,5.0,5.0,6.0,3.0,1.0,3.0,2.0,2.0,5.0,5.0,20.0,20.0,75.0,75.0,8.586e-11,8.42e-11,8.503e-11,25.0,1
1511,5.0,5.0,6.0,3.0,1.0,3.0,2.0,2.0,5.0,5.0,22.0,22.0,67.0,67.0,8.593e-11,8.408e-11,8.5e-11,25.0,1
1512,5.0,5.0,6.0,3.0,1.0,3.0,2.0,2.0,5.0,5.0,22.0,22.0,69.0,69.0,8.594e-11,8.411e-11,8.502e-11,25.0,1
1513,5.0,5.0,6.0,3.0,1.0,3.0,2.0,2.0,5.0,5.0,22.0,22.0,71.0,71.0,8.595e-11,8.415e-11,8.505e-11,25.0,1
1514,5.0,5.0,6.0,3.0,1.0,3.0,2.0,2.0,5.0,5.0,22.0,22.0,73.0,73.0,8.597e-11,8.42e-11,8.509e-11,25.0,1
1515,5.0,5.0,6.0,3.0,1.0,3.0,2.0,2.0,5.0,5.0,22.0,22.0,75.0,75.0,8.599e-11,8.423e-11,8.511e-11,25.0,1
1516,5.0,5.0,6.0,3.0,1.0,3.0,2.0,2.0,6.0,6.0,18.0,18.0,67.0,67.0,8.552e-11,8.397e-11,8.474e-11,25.0,1
1517,5.0,5.0,6.0,3.0,1.0,3.0,2.0,2.0,6.0,6.0,18.0,18.0,69.0,69.0,8.554e-11,8.402e-11,8.478e-11,25.0,1
1518,5.0,5.0,6.0,3.0,1.0,3.0,2.0,2.0,6.0,6.0,18.0,18.0,71.0,71.0,8.557e-11,8.408e-11,8.482e-11,25.0,1
1519,5.0,5.0,6.0,3.0,1.0,3.0,2.0,2.0,6.0,6.0,18.0,18.0,73.0,73.0,8.561e-11,8.413e-11,8.487e-11,25.0,1
1520,5.0,5.0,6.0,3.0,1.0,3.0,2.0,2.0,6.0,6.0,18.0,18.0,75.0,75.0,8.565e-11,8.421e-11,8.493e-11,25.0,1
1521,5.0,5.0,6.0,3.0,1.0,3.0,2.0,2.0,6.0,6.0,20.0,20.0,67.0,67.0,8.553e-11,8.389e-11,8.471e-11,25.0,1
1522,5.0,5.0,6.0,3.0,1.0,3.0,2.0,2.0,6.0,6.0,20.0,20.0,69.0,69.0,8.553e-11,8.393e-11,8.473e-11,25.0,1
1523,5.0,5.0,6.0,3.0,1.0,3.0,2.0,2.0,6.0,6.0,20.0,20.0,71.0,71.0,8.555e-11,8.398e-11,8.477e-11,25.0,1
1524,5.0,5.0,6.0,3.0,1.0,3.0,2.0,2.0,6.0,6.0,20.0,20.0,73.0,73.0,8.558e-11,8.402e-11,8.48e-11,25.0,1
1525,5.0,5.0,6.0,3.0,1.0,3.0,2.0,2.0,6.0,6.0,20.0,20.0,75.0,75.0,8.561e-11,8.407e-11,8.484e-11,25.0,1
1526,5.0,5.0,6.0,3.0,1.0,3.0,2.0,2.0,6.0,6.0,22.0,22.0,67.0,67.0,8.56e-11,8.389e-11,8.475e-11,25.0,1
1527,5.0,5.0,6.0,3.0,1.0,3.0,2.0,2.0,6.0,6.0,22.0,22.0,69.0,69.0,8.56e-11,8.392e-11,8.476e-11,25.0,1
1528,5.0,5.0,6.0,3.0,1.0,3.0,2.0,2.0,6.0,6.0,22.0,22.0,71.0,71.0,8.561e-11,8.396e-11,8.479e-11,25.0,1
1529,5.0,5.0,6.0,3.0,1.0,3.0,2.0,2.0,6.0,6.0,22.0,22.0,73.0,73.0,8.563e-11,8.4e-11,8.482e-11,25.0,1
1530,5.0,5.0,6.0,3.0,1.0,3.0,2.0,2.0,6.0,6.0,22.0,22.0,75.0,75.0,8.566e-11,8.404e-11,8.485e-11,25.0,1
1531,5.0,5.0,6.0,3.0,2.0,6.0,1.0,1.0,4.0,4.0,18.0,18.0,67.0,67.0,1.33e-10,1.287e-10,1.309e-10,25.0,1
1532,5.0,5.0,6.0,3.0,2.0,6.0,1.0,1.0,4.0,4.0,18.0,18.0,69.0,69.0,1.331e-10,1.288e-10,1.309e-10,25.0,1
1533,5.0,5.0,6.0,3.0,2.0,6.0,1.0,1.0,4.0,4.0,18.0,18.0,71.0,71.0,1.331e-10,1.289e-10,1.31e-10,25.0,1
1534,5.0,5.0,6.0,3.0,2.0,6.0,1.0,1.0,4.0,4.0,18.0,18.0,73.0,73.0,1.331e-10,1.289e-10,1.31e-10,25.0,1
1535,5.0,5.0,6.0,3.0,2.0,6.0,1.0,1.0,4.0,4.0,18.0,18.0,75.0,75.0,1.332e-10,1.29e-10,1.311e-10,25.0,1
1536,5.0,5.0,6.0,3.0,2.0,6.0,1.0,1.0,4.0,4.0,20.0,20.0,67.0,67.0,1.333e-10,1.289e-10,1.311e-10,25.0,1
1537,5.0,5.0,6.0,3.0,2.0,6.0,1.0,1.0,4.0,4.0,20.0,20.0,69.0,69.0,1.333e-10,1.289e-10,1.311e-10,25.0,1
1538,5.0,5.0,6.0,3.0,2.0,6.0,1.0,1.0,4.0,4.0,20.0,20.0,71.0,71.0,1.333e-10,1.29e-10,1.311e-10,25.0,1
1539,5.0,5.0,6.0,3.0,2.0,6.0,1.0,1.0,4.0,4.0,20.0,20.0,73.0,73.0,1.333e-10,1.29e-10,1.312e-10,25.0,1
1540,5.0,5.0,6.0,3.0,2.0,6.0,1.0,1.0,4.0,4.0,20.0,20.0,75.0,75.0,1.334e-10,1.291e-10,1.312e-10,25.0,1
1541,5.0,5.0,6.0,3.0,2.0,6.0,1.0,1.0,4.0,4.0,22.0,22.0,67.0,67.0,1.335e-10,1.291e-10,1.313e-10,25.0,1
1542,5.0,5.0,6.0,3.0,2.0,6.0,1.0,1.0,4.0,4.0,22.0,22.0,69.0,69.0,1.336e-10,1.291e-10,1.313e-10,25.0,1
1543,5.0,5.0,6.0,3.0,2.0,6.0,1.0,1.0,4.0,4.0,22.0,22.0,71.0,71.0,1.336e-10,1.292e-10,1.314e-10,25.0,1
1544,5.0,5.0,6.0,3.0,2.0,6.0,1.0,1.0,4.0,4.0,22.0,22.0,73.0,73.0,1.336e-10,1.292e-10,1.314e-10,25.0,1
1545,5.0,5.0,6.0,3.0,2.0,6.0,1.0,1.0,4.0,4.0,22.0,22.0,75.0,75.0,1.336e-10,1.292e-10,1.314e-10,25.0,1
1546,5.0,5.0,6.0,3.0,2.0,6.0,1.0,1.0,5.0,5.0,18.0,18.0,67.0,67.0,1.331e-10,1.29e-10,1.31e-10,25.0,1
1547,5.0,5.0,6.0,3.0,2.0,6.0,1.0,1.0,5.0,5.0,18.0,18.0,69.0,69.0,1.331e-10,1.29e-10,1.311e-10,25.0,1
1548,5.0,5.0,6.0,3.0,2.0,6.0,1.0,1.0,5.0,5.0,18.0,18.0,71.0,71.0,1.331e-10,1.291e-10,1.311e-10,25.0,1
1549,5.0,5.0,6.0,3.0,2.0,6.0,1.0,1.0,5.0,5.0,18.0,18.0,73.0,73.0,1.332e-10,1.292e-10,1.312e-10,25.0,1
1550,5.0,5.0,6.0,3.0,2.0,6.0,1.0,1.0,5.0,5.0,18.0,18.0,75.0,75.0,1.332e-10,1.292e-10,1.312e-10,25.0,1
1551,5.0,5.0,6.0,3.0,2.0,6.0,1.0,1.0,5.0,5.0,20.0,20.0,67.0,67.0,1.332e-10,1.29e-10,1.311e-10,25.0,1
1552,5.0,5.0,6.0,3.0,2.0,6.0,1.0,1.0,5.0,5.0,20.0,20.0,69.0,69.0,1.332e-10,1.291e-10,1.311e-10,25.0,1
1553,5.0,5.0,6.0,3.0,2.0,6.0,1.0,1.0,5.0,5.0,20.0,20.0,71.0,71.0,1.332e-10,1.291e-10,1.312e-10,25.0,1
1554,5.0,5.0,6.0,3.0,2.0,6.0,1.0,1.0,5.0,5.0,20.0,20.0,73.0,73.0,1.333e-10,1.291e-10,1.312e-10,25.0,1
1555,5.0,5.0,6.0,3.0,2.0,6.0,1.0,1.0,5.0,5.0,20.0,20.0,75.0,75.0,1.333e-10,1.292e-10,1.312e-10,25.0,1
1556,5.0,5.0,6.0,3.0,2.0,6.0,1.0,1.0,5.0,5.0,22.0,22.0,67.0,67.0,1.334e-10,1.291e-10,1.312e-10,25.0,1
1557,5.0,5.0,6.0,3.0,2.0,6.0,1.0,1.0,5.0,5.0,22.0,22.0,69.0,69.0,1.334e-10,1.292e-10,1.313e-10,25.0,1
1558,5.0,5.0,6.0,3.0,2.0,6.0,1.0,1.0,5.0,5.0,22.0,22.0,71.0,71.0,1.334e-10,1.292e-10,1.313e-10,25.0,1
1559,5.0,5.0,6.0,3.0,2.0,6.0,1.0,1.0,5.0,5.0,22.0,22.0,73.0,73.0,1.334e-10,1.292e-10,1.313e-10,25.0,1
1560,5.0,5.0,6.0,3.0,2.0,6.0,1.0,1.0,5.0,5.0,22.0,22.0,75.0,75.0,1.334e-10,1.293e-10,1.313e-10,25.0,1
1561,5.0,5.0,6.0,3.0,2.0,6.0,1.0,1.0,6.0,6.0,18.0,18.0,67.0,67.0,1.335e-10,1.296e-10,1.315e-10,25.0,1
1562,5.0,5.0,6.0,3.0,2.0,6.0,1.0,1.0,6.0,6.0,18.0,18.0,69.0,69.0,1.335e-10,1.296e-10,1.316e-10,25.0,1
1563,5.0,5.0,6.0,3.0,2.0,6.0,1.0,1.0,6.0,6.0,18.0,18.0,71.0,71.0,1.335e-10,1.297e-10,1.316e-10,25.0,1
1564,5.0,5.0,6.0,3.0,2.0,6.0,1.0,1.0,6.0,6.0,18.0,18.0,73.0,73.0,1.336e-10,1.297e-10,1.316e-10,25.0,1
1565,5.0,5.0,6.0,3.0,2.0,6.0,1.0,1.0,6.0,6.0,18.0,18.0,75.0,75.0,1.336e-10,1.298e-10,1.317e-10,25.0,1
1566,5.0,5.0,6.0,3.0,2.0,6.0,1.0,1.0,6.0,6.0,20.0,20.0,67.0,67.0,1.335e-10,1.295e-10,1.315e-10,25.0,1
1567,5.0,5.0,6.0,3.0,2.0,6.0,1.0,1.0,6.0,6.0,20.0,20.0,69.0,69.0,1.335e-10,1.296e-10,1.315e-10,25.0,1
1568,5.0,5.0,6.0,3.0,2.0,6.0,1.0,1.0,6.0,6.0,20.0,20.0,71.0,71.0,1.335e-10,1.296e-10,1.316e-10,25.0,1
1569,5.0,5.0,6.0,3.0,2.0,6.0,1.0,1.0,6.0,6.0,20.0,20.0,73.0,73.0,1.336e-10,1.296e-10,1.316e-10,25.0,1
1570,5.0,5.0,6.0,3.0,2.0,6.0,1.0,1.0,6.0,6.0,20.0,20.0,75.0,75.0,1.336e-10,1.297e-10,1.316e-10,25.0,1
1571,5.0,5.0,6.0,3.0,2.0,6.0,1.0,1.0,6.0,6.0,22.0,22.0,67.0,67.0,1.336e-10,1.296e-10,1.316e-10,25.0,1
1572,5.0,5.0,6.0,3.0,2.0,6.0,1.0,1.0,6.0,6.0,22.0,22.0,69.0,69.0,1.336e-10,1.296e-10,1.316e-10,25.0,1
1573,5.0,5.0,6.0,3.0,2.0,6.0,1.0,1.0,6.0,6.0,22.0,22.0,71.0,71.0,1.336e-10,1.296e-10,1.316e-10,25.0,1
1574,5.0,5.0,6.0,3.0,2.0,6.0,1.0,1.0,6.0,6.0,22.0,22.0,73.0,73.0,1.336e-10,1.297e-10,1.317e-10,25.0,1
1575,5.0,5.0,6.0,3.0,2.0,6.0,1.0,1.0,6.0,6.0,22.0,22.0,75.0,75.0,1.337e-10,1.297e-10,1.317e-10,25.0,1
1576,5.0,5.0,6.0,3.0,2.0,6.0,2.0,2.0,4.0,4.0,18.0,18.0,67.0,67.0,1.309e-10,1.265e-10,1.287e-10,25.0,1
1577,5.0,5.0,6.0,3.0,2.0,6.0,2.0,2.0,4.0,4.0,18.0,18.0,69.0,69.0,1.309e-10,1.266e-10,1.287e-10,25.0,1
1578,5.0,5.0,6.0,3.0,2.0,6.0,2.0,2.0,4.0,4.0,18.0,18.0,71.0,71.0,1.31e-10,1.266e-10,1.288e-10,25.0,1
1579,5.0,5.0,6.0,3.0,2.0,6.0,2.0,2.0,4.0,4.0,18.0,18.0,73.0,73.0,1.31e-10,1.267e-10,1.289e-10,25.0,1
1580,5.0,5.0,6.0,3.0,2.0,6.0,2.0,2.0,4.0,4.0,18.0,18.0,75.0,75.0,1.311e-10,1.268e-10,1.289e-10,25.0,1
1581,5.0,5.0,6.0,3.0,2.0,6.0,2.0,2.0,4.0,4.0,20.0,20.0,67.0,67.0,1.311e-10,1.266e-10,1.289e-10,25.0,1
1582,5.0,5.0,6.0,3.0,2.0,6.0,2.0,2.0,4.0,4.0,20.0,20.0,69.0,69.0,1.311e-10,1.267e-10,1.289e-10,25.0,1
1583,5.0,5.0,6.0,3.0,2.0,6.0,2.0,2.0,4.0,4.0,20.0,20.0,71.0,71.0,1.311e-10,1.267e-10,1.289e-10,25.0,1
1584,5.0,5.0,6.0,3.0,2.0,6.0,2.0,2.0,4.0,4.0,20.0,20.0,73.0,73.0,1.312e-10,1.267e-10,1.29e-10,25.0,1
1585,5.0,5.0,6.0,3.0,2.0,6.0,2.0,2.0,4.0,4.0,20.0,20.0,75.0,75.0,1.312e-10,1.268e-10,1.29e-10,25.0,1
1586,5.0,5.0,6.0,3.0,2.0,6.0,2.0,2.0,4.0,4.0,22.0,22.0,67.0,67.0,1.314e-10,1.268e-10,1.291e-10,25.0,1
1587,5.0,5.0,6.0,3.0,2.0,6.0,2.0,2.0,4.0,4.0,22.0,22.0,69.0,69.0,1.314e-10,1.268e-10,1.291e-10,25.0,1
1588,5.0,5.0,6.0,3.0,2.0,6.0,2.0,2.0,4.0,4.0,22.0,22.0,71.0,71.0,1.314e-10,1.269e-10,1.291e-10,25.0,1
1589,5.0,5.0,6.0,3.0,2.0,6.0,2.0,2.0,4.0,4.0,22.0,22.0,73.0,73.0,1.314e-10,1.269e-10,1.292e-10,25.0,1
1590,5.0,5.0,6.0,3.0,2.0,6.0,2.0,2.0,4.0,4.0,22.0,22.0,75.0,75.0,1.315e-10,1.27e-10,1.292e-10,25.0,1
1591,5.0,5.0,6.0,3.0,2.0,6.0,2.0,2.0,5.0,5.0,18.0,18.0,67.0,67.0,1.303e-10,1.261e-10,1.282e-10,25.0,1
1592,5.0,5.0,6.0,3.0,2.0,6.0,2.0,2.0,5.0,5.0,18.0,18.0,69.0,69.0,1.304e-10,1.261e-10,1.283e-10,25.0,1
1593,5.0,5.0,6.0,3.0,2.0,6.0,2.0,2.0,5.0,5.0,18.0,18.0,71.0,71.0,1.304e-10,1.262e-10,1.283e-10,25.0,1
1594,5.0,5.0,6.0,3.0,2.0,6.0,2.0,2.0,5.0,5.0,18.0,18.0,73.0,73.0,1.304e-10,1.263e-10,1.284e-10,25.0,1
1595,5.0,5.0,6.0,3.0,2.0,6.0,2.0,2.0,5.0,5.0,18.0,18.0,75.0,75.0,1.305e-10,1.263e-10,1.284e-10,25.0,1
1596,5.0,5.0,6.0,3.0,2.0,6.0,2.0,2.0,5.0,5.0,20.0,20.0,67.0,67.0,1.304e-10,1.261e-10,1.283e-10,25.0,1
1597,5.0,5.0,6.0,3.0,2.0,6.0,2.0,2.0,5.0,5.0,20.0,20.0,69.0,69.0,1.304e-10,1.261e-10,1.283e-10,25.0,1
1598,5.0,5.0,6.0,3.0,2.0,6.0,2.0,2.0,5.0,5.0,20.0,20.0,71.0,71.0,1.305e-10,1.262e-10,1.283e-10,25.0,1
1599,5.0,5.0,6.0,3.0,2.0,6.0,2.0,2.0,5.0,5.0,20.0,20.0,73.0,73.0,1.305e-10,1.262e-10,1.284e-10,25.0,1
1600,5.0,5.0,6.0,3.0,2.0,6.0,2.0,2.0,5.0,5.0,20.0,20.0,75.0,75.0,1.305e-10,1.263e-10,1.284e-10,25.0,1
1601,5.0,5.0,6.0,3.0,2.0,6.0,2.0,2.0,5.0,5.0,22.0,22.0,67.0,67.0,1.306e-10,1.262e-10,1.284e-10,25.0,1
1602,5.0,5.0,6.0,3.0,2.0,6.0,2.0,2.0,5.0,5.0,22.0,22.0,69.0,69.0,1.306e-10,1.262e-10,1.284e-10,25.0,1
1603,5.0,5.0,6.0,3.0,2.0,6.0,2.0,2.0,5.0,5.0,22.0,22.0,71.0,71.0,1.306e-10,1.262e-10,1.284e-10,25.0,1
1604,5.0,5.0,6.0,3.0,2.0,6.0,2.0,2.0,5.0,5.0,22.0,22.0,73.0,73.0,1.306e-10,1.263e-10,1.284e-10,25.0,1
1605,5.0,5.0,6.0,3.0,2.0,6.0,2.0,2.0,5.0,5.0,22.0,22.0,75.0,75.0,1.306e-10,1.263e-10,1.285e-10,25.0,1
1606,5.0,5.0,6.0,3.0,2.0,6.0,2.0,2.0,6.0,6.0,18.0,18.0,67.0,67.0,1.302e-10,1.26e-10,1.281e-10,25.0,1
1607,5.0,5.0,6.0,3.0,2.0,6.0,2.0,2.0,6.0,6.0,18.0,18.0,69.0,69.0,1.302e-10,1.261e-10,1.282e-10,25.0,1
1608,5.0,5.0,6.0,3.0,2.0,6.0,2.0,2.0,6.0,6.0,18.0,18.0,71.0,71.0,1.302e-10,1.261e-10,1.282e-10,25.0,1
1609,5.0,5.0,6.0,3.0,2.0,6.0,2.0,2.0,6.0,6.0,18.0,18.0,73.0,73.0,1.303e-10,1.262e-10,1.282e-10,25.0,1
1610,5.0,5.0,6.0,3.0,2.0,6.0,2.0,2.0,6.0,6.0,18.0,18.0,75.0,75.0,1.303e-10,1.263e-10,1.283e-10,25.0,1
1611,5.0,5.0,6.0,3.0,2.0,6.0,2.0,2.0,6.0,6.0,20.0,20.0,67.0,67.0,1.302e-10,1.26e-10,1.281e-10,25.0,1
1612,5.0,5.0,6.0,3.0,2.0,6.0,2.0,2.0,6.0,6.0,20.0,20.0,69.0,69.0,1.302e-10,1.26e-10,1.281e-10,25.0,1
1613,5.0,5.0,6.0,3.0,2.0,6.0,2.0,2.0,6.0,6.0,20.0,20.0,71.0,71.0,1.302e-10,1.26e-10,1.281e-10,25.0,1
1614,5.0,5.0,6.0,3.0,2.0,6.0,2.0,2.0,6.0,6.0,20.0,20.0,73.0,73.0,1.303e-10,1.261e-10,1.282e-10,25.0,1
1615,5.0,5.0,6.0,3.0,2.0,6.0,2.0,2.0,6.0,6.0,20.0,20.0,75.0,75.0,1.303e-10,1.261e-10,1.282e-10,25.0,1
1616,5.0,5.0,6.0,3.0,2.0,6.0,2.0,2.0,6.0,6.0,22.0,22.0,67.0,67.0,1.303e-10,1.26e-10,1.281e-10,25.0,1
1617,5.0,5.0,6.0,3.0,2.0,6.0,2.0,2.0,6.0,6.0,22.0,22.0,69.0,69.0,1.303e-10,1.26e-10,1.281e-10,25.0,1
1618,5.0,5.0,6.0,3.0,2.0,6.0,2.0,2.0,6.0,6.0,22.0,22.0,71.0,71.0,1.303e-10,1.26e-10,1.282e-10,25.0,1
1619,5.0,5.0,6.0,3.0,2.0,6.0,2.0,2.0,6.0,6.0,22.0,22.0,73.0,73.0,1.303e-10,1.261e-10,1.282e-10,25.0,1
1620,5.0,5.0,6.0,3.0,2.0,6.0,2.0,2.0,6.0,6.0,22.0,22.0,75.0,75.0,1.303e-10,1.261e-10,1.282e-10,25.0,1
